currency,valid_from,eur_exchange_rate,rate_source,notes
EUR,1900-01-01,1.0,base_currency,Base reporting currency
BGN,1900-01-01,0.5112918811962185,fixed_peg,Fixed at 1 EUR = 1.95583 BGN
CAD,2024-01-02,0.6865774116031583,ecb_daily,ECB reference rate: 1 EUR = 1.4565 CAD
CAD,2024-01-03,0.6861534239055853,ecb_daily,ECB reference rate: 1 EUR = 1.4574 CAD
CAD,2024-01-04,0.6847907964116963,ecb_daily,ECB reference rate: 1 EUR = 1.4603 CAD
CAD,2024-01-05,0.684931506849315,ecb_daily,ECB reference rate: 1 EUR = 1.46 CAD
CAD,2024-01-08,0.6825472663981981,ecb_daily,ECB reference rate: 1 EUR = 1.4651 CAD
CAD,2024-01-09,0.6843221788818176,ecb_daily,ECB reference rate: 1 EUR = 1.4613 CAD
CAD,2024-01-10,0.682640453273261,ecb_daily,ECB reference rate: 1 EUR = 1.4649 CAD
CAD,2024-01-11,0.6813381481229134,ecb_daily,ECB reference rate: 1 EUR = 1.4677 CAD
CAD,2024-01-12,0.6833401667350006,ecb_daily,ECB reference rate: 1 EUR = 1.4634 CAD
CAD,2024-01-15,0.6805035726437564,ecb_daily,ECB reference rate: 1 EUR = 1.4695 CAD
CAD,2024-01-16,0.682081713389264,ecb_daily,ECB reference rate: 1 EUR = 1.4661 CAD
CAD,2024-01-17,0.6802258349772125,ecb_daily,ECB reference rate: 1 EUR = 1.4701 CAD
CAD,2024-01-18,0.6811525100469995,ecb_daily,ECB reference rate: 1 EUR = 1.4681 CAD
CAD,2024-01-19,0.6823144104803494,ecb_daily,ECB reference rate: 1 EUR = 1.4656 CAD
CAD,2024-01-22,0.6839945280437757,ecb_daily,ECB reference rate: 1 EUR = 1.462 CAD
CAD,2024-01-23,0.6826870562534134,ecb_daily,ECB reference rate: 1 EUR = 1.4648 CAD
CAD,2024-01-24,0.6817097279978185,ecb_daily,ECB reference rate: 1 EUR = 1.4669 CAD
CAD,2024-01-25,0.6796248470844094,ecb_daily,ECB reference rate: 1 EUR = 1.4714 CAD
CAD,2024-01-26,0.684603272403642,ecb_daily,ECB reference rate: 1 EUR = 1.4607 CAD
CAD,2024-01-29,0.6876633200385092,ecb_daily,ECB reference rate: 1 EUR = 1.4542 CAD
CAD,2024-01-30,0.6866245536940402,ecb_daily,ECB reference rate: 1 EUR = 1.4564 CAD
CAD,2024-01-31,0.6869075422448139,ecb_daily,ECB reference rate: 1 EUR = 1.4558 CAD
CAD,2024-02-01,0.6875687568756876,ecb_daily,ECB reference rate: 1 EUR = 1.4544 CAD
CAD,2024-02-02,0.6870019236053861,ecb_daily,ECB reference rate: 1 EUR = 1.4556 CAD
CAD,2024-02-05,0.6893223960846487,ecb_daily,ECB reference rate: 1 EUR = 1.4507 CAD
CAD,2024-02-06,0.6884207627702053,ecb_daily,ECB reference rate: 1 EUR = 1.4526 CAD
CAD,2024-02-07,0.6896076132680505,ecb_daily,ECB reference rate: 1 EUR = 1.4501 CAD
CAD,2024-02-08,0.6894174422612892,ecb_daily,ECB reference rate: 1 EUR = 1.4505 CAD
CAD,2024-02-09,0.6903216899074969,ecb_daily,ECB reference rate: 1 EUR = 1.4486 CAD
CAD,2024-02-12,0.689464975179261,ecb_daily,ECB reference rate: 1 EUR = 1.4504 CAD
CAD,2024-02-13,0.6891323823306457,ecb_daily,ECB reference rate: 1 EUR = 1.4511 CAD
CAD,2024-02-14,0.6892273761113791,ecb_daily,ECB reference rate: 1 EUR = 1.4509 CAD
CAD,2024-02-15,0.6874269608854059,ecb_daily,ECB reference rate: 1 EUR = 1.4547 CAD
CAD,2024-02-16,0.6888001102080177,ecb_daily,ECB reference rate: 1 EUR = 1.4518 CAD
CAD,2024-02-19,0.6886103842445944,ecb_daily,ECB reference rate: 1 EUR = 1.4522 CAD
CAD,2024-02-20,0.6867188572998215,ecb_daily,ECB reference rate: 1 EUR = 1.4562 CAD
CAD,2024-02-21,0.6840881105486387,ecb_daily,ECB reference rate: 1 EUR = 1.4618 CAD
CAD,2024-02-22,0.6840881105486387,ecb_daily,ECB reference rate: 1 EUR = 1.4618 CAD
CAD,2024-02-23,0.6855419208884623,ecb_daily,ECB reference rate: 1 EUR = 1.4587 CAD
CAD,2024-02-26,0.6814774430966335,ecb_daily,ECB reference rate: 1 EUR = 1.4674 CAD
CAD,2024-02-27,0.68259385665529,ecb_daily,ECB reference rate: 1 EUR = 1.465 CAD
CAD,2024-02-28,0.680781537204711,ecb_daily,ECB reference rate: 1 EUR = 1.4689 CAD
CAD,2024-02-29,0.6793939805693322,ecb_daily,ECB reference rate: 1 EUR = 1.4719 CAD
CAD,2024-03-01,0.6812453164384495,ecb_daily,ECB reference rate: 1 EUR = 1.4679 CAD
CAD,2024-03-04,0.6793939805693322,ecb_daily,ECB reference rate: 1 EUR = 1.4719 CAD
CAD,2024-03-05,0.6781040211568455,ecb_daily,ECB reference rate: 1 EUR = 1.4747 CAD
CAD,2024-03-06,0.6770480704129993,ecb_daily,ECB reference rate: 1 EUR = 1.477 CAD
CAD,2024-03-07,0.6800408024481469,ecb_daily,ECB reference rate: 1 EUR = 1.4705 CAD
CAD,2024-03-08,0.6802258349772125,ecb_daily,ECB reference rate: 1 EUR = 1.4701 CAD
CAD,2024-03-11,0.6778282383244085,ecb_daily,ECB reference rate: 1 EUR = 1.4753 CAD
CAD,2024-03-12,0.678472080873872,ecb_daily,ECB reference rate: 1 EUR = 1.4739 CAD
CAD,2024-03-13,0.6776904310111141,ecb_daily,ECB reference rate: 1 EUR = 1.4756 CAD
CAD,2024-03-14,0.6791171477079797,ecb_daily,ECB reference rate: 1 EUR = 1.4725 CAD
CAD,2024-03-15,0.6788405403570701,ecb_daily,ECB reference rate: 1 EUR = 1.4731 CAD
CAD,2024-03-18,0.678195998643608,ecb_daily,ECB reference rate: 1 EUR = 1.4745 CAD
CAD,2024-03-19,0.677185616577504,ecb_daily,ECB reference rate: 1 EUR = 1.4767 CAD
CAD,2024-03-20,0.6786102062975027,ecb_daily,ECB reference rate: 1 EUR = 1.4736 CAD
CAD,2024-03-21,0.6786102062975027,ecb_daily,ECB reference rate: 1 EUR = 1.4736 CAD
CAD,2024-03-22,0.6808278867102396,ecb_daily,ECB reference rate: 1 EUR = 1.4688 CAD
CAD,2024-03-25,0.6792555359326179,ecb_daily,ECB reference rate: 1 EUR = 1.4722 CAD
CAD,2024-03-26,0.6794401413235494,ecb_daily,ECB reference rate: 1 EUR = 1.4718 CAD
CAD,2024-03-27,0.6797172376291463,ecb_daily,ECB reference rate: 1 EUR = 1.4712 CAD
CAD,2024-03-28,0.6815703380588877,ecb_daily,ECB reference rate: 1 EUR = 1.4672 CAD
CAD,2024-04-02,0.6860122110173561,ecb_daily,ECB reference rate: 1 EUR = 1.4577 CAD
CAD,2024-04-03,0.6837139340899768,ecb_daily,ECB reference rate: 1 EUR = 1.4626 CAD
CAD,2024-04-04,0.6825006825006825,ecb_daily,ECB reference rate: 1 EUR = 1.4652 CAD
CAD,2024-04-05,0.6801795674057951,ecb_daily,ECB reference rate: 1 EUR = 1.4702 CAD
CAD,2024-04-08,0.6795786612300374,ecb_daily,ECB reference rate: 1 EUR = 1.4715 CAD
CAD,2024-04-09,0.6780120686148213,ecb_daily,ECB reference rate: 1 EUR = 1.4749 CAD
CAD,2024-04-10,0.6789788158609451,ecb_daily,ECB reference rate: 1 EUR = 1.4728 CAD
CAD,2024-04-11,0.6808278867102396,ecb_daily,ECB reference rate: 1 EUR = 1.4688 CAD
CAD,2024-04-12,0.6829201666325206,ecb_daily,ECB reference rate: 1 EUR = 1.4643 CAD
CAD,2024-04-15,0.6828269033799932,ecb_daily,ECB reference rate: 1 EUR = 1.4645 CAD
CAD,2024-04-16,0.6817562039814562,ecb_daily,ECB reference rate: 1 EUR = 1.4668 CAD
CAD,2024-04-17,0.6806888571234089,ecb_daily,ECB reference rate: 1 EUR = 1.4691 CAD
CAD,2024-04-18,0.6808742425274052,ecb_daily,ECB reference rate: 1 EUR = 1.4687 CAD
CAD,2024-04-19,0.6818491749624983,ecb_daily,ECB reference rate: 1 EUR = 1.4666 CAD
CAD,2024-04-22,0.6853070175438596,ecb_daily,ECB reference rate: 1 EUR = 1.4592 CAD
CAD,2024-04-23,0.6838542022840731,ecb_daily,ECB reference rate: 1 EUR = 1.4623 CAD
CAD,2024-04-24,0.6836204539239814,ecb_daily,ECB reference rate: 1 EUR = 1.4628 CAD
CAD,2024-04-25,0.6821747731768879,ecb_daily,ECB reference rate: 1 EUR = 1.4659 CAD
CAD,2024-04-26,0.683433570256971,ecb_daily,ECB reference rate: 1 EUR = 1.4632 CAD
CAD,2024-04-29,0.683293474547318,ecb_daily,ECB reference rate: 1 EUR = 1.4635 CAD
CAD,2024-04-30,0.6815703380588877,ecb_daily,ECB reference rate: 1 EUR = 1.4672 CAD
CAD,2024-05-02,0.6812917291184085,ecb_daily,ECB reference rate: 1 EUR = 1.4678 CAD
CAD,2024-05-03,0.6811061163329247,ecb_daily,ECB reference rate: 1 EUR = 1.4682 CAD
CAD,2024-05-06,0.6788405403570701,ecb_daily,ECB reference rate: 1 EUR = 1.4731 CAD
CAD,2024-05-07,0.678886625933469,ecb_daily,ECB reference rate: 1 EUR = 1.473 CAD
CAD,2024-05-08,0.6764069264069265,ecb_daily,ECB reference rate: 1 EUR = 1.4784 CAD
CAD,2024-05-09,0.6789788158609451,ecb_daily,ECB reference rate: 1 EUR = 1.4728 CAD
CAD,2024-05-10,0.6781040211568455,ecb_daily,ECB reference rate: 1 EUR = 1.4747 CAD
CAD,2024-05-13,0.6776445076912652,ecb_daily,ECB reference rate: 1 EUR = 1.4757 CAD
CAD,2024-05-14,0.6778282383244085,ecb_daily,ECB reference rate: 1 EUR = 1.4753 CAD
CAD,2024-05-15,0.67736909842173,ecb_daily,ECB reference rate: 1 EUR = 1.4763 CAD
CAD,2024-05-16,0.6752194463200539,ecb_daily,ECB reference rate: 1 EUR = 1.481 CAD
CAD,2024-05-17,0.6764069264069265,ecb_daily,ECB reference rate: 1 EUR = 1.4784 CAD
CAD,2024-05-20,0.6757669955399378,ecb_daily,ECB reference rate: 1 EUR = 1.4798 CAD
CAD,2024-05-21,0.675812664729337,ecb_daily,ECB reference rate: 1 EUR = 1.4797 CAD
CAD,2024-05-22,0.6752194463200539,ecb_daily,ECB reference rate: 1 EUR = 1.481 CAD
CAD,2024-05-23,0.674217907227616,ecb_daily,ECB reference rate: 1 EUR = 1.4832 CAD
CAD,2024-05-24,0.6727211570803903,ecb_daily,ECB reference rate: 1 EUR = 1.4865 CAD
CAD,2024-05-27,0.6750826976304597,ecb_daily,ECB reference rate: 1 EUR = 1.4813 CAD
CAD,2024-05-28,0.6747638326585695,ecb_daily,ECB reference rate: 1 EUR = 1.482 CAD
CAD,2024-05-29,0.6739452756436177,ecb_daily,ECB reference rate: 1 EUR = 1.4838 CAD
CAD,2024-05-30,0.6743997841920691,ecb_daily,ECB reference rate: 1 EUR = 1.4828 CAD
CAD,2024-05-31,0.6754931099702783,ecb_daily,ECB reference rate: 1 EUR = 1.4804 CAD
CAD,2024-06-03,0.6764069264069265,ecb_daily,ECB reference rate: 1 EUR = 1.4784 CAD
CAD,2024-06-04,0.6729475100942126,ecb_daily,ECB reference rate: 1 EUR = 1.486 CAD
CAD,2024-06-05,0.6726306585054147,ecb_daily,ECB reference rate: 1 EUR = 1.4867 CAD
CAD,2024-06-06,0.6720881779689495,ecb_daily,ECB reference rate: 1 EUR = 1.4879 CAD
CAD,2024-06-07,0.6710508656556167,ecb_daily,ECB reference rate: 1 EUR = 1.4902 CAD
CAD,2024-06-10,0.6756300249983109,ecb_daily,ECB reference rate: 1 EUR = 1.4801 CAD
CAD,2024-06-11,0.676544212164265,ecb_daily,ECB reference rate: 1 EUR = 1.4781 CAD
CAD,2024-06-12,0.6759040216289287,ecb_daily,ECB reference rate: 1 EUR = 1.4795 CAD
CAD,2024-06-13,0.6746272684341902,ecb_daily,ECB reference rate: 1 EUR = 1.4823 CAD
CAD,2024-06-14,0.6800870511425463,ecb_daily,ECB reference rate: 1 EUR = 1.4704 CAD
CAD,2024-06-17,0.6790710308298249,ecb_daily,ECB reference rate: 1 EUR = 1.4726 CAD
CAD,2024-06-18,0.6788405403570701,ecb_daily,ECB reference rate: 1 EUR = 1.4731 CAD
CAD,2024-06-19,0.6785641582411617,ecb_daily,ECB reference rate: 1 EUR = 1.4737 CAD
CAD,2024-06-20,0.6804572672836146,ecb_daily,ECB reference rate: 1 EUR = 1.4696 CAD
CAD,2024-06-21,0.683433570256971,ecb_daily,ECB reference rate: 1 EUR = 1.4632 CAD
CAD,2024-06-24,0.6811061163329247,ecb_daily,ECB reference rate: 1 EUR = 1.4682 CAD
CAD,2024-06-25,0.68259385665529,ecb_daily,ECB reference rate: 1 EUR = 1.465 CAD
CAD,2024-06-26,0.6836204539239814,ecb_daily,ECB reference rate: 1 EUR = 1.4628 CAD
CAD,2024-06-27,0.6827336655970506,ecb_daily,ECB reference rate: 1 EUR = 1.4647 CAD
CAD,2024-06-28,0.6816632583503749,ecb_daily,ECB reference rate: 1 EUR = 1.467 CAD
CAD,2024-07-01,0.6797634423220719,ecb_daily,ECB reference rate: 1 EUR = 1.4711 CAD
CAD,2024-07-02,0.679024920214572,ecb_daily,ECB reference rate: 1 EUR = 1.4727 CAD
CAD,2024-07-03,0.6801333061280012,ecb_daily,ECB reference rate: 1 EUR = 1.4703 CAD
CAD,2024-07-04,0.6800408024481469,ecb_daily,ECB reference rate: 1 EUR = 1.4705 CAD
CAD,2024-07-05,0.6786102062975027,ecb_daily,ECB reference rate: 1 EUR = 1.4736 CAD
CAD,2024-07-08,0.6769564040075818,ecb_daily,ECB reference rate: 1 EUR = 1.4772 CAD
CAD,2024-07-09,0.6778741865509761,ecb_daily,ECB reference rate: 1 EUR = 1.4752 CAD
CAD,2024-07-10,0.6775985905949315,ecb_daily,ECB reference rate: 1 EUR = 1.4758 CAD
CAD,2024-07-11,0.6758583400919167,ecb_daily,ECB reference rate: 1 EUR = 1.4796 CAD
CAD,2024-07-12,0.6741270055278414,ecb_daily,ECB reference rate: 1 EUR = 1.4834 CAD
CAD,2024-07-15,0.6720881779689495,ecb_daily,ECB reference rate: 1 EUR = 1.4879 CAD
CAD,2024-07-16,0.6706458319361545,ecb_daily,ECB reference rate: 1 EUR = 1.4911 CAD
CAD,2024-07-17,0.6689410662920597,ecb_daily,ECB reference rate: 1 EUR = 1.4949 CAD
CAD,2024-07-18,0.6687621213134488,ecb_daily,ECB reference rate: 1 EUR = 1.4953 CAD
CAD,2024-07-19,0.6694336591243808,ecb_daily,ECB reference rate: 1 EUR = 1.4938 CAD
CAD,2024-07-22,0.6679580522343196,ecb_daily,ECB reference rate: 1 EUR = 1.4971 CAD
CAD,2024-07-23,0.6691648822269808,ecb_daily,ECB reference rate: 1 EUR = 1.4944 CAD
CAD,2024-07-24,0.6687621213134488,ecb_daily,ECB reference rate: 1 EUR = 1.4953 CAD
CAD,2024-07-25,0.6657789613848203,ecb_daily,ECB reference rate: 1 EUR = 1.502 CAD
CAD,2024-07-26,0.6662669065227531,ecb_daily,ECB reference rate: 1 EUR = 1.5009 CAD
CAD,2024-07-29,0.6677350427350427,ecb_daily,ECB reference rate: 1 EUR = 1.4976 CAD
CAD,2024-07-30,0.6668444918644971,ecb_daily,ECB reference rate: 1 EUR = 1.4996 CAD
CAD,2024-07-31,0.6676904587033451,ecb_daily,ECB reference rate: 1 EUR = 1.4977 CAD
CAD,2024-08-01,0.6706008583690987,ecb_daily,ECB reference rate: 1 EUR = 1.4912 CAD
CAD,2024-08-02,0.6651147322913202,ecb_daily,ECB reference rate: 1 EUR = 1.5035 CAD
CAD,2024-08-05,0.6584145377929945,ecb_daily,ECB reference rate: 1 EUR = 1.5188 CAD
CAD,2024-08-06,0.6623832549513148,ecb_daily,ECB reference rate: 1 EUR = 1.5097 CAD
CAD,2024-08-07,0.6662225183211193,ecb_daily,ECB reference rate: 1 EUR = 1.501 CAD
CAD,2024-08-08,0.6657346381732242,ecb_daily,ECB reference rate: 1 EUR = 1.5021 CAD
CAD,2024-08-09,0.6663557006730193,ecb_daily,ECB reference rate: 1 EUR = 1.5007 CAD
CAD,2024-08-12,0.6667555674089879,ecb_daily,ECB reference rate: 1 EUR = 1.4998 CAD
CAD,2024-08-13,0.6660450246436659,ecb_daily,ECB reference rate: 1 EUR = 1.5014 CAD
CAD,2024-08-14,0.6615944426066821,ecb_daily,ECB reference rate: 1 EUR = 1.5115 CAD
CAD,2024-08-15,0.6626905235255136,ecb_daily,ECB reference rate: 1 EUR = 1.509 CAD
CAD,2024-08-16,0.6624710168930109,ecb_daily,ECB reference rate: 1 EUR = 1.5095 CAD
CAD,2024-08-19,0.6623393826996953,ecb_daily,ECB reference rate: 1 EUR = 1.5098 CAD
CAD,2024-08-20,0.6629101756711966,ecb_daily,ECB reference rate: 1 EUR = 1.5085 CAD
CAD,2024-08-21,0.6615069127472382,ecb_daily,ECB reference rate: 1 EUR = 1.5117 CAD
CAD,2024-08-22,0.6609385327164574,ecb_daily,ECB reference rate: 1 EUR = 1.513 CAD
CAD,2024-08-23,0.6619886137958427,ecb_daily,ECB reference rate: 1 EUR = 1.5106 CAD
CAD,2024-08-26,0.6633059166887768,ecb_daily,ECB reference rate: 1 EUR = 1.5076 CAD
CAD,2024-08-27,0.6648494116082707,ecb_daily,ECB reference rate: 1 EUR = 1.5041 CAD
CAD,2024-08-28,0.6674676278200508,ecb_daily,ECB reference rate: 1 EUR = 1.4982 CAD
CAD,2024-08-29,0.6699269779594025,ecb_daily,ECB reference rate: 1 EUR = 1.4927 CAD
CAD,2024-08-30,0.6692992436918547,ecb_daily,ECB reference rate: 1 EUR = 1.4941 CAD
CAD,2024-09-02,0.669702652022502,ecb_daily,ECB reference rate: 1 EUR = 1.4932 CAD
CAD,2024-09-03,0.668851581833991,ecb_daily,ECB reference rate: 1 EUR = 1.4951 CAD
CAD,2024-09-04,0.6675567423230975,ecb_daily,ECB reference rate: 1 EUR = 1.498 CAD
CAD,2024-09-05,0.6668444918644971,ecb_daily,ECB reference rate: 1 EUR = 1.4996 CAD
CAD,2024-09-06,0.6673785371062467,ecb_daily,ECB reference rate: 1 EUR = 1.4984 CAD
CAD,2024-09-09,0.6676013084985647,ecb_daily,ECB reference rate: 1 EUR = 1.4979 CAD
CAD,2024-09-10,0.6678688305616777,ecb_daily,ECB reference rate: 1 EUR = 1.4973 CAD
CAD,2024-09-11,0.666800026672001,ecb_daily,ECB reference rate: 1 EUR = 1.4997 CAD
CAD,2024-09-12,0.6682705159048383,ecb_daily,ECB reference rate: 1 EUR = 1.4964 CAD
CAD,2024-09-13,0.6639665360865813,ecb_daily,ECB reference rate: 1 EUR = 1.5061 CAD
CAD,2024-09-16,0.6618571712224502,ecb_daily,ECB reference rate: 1 EUR = 1.5109 CAD
CAD,2024-09-17,0.6607638430025109,ecb_daily,ECB reference rate: 1 EUR = 1.5134 CAD
CAD,2024-09-18,0.6615069127472382,ecb_daily,ECB reference rate: 1 EUR = 1.5117 CAD
CAD,2024-09-19,0.6618133686300464,ecb_daily,ECB reference rate: 1 EUR = 1.511 CAD
CAD,2024-09-20,0.6601531555320834,ecb_daily,ECB reference rate: 1 EUR = 1.5148 CAD
CAD,2024-09-23,0.6637902422834384,ecb_daily,ECB reference rate: 1 EUR = 1.5065 CAD
CAD,2024-09-24,0.6652032195835827,ecb_daily,ECB reference rate: 1 EUR = 1.5033 CAD
CAD,2024-09-25,0.6647168306301515,ecb_daily,ECB reference rate: 1 EUR = 1.5044 CAD
CAD,2024-09-26,0.6655574043261232,ecb_daily,ECB reference rate: 1 EUR = 1.5025 CAD
CAD,2024-09-27,0.6650704974727321,ecb_daily,ECB reference rate: 1 EUR = 1.5036 CAD
CAD,2024-09-30,0.6608075067732769,ecb_daily,ECB reference rate: 1 EUR = 1.5133 CAD
CAD,2024-10-01,0.6672894701721607,ecb_daily,ECB reference rate: 1 EUR = 1.4986 CAD
CAD,2024-10-02,0.669702652022502,ecb_daily,ECB reference rate: 1 EUR = 1.4932 CAD
CAD,2024-10-03,0.6691201070592172,ecb_daily,ECB reference rate: 1 EUR = 1.4945 CAD
CAD,2024-10-04,0.6688068485821295,ecb_daily,ECB reference rate: 1 EUR = 1.4952 CAD
CAD,2024-10-07,0.670510929328148,ecb_daily,ECB reference rate: 1 EUR = 1.4914 CAD
CAD,2024-10-08,0.6675121820973233,ecb_daily,ECB reference rate: 1 EUR = 1.4981 CAD
CAD,2024-10-09,0.6673340006673341,ecb_daily,ECB reference rate: 1 EUR = 1.4985 CAD
CAD,2024-10-10,0.6652917304237908,ecb_daily,ECB reference rate: 1 EUR = 1.5031 CAD
CAD,2024-10-11,0.6638783774812455,ecb_daily,ECB reference rate: 1 EUR = 1.5063 CAD
CAD,2024-10-14,0.6645843025187745,ecb_daily,ECB reference rate: 1 EUR = 1.5047 CAD
CAD,2024-10-15,0.6638783774812455,ecb_daily,ECB reference rate: 1 EUR = 1.5063 CAD
CAD,2024-10-16,0.6660893891960301,ecb_daily,ECB reference rate: 1 EUR = 1.5013 CAD
CAD,2024-10-17,0.667779632721202,ecb_daily,ECB reference rate: 1 EUR = 1.4975 CAD
CAD,2024-10-18,0.6684491978609626,ecb_daily,ECB reference rate: 1 EUR = 1.496 CAD
CAD,2024-10-21,0.6667555674089879,ecb_daily,ECB reference rate: 1 EUR = 1.4998 CAD
CAD,2024-10-22,0.6682705159048383,ecb_daily,ECB reference rate: 1 EUR = 1.4964 CAD
CAD,2024-10-23,0.6711409395973155,ecb_daily,ECB reference rate: 1 EUR = 1.49 CAD
CAD,2024-10-24,0.6701514542286557,ecb_daily,ECB reference rate: 1 EUR = 1.4922 CAD
CAD,2024-10-25,0.6671559143371807,ecb_daily,ECB reference rate: 1 EUR = 1.4989 CAD
CAD,2024-10-28,0.6653359946773121,ecb_daily,ECB reference rate: 1 EUR = 1.503 CAD
CAD,2024-10-29,0.6675121820973233,ecb_daily,ECB reference rate: 1 EUR = 1.4981 CAD
CAD,2024-10-30,0.6634819532908705,ecb_daily,ECB reference rate: 1 EUR = 1.5072 CAD
CAD,2024-10-31,0.6607638430025109,ecb_daily,ECB reference rate: 1 EUR = 1.5134 CAD
CAD,2024-11-01,0.6603275224511358,ecb_daily,ECB reference rate: 1 EUR = 1.5144 CAD
CAD,2024-11-04,0.6598482349059716,ecb_daily,ECB reference rate: 1 EUR = 1.5155 CAD
CAD,2024-11-05,0.6610259122157589,ecb_daily,ECB reference rate: 1 EUR = 1.5128 CAD
CAD,2024-11-06,0.6714563889075404,ecb_daily,ECB reference rate: 1 EUR = 1.4893 CAD
CAD,2024-11-07,0.6684491978609626,ecb_daily,ECB reference rate: 1 EUR = 1.496 CAD
CAD,2024-11-08,0.6674230794900888,ecb_daily,ECB reference rate: 1 EUR = 1.4983 CAD
CAD,2024-11-11,0.6734913793103449,ecb_daily,ECB reference rate: 1 EUR = 1.4848 CAD
CAD,2024-11-12,0.6757213325224677,ecb_daily,ECB reference rate: 1 EUR = 1.4799 CAD
CAD,2024-11-13,0.6738544474393531,ecb_daily,ECB reference rate: 1 EUR = 1.484 CAD
CAD,2024-11-14,0.6775526797208483,ecb_daily,ECB reference rate: 1 EUR = 1.4759 CAD
CAD,2024-11-15,0.6729022273063724,ecb_daily,ECB reference rate: 1 EUR = 1.4861 CAD
CAD,2024-11-18,0.6723593088146305,ecb_daily,ECB reference rate: 1 EUR = 1.4873 CAD
CAD,2024-11-19,0.6741724533135576,ecb_daily,ECB reference rate: 1 EUR = 1.4833 CAD
CAD,2024-11-20,0.677185616577504,ecb_daily,ECB reference rate: 1 EUR = 1.4767 CAD
CAD,2024-11-21,0.6802721088435374,ecb_daily,ECB reference rate: 1 EUR = 1.47 CAD
CAD,2024-11-22,0.686766018817389,ecb_daily,ECB reference rate: 1 EUR = 1.4561 CAD
CAD,2024-11-25,0.6826870562534134,ecb_daily,ECB reference rate: 1 EUR = 1.4648 CAD
CAD,2024-11-26,0.6741724533135576,ecb_daily,ECB reference rate: 1 EUR = 1.4833 CAD
CAD,2024-11-27,0.6753562504220977,ecb_daily,ECB reference rate: 1 EUR = 1.4807 CAD
CAD,2024-11-28,0.6770480704129993,ecb_daily,ECB reference rate: 1 EUR = 1.477 CAD
CAD,2024-11-29,0.6758583400919167,ecb_daily,ECB reference rate: 1 EUR = 1.4796 CAD
CAD,2024-12-02,0.6780580417683754,ecb_daily,ECB reference rate: 1 EUR = 1.4748 CAD
CAD,2024-12-03,0.6778282383244085,ecb_daily,ECB reference rate: 1 EUR = 1.4753 CAD
CAD,2024-12-04,0.6777363605557438,ecb_daily,ECB reference rate: 1 EUR = 1.4755 CAD
CAD,2024-12-05,0.6752650415288,ecb_daily,ECB reference rate: 1 EUR = 1.4809 CAD
CAD,2024-12-06,0.671952694530305,ecb_daily,ECB reference rate: 1 EUR = 1.4882 CAD
CAD,2024-12-09,0.6702862122126148,ecb_daily,ECB reference rate: 1 EUR = 1.4919 CAD
CAD,2024-12-10,0.6707807888382077,ecb_daily,ECB reference rate: 1 EUR = 1.4908 CAD
CAD,2024-12-11,0.6709158000670916,ecb_daily,ECB reference rate: 1 EUR = 1.4905 CAD
CAD,2024-12-12,0.6727211570803903,ecb_daily,ECB reference rate: 1 EUR = 1.4865 CAD
CAD,2024-12-13,0.6687174000267486,ecb_daily,ECB reference rate: 1 EUR = 1.4954 CAD
CAD,2024-12-16,0.6684938832809679,ecb_daily,ECB reference rate: 1 EUR = 1.4959 CAD
CAD,2024-12-17,0.6668889629876625,ecb_daily,ECB reference rate: 1 EUR = 1.4995 CAD
CAD,2024-12-18,0.6656903208627347,ecb_daily,ECB reference rate: 1 EUR = 1.5022 CAD
CAD,2024-12-19,0.6697923643670461,ecb_daily,ECB reference rate: 1 EUR = 1.493 CAD
CAD,2024-12-20,0.6690753378830456,ecb_daily,ECB reference rate: 1 EUR = 1.4946 CAD
CAD,2024-12-23,0.6676458806249166,ecb_daily,ECB reference rate: 1 EUR = 1.4978 CAD
CAD,2024-12-24,0.6672004270082733,ecb_daily,ECB reference rate: 1 EUR = 1.4988 CAD
CAD,2024-12-27,0.6665777896280496,ecb_daily,ECB reference rate: 1 EUR = 1.5002 CAD
CAD,2024-12-30,0.6651147322913202,ecb_daily,ECB reference rate: 1 EUR = 1.5035 CAD
CAD,2024-12-31,0.668985817500669,ecb_daily,ECB reference rate: 1 EUR = 1.4948 CAD
CAD,2025-01-02,0.6718172657037286,ecb_daily,ECB reference rate: 1 EUR = 1.4885 CAD
CAD,2025-01-03,0.6737636437137852,ecb_daily,ECB reference rate: 1 EUR = 1.4842 CAD
CAD,2025-01-06,0.670510929328148,ecb_daily,ECB reference rate: 1 EUR = 1.4914 CAD
CAD,2025-01-07,0.6721333512568893,ecb_daily,ECB reference rate: 1 EUR = 1.4878 CAD
CAD,2025-01-08,0.6755387421468622,ecb_daily,ECB reference rate: 1 EUR = 1.4803 CAD
CAD,2025-01-09,0.6742633672712561,ecb_daily,ECB reference rate: 1 EUR = 1.4831 CAD
CAD,2025-01-10,0.6736274840013473,ecb_daily,ECB reference rate: 1 EUR = 1.4845 CAD
CAD,2025-01-13,0.6803183890060548,ecb_daily,ECB reference rate: 1 EUR = 1.4699 CAD
CAD,2025-01-14,0.6782419967444384,ecb_daily,ECB reference rate: 1 EUR = 1.4744 CAD
CAD,2025-01-15,0.6764069264069265,ecb_daily,ECB reference rate: 1 EUR = 1.4784 CAD
CAD,2025-01-16,0.676773145641581,ecb_daily,ECB reference rate: 1 EUR = 1.4776 CAD
CAD,2025-01-17,0.6727664155005383,ecb_daily,ECB reference rate: 1 EUR = 1.4864 CAD
CAD,2025-01-20,0.6700616456714018,ecb_daily,ECB reference rate: 1 EUR = 1.4924 CAD
CAD,2025-01-21,0.6683151774376797,ecb_daily,ECB reference rate: 1 EUR = 1.4963 CAD
CAD,2025-01-22,0.6679134384183809,ecb_daily,ECB reference rate: 1 EUR = 1.4972 CAD
CAD,2025-01-23,0.6673785371062467,ecb_daily,ECB reference rate: 1 EUR = 1.4984 CAD
CAD,2025-01-24,0.666000666000666,ecb_daily,ECB reference rate: 1 EUR = 1.5015 CAD
CAD,2025-01-27,0.6624271330153683,ecb_daily,ECB reference rate: 1 EUR = 1.5096 CAD
CAD,2025-01-28,0.6658232904987016,ecb_daily,ECB reference rate: 1 EUR = 1.5019 CAD
CAD,2025-01-29,0.6661781360335753,ecb_daily,ECB reference rate: 1 EUR = 1.5011 CAD
CAD,2025-01-30,0.666800026672001,ecb_daily,ECB reference rate: 1 EUR = 1.4997 CAD
CAD,2025-01-31,0.6651147322913202,ecb_daily,ECB reference rate: 1 EUR = 1.5035 CAD
CAD,2025-02-03,0.6644076805527871,ecb_daily,ECB reference rate: 1 EUR = 1.5051 CAD
CAD,2025-02-04,0.6714113065664026,ecb_daily,ECB reference rate: 1 EUR = 1.4894 CAD
CAD,2025-02-05,0.6722237160527024,ecb_daily,ECB reference rate: 1 EUR = 1.4876 CAD
CAD,2025-02-06,0.6727211570803903,ecb_daily,ECB reference rate: 1 EUR = 1.4865 CAD
CAD,2025-02-07,0.6719075455217363,ecb_daily,ECB reference rate: 1 EUR = 1.4883 CAD
CAD,2025-02-10,0.6757669955399378,ecb_daily,ECB reference rate: 1 EUR = 1.4798 CAD
CAD,2025-02-11,0.6761782405842179,ecb_daily,ECB reference rate: 1 EUR = 1.4789 CAD
CAD,2025-02-12,0.6743088334457181,ecb_daily,ECB reference rate: 1 EUR = 1.483 CAD
CAD,2025-02-13,0.6736728644570197,ecb_daily,ECB reference rate: 1 EUR = 1.4844 CAD
CAD,2025-02-14,0.6731287022078621,ecb_daily,ECB reference rate: 1 EUR = 1.4856 CAD
CAD,2025-02-17,0.6729022273063724,ecb_daily,ECB reference rate: 1 EUR = 1.4861 CAD
CAD,2025-02-18,0.6736728644570197,ecb_daily,ECB reference rate: 1 EUR = 1.4844 CAD
CAD,2025-02-19,0.6747183051076175,ecb_daily,ECB reference rate: 1 EUR = 1.4821 CAD
CAD,2025-02-20,0.6738090425173506,ecb_daily,ECB reference rate: 1 EUR = 1.4841 CAD
CAD,2025-02-21,0.6731287022078621,ecb_daily,ECB reference rate: 1 EUR = 1.4856 CAD
CAD,2025-02-24,0.6722237160527024,ecb_daily,ECB reference rate: 1 EUR = 1.4876 CAD
CAD,2025-02-25,0.6680472977486807,ecb_daily,ECB reference rate: 1 EUR = 1.4969 CAD
CAD,2025-02-26,0.6642752756742394,ecb_daily,ECB reference rate: 1 EUR = 1.5054 CAD
CAD,2025-02-27,0.6648936170212766,ecb_daily,ECB reference rate: 1 EUR = 1.504 CAD
CAD,2025-02-28,0.6658232904987016,ecb_daily,ECB reference rate: 1 EUR = 1.5019 CAD
CAD,2025-03-03,0.6620762711864407,ecb_daily,ECB reference rate: 1 EUR = 1.5104 CAD
CAD,2025-03-04,0.6568575932737782,ecb_daily,ECB reference rate: 1 EUR = 1.5224 CAD
CAD,2025-03-05,0.6494349915573451,ecb_daily,ECB reference rate: 1 EUR = 1.5398 CAD
CAD,2025-03-06,0.644786897930234,ecb_daily,ECB reference rate: 1 EUR = 1.5509 CAD
CAD,2025-03-07,0.6424257998201208,ecb_daily,ECB reference rate: 1 EUR = 1.5566 CAD
CAD,2025-03-10,0.6393044367727911,ecb_daily,ECB reference rate: 1 EUR = 1.5642 CAD
CAD,2025-03-11,0.6356874960269532,ecb_daily,ECB reference rate: 1 EUR = 1.5731 CAD
CAD,2025-03-12,0.6375924509053813,ecb_daily,ECB reference rate: 1 EUR = 1.5684 CAD
CAD,2025-03-13,0.641395676993137,ecb_daily,ECB reference rate: 1 EUR = 1.5591 CAD
CAD,2025-03-14,0.6373080109616979,ecb_daily,ECB reference rate: 1 EUR = 1.5691 CAD
CAD,2025-03-17,0.64,ecb_daily,ECB reference rate: 1 EUR = 1.5625 CAD
CAD,2025-03-18,0.6410667350471184,ecb_daily,ECB reference rate: 1 EUR = 1.5599 CAD
CAD,2025-03-19,0.6407791874919903,ecb_daily,ECB reference rate: 1 EUR = 1.5606 CAD
CAD,2025-03-20,0.6413545407901489,ecb_daily,ECB reference rate: 1 EUR = 1.5592 CAD
CAD,2025-03-21,0.6430454633142564,ecb_daily,ECB reference rate: 1 EUR = 1.5551 CAD
CAD,2025-03-24,0.6443298969072164,ecb_daily,ECB reference rate: 1 EUR = 1.552 CAD
CAD,2025-03-25,0.6468723720809884,ecb_daily,ECB reference rate: 1 EUR = 1.5459 CAD
CAD,2025-03-26,0.6498992656138298,ecb_daily,ECB reference rate: 1 EUR = 1.5387 CAD
CAD,2025-03-27,0.6482982171799028,ecb_daily,ECB reference rate: 1 EUR = 1.5425 CAD
CAD,2025-03-28,0.6475006475006475,ecb_daily,ECB reference rate: 1 EUR = 1.5444 CAD
CAD,2025-03-31,0.6437906392841048,ecb_daily,ECB reference rate: 1 EUR = 1.5533 CAD
CAD,2025-04-01,0.6439564685427265,ecb_daily,ECB reference rate: 1 EUR = 1.5529 CAD
CAD,2025-04-02,0.6460365656696169,ecb_daily,ECB reference rate: 1 EUR = 1.5479 CAD
CAD,2025-04-03,0.6395497569710923,ecb_daily,ECB reference rate: 1 EUR = 1.5636 CAD
CAD,2025-04-04,0.63710499490316,ecb_daily,ECB reference rate: 1 EUR = 1.5696 CAD
CAD,2025-04-07,0.6386919588682378,ecb_daily,ECB reference rate: 1 EUR = 1.5657 CAD
CAD,2025-04-08,0.6446621970087675,ecb_daily,ECB reference rate: 1 EUR = 1.5512 CAD
CAD,2025-04-09,0.6381213706847042,ecb_daily,ECB reference rate: 1 EUR = 1.5671 CAD
CAD,2025-04-10,0.6407381303261357,ecb_daily,ECB reference rate: 1 EUR = 1.5607 CAD
CAD,2025-04-11,0.6354855109303508,ecb_daily,ECB reference rate: 1 EUR = 1.5736 CAD
CAD,2025-04-14,0.6334726973267453,ecb_daily,ECB reference rate: 1 EUR = 1.5786 CAD
CAD,2025-04-15,0.6364967220418815,ecb_daily,ECB reference rate: 1 EUR = 1.5711 CAD
CAD,2025-04-16,0.6326311127981274,ecb_daily,ECB reference rate: 1 EUR = 1.5807 CAD
CAD,2025-04-17,0.6339948012426299,ecb_daily,ECB reference rate: 1 EUR = 1.5773 CAD
CAD,2025-04-22,0.6292870178088226,ecb_daily,ECB reference rate: 1 EUR = 1.5891 CAD
CAD,2025-04-23,0.6333523339033504,ecb_daily,ECB reference rate: 1 EUR = 1.5789 CAD
CAD,2025-04-24,0.6341556217895872,ecb_daily,ECB reference rate: 1 EUR = 1.5769 CAD
CAD,2025-04-25,0.6347594261774788,ecb_daily,ECB reference rate: 1 EUR = 1.5754 CAD
CAD,2025-04-28,0.6351626016260162,ecb_daily,ECB reference rate: 1 EUR = 1.5744 CAD
CAD,2025-04-29,0.6350819255683984,ecb_daily,ECB reference rate: 1 EUR = 1.5746 CAD
CAD,2025-04-30,0.6358087487283826,ecb_daily,ECB reference rate: 1 EUR = 1.5728 CAD
CAD,2025-05-02,0.6379585326953748,ecb_daily,ECB reference rate: 1 EUR = 1.5675 CAD
CAD,2025-05-05,0.6385696040868455,ecb_daily,ECB reference rate: 1 EUR = 1.566 CAD
CAD,2025-05-06,0.6398362019323054,ecb_daily,ECB reference rate: 1 EUR = 1.5629 CAD
CAD,2025-05-07,0.6380399413003255,ecb_daily,ECB reference rate: 1 EUR = 1.5673 CAD
CAD,2025-05-08,0.6371861858034918,ecb_daily,ECB reference rate: 1 EUR = 1.5694 CAD
CAD,2025-05-09,0.6386511687316387,ecb_daily,ECB reference rate: 1 EUR = 1.5658 CAD
CAD,2025-05-12,0.6438735432361085,ecb_daily,ECB reference rate: 1 EUR = 1.5531 CAD
CAD,2025-05-13,0.6430041152263375,ecb_daily,ECB reference rate: 1 EUR = 1.5552 CAD
CAD,2025-05-14,0.6397134083930399,ecb_daily,ECB reference rate: 1 EUR = 1.5632 CAD
CAD,2025-05-15,0.6391818472355385,ecb_daily,ECB reference rate: 1 EUR = 1.5645 CAD
CAD,2025-05-16,0.639386189258312,ecb_daily,ECB reference rate: 1 EUR = 1.564 CAD
CAD,2025-05-19,0.6366588145412874,ecb_daily,ECB reference rate: 1 EUR = 1.5707 CAD
CAD,2025-05-20,0.6376331059108589,ecb_daily,ECB reference rate: 1 EUR = 1.5683 CAD
CAD,2025-05-21,0.6360918516633802,ecb_daily,ECB reference rate: 1 EUR = 1.5721 CAD
CAD,2025-05-22,0.6377551020408163,ecb_daily,ECB reference rate: 1 EUR = 1.568 CAD
CAD,2025-05-23,0.6397952655150352,ecb_daily,ECB reference rate: 1 EUR = 1.563 CAD
CAD,2025-05-26,0.6404508774177021,ecb_daily,ECB reference rate: 1 EUR = 1.5614 CAD
CAD,2025-05-27,0.6393044367727911,ecb_daily,ECB reference rate: 1 EUR = 1.5642 CAD
CAD,2025-05-28,0.6390184676337146,ecb_daily,ECB reference rate: 1 EUR = 1.5649 CAD
CAD,2025-05-29,0.6412722842118764,ecb_daily,ECB reference rate: 1 EUR = 1.5594 CAD
CAD,2025-05-30,0.6387327542156361,ecb_daily,ECB reference rate: 1 EUR = 1.5656 CAD
CAD,2025-06-02,0.6392635683692386,ecb_daily,ECB reference rate: 1 EUR = 1.5643 CAD
CAD,2025-06-03,0.6392635683692386,ecb_daily,ECB reference rate: 1 EUR = 1.5643 CAD
CAD,2025-06-04,0.6409845522722902,ecb_daily,ECB reference rate: 1 EUR = 1.5601 CAD
CAD,2025-06-05,0.6409023905659168,ecb_daily,ECB reference rate: 1 EUR = 1.5603 CAD
CAD,2025-06-06,0.6397952655150352,ecb_daily,ECB reference rate: 1 EUR = 1.563 CAD
CAD,2025-06-09,0.6404098623118796,ecb_daily,ECB reference rate: 1 EUR = 1.5615 CAD
CAD,2025-06-10,0.6391001469930339,ecb_daily,ECB reference rate: 1 EUR = 1.5647 CAD
CAD,2025-06-11,0.6391001469930339,ecb_daily,ECB reference rate: 1 EUR = 1.5647 CAD
CAD,2025-06-12,0.6326311127981274,ecb_daily,ECB reference rate: 1 EUR = 1.5807 CAD
CAD,2025-06-13,0.6373486297004461,ecb_daily,ECB reference rate: 1 EUR = 1.569 CAD
CAD,2025-06-16,0.6369021081459779,ecb_daily,ECB reference rate: 1 EUR = 1.5701 CAD
CAD,2025-06-17,0.6374298827129016,ecb_daily,ECB reference rate: 1 EUR = 1.5688 CAD
CAD,2025-06-18,0.6363752068219423,ecb_daily,ECB reference rate: 1 EUR = 1.5714 CAD
CAD,2025-06-19,0.6355258976803305,ecb_daily,ECB reference rate: 1 EUR = 1.5735 CAD
CAD,2025-06-20,0.6331919204710948,ecb_daily,ECB reference rate: 1 EUR = 1.5793 CAD
CAD,2025-06-23,0.6321911746112024,ecb_daily,ECB reference rate: 1 EUR = 1.5818 CAD
CAD,2025-06-24,0.6283380458686774,ecb_daily,ECB reference rate: 1 EUR = 1.5915 CAD
CAD,2025-06-25,0.6278252134605726,ecb_daily,ECB reference rate: 1 EUR = 1.5928 CAD
CAD,2025-06-26,0.624687656171914,ecb_daily,ECB reference rate: 1 EUR = 1.6008 CAD
CAD,2025-06-27,0.6258997308631158,ecb_daily,ECB reference rate: 1 EUR = 1.5977 CAD
CAD,2025-06-30,0.6239470892868285,ecb_daily,ECB reference rate: 1 EUR = 1.6027 CAD
CAD,2025-07-01,0.6220452848967405,ecb_daily,ECB reference rate: 1 EUR = 1.6076 CAD
CAD,2025-07-02,0.6234025310142759,ecb_daily,ECB reference rate: 1 EUR = 1.6041 CAD
CAD,2025-07-03,0.6246096189881324,ecb_daily,ECB reference rate: 1 EUR = 1.601 CAD
CAD,2025-07-04,0.6251953735542357,ecb_daily,ECB reference rate: 1 EUR = 1.5995 CAD
CAD,2025-07-07,0.6243756243756244,ecb_daily,ECB reference rate: 1 EUR = 1.6016 CAD
CAD,2025-07-08,0.6247657128576783,ecb_daily,ECB reference rate: 1 EUR = 1.6006 CAD
CAD,2025-07-09,0.6238303181534622,ecb_daily,ECB reference rate: 1 EUR = 1.603 CAD
CAD,2025-07-10,0.6239081607187422,ecb_daily,ECB reference rate: 1 EUR = 1.6028 CAD
CAD,2025-07-11,0.6247266820765914,ecb_daily,ECB reference rate: 1 EUR = 1.6007 CAD
CAD,2025-07-14,0.6256256256256256,ecb_daily,ECB reference rate: 1 EUR = 1.5984 CAD
CAD,2025-07-15,0.6260564702936205,ecb_daily,ECB reference rate: 1 EUR = 1.5973 CAD
CAD,2025-07-16,0.6279829188646069,ecb_daily,ECB reference rate: 1 EUR = 1.5924 CAD
CAD,2025-07-17,0.6274706657463764,ecb_daily,ECB reference rate: 1 EUR = 1.5937 CAD
CAD,2025-07-18,0.6256256256256256,ecb_daily,ECB reference rate: 1 EUR = 1.5984 CAD
CAD,2025-07-21,0.6253908692933083,ecb_daily,ECB reference rate: 1 EUR = 1.599 CAD
CAD,2025-07-22,0.6252735571812669,ecb_daily,ECB reference rate: 1 EUR = 1.5993 CAD
CAD,2025-07-23,0.6278252134605726,ecb_daily,ECB reference rate: 1 EUR = 1.5928 CAD
CAD,2025-07-24,0.6246486351427322,ecb_daily,ECB reference rate: 1 EUR = 1.6009 CAD
CAD,2025-07-25,0.6236357966947303,ecb_daily,ECB reference rate: 1 EUR = 1.6035 CAD
CAD,2025-07-28,0.6253126563281641,ecb_daily,ECB reference rate: 1 EUR = 1.5992 CAD
CAD,2025-07-29,0.6294454585510165,ecb_daily,ECB reference rate: 1 EUR = 1.5887 CAD
CAD,2025-07-30,0.6289308176100629,ecb_daily,ECB reference rate: 1 EUR = 1.59 CAD
CAD,2025-07-31,0.6313928526329081,ecb_daily,ECB reference rate: 1 EUR = 1.5838 CAD
CAD,2025-08-01,0.6320313487548982,ecb_daily,ECB reference rate: 1 EUR = 1.5822 CAD
CAD,2025-08-04,0.62758880381574,ecb_daily,ECB reference rate: 1 EUR = 1.5934 CAD
CAD,2025-08-05,0.6278252134605726,ecb_daily,ECB reference rate: 1 EUR = 1.5928 CAD
CAD,2025-08-06,0.6262917266862905,ecb_daily,ECB reference rate: 1 EUR = 1.5967 CAD
CAD,2025-08-07,0.6249609399412537,ecb_daily,ECB reference rate: 1 EUR = 1.6001 CAD
CAD,2025-08-08,0.6248828344685371,ecb_daily,ECB reference rate: 1 EUR = 1.6003 CAD
CAD,2025-08-11,0.6242197253433208,ecb_daily,ECB reference rate: 1 EUR = 1.602 CAD
CAD,2025-08-12,0.6244146113019045,ecb_daily,ECB reference rate: 1 EUR = 1.6015 CAD
CAD,2025-08-13,0.6205783790492739,ecb_daily,ECB reference rate: 1 EUR = 1.6114 CAD
CAD,2025-08-14,0.6206168931918327,ecb_daily,ECB reference rate: 1 EUR = 1.6113 CAD
CAD,2025-08-15,0.6203473945409429,ecb_daily,ECB reference rate: 1 EUR = 1.612 CAD
CAD,2025-08-18,0.6211951795254069,ecb_daily,ECB reference rate: 1 EUR = 1.6098 CAD
CAD,2025-08-19,0.6198475175106923,ecb_daily,ECB reference rate: 1 EUR = 1.6133 CAD
CAD,2025-08-20,0.6189650903689032,ecb_daily,ECB reference rate: 1 EUR = 1.6156 CAD
CAD,2025-08-21,0.6186587478346943,ecb_daily,ECB reference rate: 1 EUR = 1.6164 CAD
CAD,2025-08-22,0.6191567085629373,ecb_daily,ECB reference rate: 1 EUR = 1.6151 CAD
CAD,2025-08-25,0.6183909467565395,ecb_daily,ECB reference rate: 1 EUR = 1.6171 CAD
CAD,2025-08-26,0.6196938712276135,ecb_daily,ECB reference rate: 1 EUR = 1.6137 CAD
CAD,2025-08-27,0.6228201295465869,ecb_daily,ECB reference rate: 1 EUR = 1.6056 CAD
CAD,2025-08-28,0.6225874735400323,ecb_daily,ECB reference rate: 1 EUR = 1.6062 CAD
CAD,2025-08-29,0.6237914041544508,ecb_daily,ECB reference rate: 1 EUR = 1.6031 CAD
CAD,2025-09-01,0.6209251785159888,ecb_daily,ECB reference rate: 1 EUR = 1.6105 CAD
CAD,2025-09-02,0.6228201295465869,ecb_daily,ECB reference rate: 1 EUR = 1.6056 CAD
CAD,2025-09-03,0.621929224454257,ecb_daily,ECB reference rate: 1 EUR = 1.6079 CAD
CAD,2025-09-04,0.6213495712687959,ecb_daily,ECB reference rate: 1 EUR = 1.6094 CAD
CAD,2025-09-05,0.6196554715578139,ecb_daily,ECB reference rate: 1 EUR = 1.6138 CAD
CAD,2025-09-08,0.6176652254478073,ecb_daily,ECB reference rate: 1 EUR = 1.619 CAD
CAD,2025-09-09,0.6165228113440197,ecb_daily,ECB reference rate: 1 EUR = 1.622 CAD
CAD,2025-09-10,0.6163708086785009,ecb_daily,ECB reference rate: 1 EUR = 1.6224 CAD
CAD,2025-09-11,0.6164468006411047,ecb_daily,ECB reference rate: 1 EUR = 1.6222 CAD
CAD,2025-09-12,0.6162568558575214,ecb_daily,ECB reference rate: 1 EUR = 1.6227 CAD
CAD,2025-09-15,0.6149305128520477,ecb_daily,ECB reference rate: 1 EUR = 1.6262 CAD
CAD,2025-09-16,0.6160290765724142,ecb_daily,ECB reference rate: 1 EUR = 1.6233 CAD
CAD,2025-09-17,0.6142128861863522,ecb_daily,ECB reference rate: 1 EUR = 1.6281 CAD
CAD,2025-09-18,0.6139489194499017,ecb_daily,ECB reference rate: 1 EUR = 1.6288 CAD
CAD,2025-09-19,0.6167509559639818,ecb_daily,ECB reference rate: 1 EUR = 1.6214 CAD
CAD,2025-09-22,0.6145526057030481,ecb_daily,ECB reference rate: 1 EUR = 1.6272 CAD
CAD,2025-09-23,0.6132335806708775,ecb_daily,ECB reference rate: 1 EUR = 1.6307 CAD
CAD,2025-09-24,0.613421666053245,ecb_daily,ECB reference rate: 1 EUR = 1.6302 CAD
CAD,2025-09-25,0.6131207847946045,ecb_daily,ECB reference rate: 1 EUR = 1.631 CAD
CAD,2025-09-26,0.6142506142506143,ecb_daily,ECB reference rate: 1 EUR = 1.628 CAD
CAD,2025-09-29,0.6122573930080206,ecb_daily,ECB reference rate: 1 EUR = 1.6333 CAD
CAD,2025-09-30,0.6117704637220115,ecb_daily,ECB reference rate: 1 EUR = 1.6346 CAD
CAD,2025-10-01,0.6121074860745547,ecb_daily,ECB reference rate: 1 EUR = 1.6337 CAD
CAD,2025-10-02,0.6102398242509306,ecb_daily,ECB reference rate: 1 EUR = 1.6387 CAD
CAD,2025-10-03,0.6102398242509306,ecb_daily,ECB reference rate: 1 EUR = 1.6387 CAD
CAD,2025-10-06,0.6133464180569185,ecb_daily,ECB reference rate: 1 EUR = 1.6304 CAD
CAD,2025-10-07,0.6142506142506143,ecb_daily,ECB reference rate: 1 EUR = 1.628 CAD
CAD,2025-10-08,0.6169031462060457,ecb_daily,ECB reference rate: 1 EUR = 1.621 CAD
CAD,2025-10-09,0.6173601679219657,ecb_daily,ECB reference rate: 1 EUR = 1.6198 CAD
CAD,2025-10-10,0.6165988407941794,ecb_daily,ECB reference rate: 1 EUR = 1.6218 CAD
CAD,2025-10-13,0.6170173381872031,ecb_daily,ECB reference rate: 1 EUR = 1.6207 CAD
CAD,2025-10-14,0.6154224875376946,ecb_daily,ECB reference rate: 1 EUR = 1.6249 CAD
CAD,2025-10-15,0.6126324817741836,ecb_daily,ECB reference rate: 1 EUR = 1.6323 CAD
CAD,2025-10-16,0.6108735491753207,ecb_daily,ECB reference rate: 1 EUR = 1.637 CAD
CAD,2025-10-17,0.610016470444702,ecb_daily,ECB reference rate: 1 EUR = 1.6393 CAD
CAD,2025-10-20,0.6109481915933529,ecb_daily,ECB reference rate: 1 EUR = 1.6368 CAD
CAD,2025-10-21,0.6134592969756456,ecb_daily,ECB reference rate: 1 EUR = 1.6301 CAD
CAD,2025-10-22,0.6152331733727082,ecb_daily,ECB reference rate: 1 EUR = 1.6254 CAD
CAD,2025-10-23,0.61648480364959,ecb_daily,ECB reference rate: 1 EUR = 1.6221 CAD
CAD,2025-10-24,0.6140243153628884,ecb_daily,ECB reference rate: 1 EUR = 1.6286 CAD
CAD,2025-10-27,0.6144015728680265,ecb_daily,ECB reference rate: 1 EUR = 1.6276 CAD
CAD,2025-10-28,0.6140997297961188,ecb_daily,ECB reference rate: 1 EUR = 1.6284 CAD
CAD,2025-10-29,0.6170173381872031,ecb_daily,ECB reference rate: 1 EUR = 1.6207 CAD
CAD,2025-10-30,0.6180851721367204,ecb_daily,ECB reference rate: 1 EUR = 1.6179 CAD
CAD,2025-10-31,0.6170173381872031,ecb_daily,ECB reference rate: 1 EUR = 1.6207 CAD
CAD,2025-11-03,0.6184291898577613,ecb_daily,ECB reference rate: 1 EUR = 1.617 CAD
CAD,2025-11-04,0.6181233774261343,ecb_daily,ECB reference rate: 1 EUR = 1.6178 CAD
CAD,2025-11-05,0.615839389087326,ecb_daily,ECB reference rate: 1 EUR = 1.6238 CAD
CAD,2025-11-06,0.6153088850603002,ecb_daily,ECB reference rate: 1 EUR = 1.6252 CAD
CAD,2025-11-07,0.6130831953896144,ecb_daily,ECB reference rate: 1 EUR = 1.6311 CAD
CAD,2025-11-10,0.6167889964843027,ecb_daily,ECB reference rate: 1 EUR = 1.6213 CAD
CAD,2025-11-11,0.615991129727732,ecb_daily,ECB reference rate: 1 EUR = 1.6234 CAD
CAD,2025-11-12,0.61667488899852,ecb_daily,ECB reference rate: 1 EUR = 1.6216 CAD
CAD,2025-11-13,0.6145526057030481,ecb_daily,ECB reference rate: 1 EUR = 1.6272 CAD
CAD,2025-11-14,0.6123323740126141,ecb_daily,ECB reference rate: 1 EUR = 1.6331 CAD
CAD,2025-11-17,0.6146281499692686,ecb_daily,ECB reference rate: 1 EUR = 1.627 CAD
CAD,2025-11-18,0.6151196407701298,ecb_daily,ECB reference rate: 1 EUR = 1.6257 CAD
CAD,2025-11-19,0.6161429451632778,ecb_daily,ECB reference rate: 1 EUR = 1.623 CAD
CAD,2025-11-20,0.6175126590095097,ecb_daily,ECB reference rate: 1 EUR = 1.6194 CAD
CAD,2025-11-21,0.6162948354492789,ecb_daily,ECB reference rate: 1 EUR = 1.6226 CAD
CAD,2025-11-24,0.6142883469500584,ecb_daily,ECB reference rate: 1 EUR = 1.6279 CAD
CAD,2025-11-25,0.6134592969756456,ecb_daily,ECB reference rate: 1 EUR = 1.6301 CAD
CAD,2025-11-26,0.6131583788092464,ecb_daily,ECB reference rate: 1 EUR = 1.6309 CAD
CAD,2025-11-27,0.6145148405333989,ecb_daily,ECB reference rate: 1 EUR = 1.6273 CAD
CAD,2025-11-28,0.6169031462060457,ecb_daily,ECB reference rate: 1 EUR = 1.621 CAD
CAD,2025-12-01,0.6150439756442586,ecb_daily,ECB reference rate: 1 EUR = 1.6259 CAD
CAD,2025-12-02,0.6148548942449582,ecb_daily,ECB reference rate: 1 EUR = 1.6264 CAD
CAD,2025-12-03,0.6146281499692686,ecb_daily,ECB reference rate: 1 EUR = 1.627 CAD
CAD,2025-12-04,0.6135345726731701,ecb_daily,ECB reference rate: 1 EUR = 1.6299 CAD
CAD,2025-12-05,0.6161429451632778,ecb_daily,ECB reference rate: 1 EUR = 1.623 CAD
CAD,2025-12-08,0.6215040397762586,ecb_daily,ECB reference rate: 1 EUR = 1.609 CAD
CAD,2025-12-09,0.6205783790492739,ecb_daily,ECB reference rate: 1 EUR = 1.6114 CAD
CAD,2025-12-10,0.6208095356344674,ecb_daily,ECB reference rate: 1 EUR = 1.6108 CAD
CAD,2025-12-11,0.6186587478346943,ecb_daily,ECB reference rate: 1 EUR = 1.6164 CAD
CAD,2025-12-12,0.6196170766466325,ecb_daily,ECB reference rate: 1 EUR = 1.6139 CAD
CAD,2025-12-15,0.6184674376894056,ecb_daily,ECB reference rate: 1 EUR = 1.6169 CAD
CAD,2025-12-16,0.6170554115759596,ecb_daily,ECB reference rate: 1 EUR = 1.6206 CAD
CAD,2025-12-17,0.6186204763377667,ecb_daily,ECB reference rate: 1 EUR = 1.6165 CAD
CAD,2025-12-18,0.6187735907431471,ecb_daily,ECB reference rate: 1 EUR = 1.6161 CAD
CAD,2025-12-19,0.6190034045187249,ecb_daily,ECB reference rate: 1 EUR = 1.6155 CAD
CAD,2025-12-22,0.6185056902523504,ecb_daily,ECB reference rate: 1 EUR = 1.6168 CAD
CAD,2025-12-23,0.619271736437949,ecb_daily,ECB reference rate: 1 EUR = 1.6148 CAD
CAD,2025-12-24,0.6200396825396826,ecb_daily,ECB reference rate: 1 EUR = 1.6128 CAD
CAD,2025-12-29,0.6208866261020738,ecb_daily,ECB reference rate: 1 EUR = 1.6106 CAD
CAD,2025-12-30,0.620963735717834,ecb_daily,ECB reference rate: 1 EUR = 1.6104 CAD
CAD,2025-12-31,0.6215813028344107,ecb_daily,ECB reference rate: 1 EUR = 1.6088 CAD
CAD,2026-01-02,0.6212337702677518,ecb_daily,ECB reference rate: 1 EUR = 1.6097 CAD
CAD,2026-01-05,0.6216199415677255,ecb_daily,ECB reference rate: 1 EUR = 1.6087 CAD
CAD,2026-01-06,0.62000124000248,ecb_daily,ECB reference rate: 1 EUR = 1.6129 CAD
CAD,2026-01-07,0.6197706848466068,ecb_daily,ECB reference rate: 1 EUR = 1.6135 CAD
CAD,2026-01-08,0.6179323981956374,ecb_daily,ECB reference rate: 1 EUR = 1.6183 CAD
CAD,2026-01-09,0.6186970240673142,ecb_daily,ECB reference rate: 1 EUR = 1.6163 CAD
CAD,2026-01-12,0.6165608237252606,ecb_daily,ECB reference rate: 1 EUR = 1.6219 CAD
CAD,2026-01-13,0.6183527083848628,ecb_daily,ECB reference rate: 1 EUR = 1.6172 CAD
CAD,2026-01-14,0.6184674376894056,ecb_daily,ECB reference rate: 1 EUR = 1.6169 CAD
CAD,2026-01-15,0.6187353050365053,ecb_daily,ECB reference rate: 1 EUR = 1.6162 CAD
CAD,2026-01-16,0.6197706848466068,ecb_daily,ECB reference rate: 1 EUR = 1.6135 CAD
CAD,2026-01-19,0.6192333890643383,ecb_daily,ECB reference rate: 1 EUR = 1.6149 CAD
CAD,2026-01-20,0.6167129201356769,ecb_daily,ECB reference rate: 1 EUR = 1.6215 CAD
CAD,2026-01-21,0.6175889328063241,ecb_daily,ECB reference rate: 1 EUR = 1.6192 CAD
CAD,2026-01-22,0.6183909467565395,ecb_daily,ECB reference rate: 1 EUR = 1.6171 CAD
CAD,2026-01-23,0.6187735907431471,ecb_daily,ECB reference rate: 1 EUR = 1.6161 CAD
CAD,2026-01-26,0.6161429451632778,ecb_daily,ECB reference rate: 1 EUR = 1.623 CAD
CAD,2026-01-27,0.6128953174797744,ecb_daily,ECB reference rate: 1 EUR = 1.6316 CAD
CAD,2026-01-28,0.6156877231867997,ecb_daily,ECB reference rate: 1 EUR = 1.6242 CAD
CAD,2026-01-29,0.6178178672927221,ecb_daily,ECB reference rate: 1 EUR = 1.6186 CAD
CAD,2026-01-30,0.6203473945409429,ecb_daily,ECB reference rate: 1 EUR = 1.612 CAD
CAD,2026-02-02,0.6189267809618122,ecb_daily,ECB reference rate: 1 EUR = 1.6157 CAD
CAD,2026-02-03,0.6205013651030032,ecb_daily,ECB reference rate: 1 EUR = 1.6116 CAD
CAD,2026-02-04,0.6196554715578139,ecb_daily,ECB reference rate: 1 EUR = 1.6138 CAD
CAD,2026-02-05,0.6194251734390486,ecb_daily,ECB reference rate: 1 EUR = 1.6144 CAD
CAD,2026-02-06,0.6204243702692642,ecb_daily,ECB reference rate: 1 EUR = 1.6118 CAD
CAD,2026-02-09,0.6182762458266353,ecb_daily,ECB reference rate: 1 EUR = 1.6174 CAD
CAD,2026-02-10,0.6195403010965863,ecb_daily,ECB reference rate: 1 EUR = 1.6141 CAD
CAD,2026-02-11,0.6196554715578139,ecb_daily,ECB reference rate: 1 EUR = 1.6138 CAD
CAD,2026-02-12,0.6200396825396826,ecb_daily,ECB reference rate: 1 EUR = 1.6128 CAD
CAD,2026-02-13,0.6187735907431471,ecb_daily,ECB reference rate: 1 EUR = 1.6161 CAD
CAD,2026-02-16,0.6190034045187249,ecb_daily,ECB reference rate: 1 EUR = 1.6155 CAD
CAD,2026-02-17,0.6192333890643383,ecb_daily,ECB reference rate: 1 EUR = 1.6149 CAD
CAD,2026-02-18,0.6186587478346943,ecb_daily,ECB reference rate: 1 EUR = 1.6164 CAD
CAD,2026-02-19,0.6208480784751971,ecb_daily,ECB reference rate: 1 EUR = 1.6107 CAD
CAD,2026-02-20,0.6206554121151937,ecb_daily,ECB reference rate: 1 EUR = 1.6112 CAD
CAD,2026-02-23,0.6198859409868585,ecb_daily,ECB reference rate: 1 EUR = 1.6132 CAD
CAD,2026-02-24,0.619271736437949,ecb_daily,ECB reference rate: 1 EUR = 1.6148 CAD
CAD,2026-02-25,0.6198475175106923,ecb_daily,ECB reference rate: 1 EUR = 1.6133 CAD
CAD,2026-02-26,0.6190034045187249,ecb_daily,ECB reference rate: 1 EUR = 1.6155 CAD
CAD,2026-02-27,0.6196170766466325,ecb_daily,ECB reference rate: 1 EUR = 1.6139 CAD
CAD,2026-03-02,0.6253517603652055,ecb_daily,ECB reference rate: 1 EUR = 1.5991 CAD
CAD,2026-03-03,0.6296039790971478,ecb_daily,ECB reference rate: 1 EUR = 1.5883 CAD
CAD,2026-03-04,0.6285355122564426,ecb_daily,ECB reference rate: 1 EUR = 1.591 CAD
CAD,2026-03-05,0.6317917614354309,ecb_daily,ECB reference rate: 1 EUR = 1.5828 CAD
CAD,2026-03-06,0.6336332530731212,ecb_daily,ECB reference rate: 1 EUR = 1.5782 CAD
CAD,2026-03-09,0.6377551020408163,ecb_daily,ECB reference rate: 1 EUR = 1.568 CAD
CAD,2026-03-10,0.6338340622425048,ecb_daily,ECB reference rate: 1 EUR = 1.5777 CAD
CAD,2026-03-11,0.6352432981832041,ecb_daily,ECB reference rate: 1 EUR = 1.5742 CAD
CAD,2026-03-12,0.6366993505666624,ecb_daily,ECB reference rate: 1 EUR = 1.5706 CAD
CAD,2026-03-13,0.6358896095637797,ecb_daily,ECB reference rate: 1 EUR = 1.5726 CAD
CAD,2026-03-16,0.6368209896198178,ecb_daily,ECB reference rate: 1 EUR = 1.5703 CAD
CAD,2026-03-17,0.6327512022272842,ecb_daily,ECB reference rate: 1 EUR = 1.5804 CAD
CAD,2026-03-18,0.6339546088500064,ecb_daily,ECB reference rate: 1 EUR = 1.5774 CAD
CAD,2026-03-19,0.6341154090044389,ecb_daily,ECB reference rate: 1 EUR = 1.577 CAD
CAD,2026-03-20,0.6309546343617894,ecb_daily,ECB reference rate: 1 EUR = 1.5849 CAD
CAD,2026-03-23,0.6290890790135883,ecb_daily,ECB reference rate: 1 EUR = 1.5896 CAD
CAD,2026-03-24,0.6285355122564426,ecb_daily,ECB reference rate: 1 EUR = 1.591 CAD
CAD,2026-03-25,0.6258997308631158,ecb_daily,ECB reference rate: 1 EUR = 1.5977 CAD
CAD,2026-03-26,0.6264094211976948,ecb_daily,ECB reference rate: 1 EUR = 1.5964 CAD
CHF,2024-01-02,1.07469102632993,ecb_daily,ECB reference rate: 1 EUR = 0.9305 CHF
CHF,2024-01-03,1.072731173567904,ecb_daily,ECB reference rate: 1 EUR = 0.9322 CHF
CHF,2024-01-04,1.0737678513905293,ecb_daily,ECB reference rate: 1 EUR = 0.9313 CHF
CHF,2024-01-05,1.0729613733905579,ecb_daily,ECB reference rate: 1 EUR = 0.932 CHF
CHF,2024-01-08,1.0743446497636442,ecb_daily,ECB reference rate: 1 EUR = 0.9308 CHF
CHF,2024-01-09,1.0737678513905293,ecb_daily,ECB reference rate: 1 EUR = 0.9313 CHF
CHF,2024-01-10,1.0711225364181662,ecb_daily,ECB reference rate: 1 EUR = 0.9336 CHF
CHF,2024-01-11,1.0708931248661384,ecb_daily,ECB reference rate: 1 EUR = 0.9338 CHF
CHF,2024-01-12,1.06951871657754,ecb_daily,ECB reference rate: 1 EUR = 0.935 CHF
CHF,2024-01-15,1.0694043417816277,ecb_daily,ECB reference rate: 1 EUR = 0.9351 CHF
CHF,2024-01-16,1.0682619378271552,ecb_daily,ECB reference rate: 1 EUR = 0.9361 CHF
CHF,2024-01-17,1.06315118009781,ecb_daily,ECB reference rate: 1 EUR = 0.9406 CHF
CHF,2024-01-18,1.0602205258693809,ecb_daily,ECB reference rate: 1 EUR = 0.9432 CHF
CHF,2024-01-19,1.057194206575748,ecb_daily,ECB reference rate: 1 EUR = 0.9459 CHF
CHF,2024-01-22,1.0573059843518715,ecb_daily,ECB reference rate: 1 EUR = 0.9458 CHF
CHF,2024-01-23,1.0586491636671607,ecb_daily,ECB reference rate: 1 EUR = 0.9446 CHF
CHF,2024-01-24,1.0621348911311737,ecb_daily,ECB reference rate: 1 EUR = 0.9415 CHF
CHF,2024-01-25,1.0615711252653928,ecb_daily,ECB reference rate: 1 EUR = 0.942 CHF
CHF,2024-01-26,1.0642826734780757,ecb_daily,ECB reference rate: 1 EUR = 0.9396 CHF
CHF,2024-01-29,1.0707784559374667,ecb_daily,ECB reference rate: 1 EUR = 0.9339 CHF
CHF,2024-01-30,1.0678056593699947,ecb_daily,ECB reference rate: 1 EUR = 0.9365 CHF
CHF,2024-01-31,1.069747539580659,ecb_daily,ECB reference rate: 1 EUR = 0.9348 CHF
CHF,2024-02-01,1.0711225364181662,ecb_daily,ECB reference rate: 1 EUR = 0.9336 CHF
CHF,2024-02-02,1.0735373054213635,ecb_daily,ECB reference rate: 1 EUR = 0.9315 CHF
CHF,2024-02-05,1.0698619878035733,ecb_daily,ECB reference rate: 1 EUR = 0.9347 CHF
CHF,2024-02-06,1.067691650651292,ecb_daily,ECB reference rate: 1 EUR = 0.9366 CHF
CHF,2024-02-07,1.0646225912913871,ecb_daily,ECB reference rate: 1 EUR = 0.9393 CHF
CHF,2024-02-08,1.0628122010840686,ecb_daily,ECB reference rate: 1 EUR = 0.9409 CHF
CHF,2024-02-09,1.0602205258693809,ecb_daily,ECB reference rate: 1 EUR = 0.9432 CHF
CHF,2024-02-12,1.0604453870625663,ecb_daily,ECB reference rate: 1 EUR = 0.943 CHF
CHF,2024-02-13,1.0547410610695074,ecb_daily,ECB reference rate: 1 EUR = 0.9481 CHF
CHF,2024-02-14,1.0534077741493733,ecb_daily,ECB reference rate: 1 EUR = 0.9493 CHF
CHF,2024-02-15,1.054407423028258,ecb_daily,ECB reference rate: 1 EUR = 0.9484 CHF
CHF,2024-02-16,1.0536297545042672,ecb_daily,ECB reference rate: 1 EUR = 0.9491 CHF
CHF,2024-02-19,1.0535187526337968,ecb_daily,ECB reference rate: 1 EUR = 0.9492 CHF
CHF,2024-02-20,1.0497585555322275,ecb_daily,ECB reference rate: 1 EUR = 0.9526 CHF
CHF,2024-02-21,1.0515247108307046,ecb_daily,ECB reference rate: 1 EUR = 0.951 CHF
CHF,2024-02-22,1.048767697954903,ecb_daily,ECB reference rate: 1 EUR = 0.9535 CHF
CHF,2024-02-23,1.0501995379122033,ecb_daily,ECB reference rate: 1 EUR = 0.9522 CHF
CHF,2024-02-26,1.0475591870940708,ecb_daily,ECB reference rate: 1 EUR = 0.9546 CHF
CHF,2024-02-27,1.0477787091366304,ecb_daily,ECB reference rate: 1 EUR = 0.9544 CHF
CHF,2024-02-28,1.050420168067227,ecb_daily,ECB reference rate: 1 EUR = 0.952 CHF
CHF,2024-02-29,1.0488777008600796,ecb_daily,ECB reference rate: 1 EUR = 0.9534 CHF
CHF,2024-03-01,1.0436234606553956,ecb_daily,ECB reference rate: 1 EUR = 0.9582 CHF
CHF,2024-03-04,1.0412328196584757,ecb_daily,ECB reference rate: 1 EUR = 0.9604 CHF
CHF,2024-03-05,1.0406910188365075,ecb_daily,ECB reference rate: 1 EUR = 0.9609 CHF
CHF,2024-03-06,1.0396091069757771,ecb_daily,ECB reference rate: 1 EUR = 0.9619 CHF
CHF,2024-03-07,1.0441683199331733,ecb_daily,ECB reference rate: 1 EUR = 0.9577 CHF
CHF,2024-03-08,1.0429703796412182,ecb_daily,ECB reference rate: 1 EUR = 0.9588 CHF
CHF,2024-03-11,1.0423181154888472,ecb_daily,ECB reference rate: 1 EUR = 0.9594 CHF
CHF,2024-03-12,1.0429703796412182,ecb_daily,ECB reference rate: 1 EUR = 0.9588 CHF
CHF,2024-03-13,1.0417751849150954,ecb_daily,ECB reference rate: 1 EUR = 0.9599 CHF
CHF,2024-03-14,1.0399334442595674,ecb_daily,ECB reference rate: 1 EUR = 0.9616 CHF
CHF,2024-03-15,1.040257983980027,ecb_daily,ECB reference rate: 1 EUR = 0.9613 CHF
CHF,2024-03-18,1.0384215991692627,ecb_daily,ECB reference rate: 1 EUR = 0.963 CHF
CHF,2024-03-19,1.0384215991692627,ecb_daily,ECB reference rate: 1 EUR = 0.963 CHF
CHF,2024-03-20,1.0354110581901015,ecb_daily,ECB reference rate: 1 EUR = 0.9658 CHF
CHF,2024-03-21,1.0239606799098915,ecb_daily,ECB reference rate: 1 EUR = 0.9766 CHF
CHF,2024-03-22,1.0278548668927947,ecb_daily,ECB reference rate: 1 EUR = 0.9729 CHF
CHF,2024-03-25,1.0283833813245578,ecb_daily,ECB reference rate: 1 EUR = 0.9724 CHF
CHF,2024-03-26,1.019367991845056,ecb_daily,ECB reference rate: 1 EUR = 0.981 CHF
CHF,2024-03-27,1.0192640913260627,ecb_daily,ECB reference rate: 1 EUR = 0.9811 CHF
CHF,2024-03-28,1.0239606799098915,ecb_daily,ECB reference rate: 1 EUR = 0.9766 CHF
CHF,2024-04-02,1.0240655401945724,ecb_daily,ECB reference rate: 1 EUR = 0.9765 CHF
CHF,2024-04-03,1.0212418300653596,ecb_daily,ECB reference rate: 1 EUR = 0.9792 CHF
CHF,2024-04-04,1.015640869388584,ecb_daily,ECB reference rate: 1 EUR = 0.9846 CHF
CHF,2024-04-05,1.0211375472276116,ecb_daily,ECB reference rate: 1 EUR = 0.9793 CHF
CHF,2024-04-08,1.0196798205363515,ecb_daily,ECB reference rate: 1 EUR = 0.9807 CHF
CHF,2024-04-09,1.0184336490477646,ecb_daily,ECB reference rate: 1 EUR = 0.9819 CHF
CHF,2024-04-10,1.019367991845056,ecb_daily,ECB reference rate: 1 EUR = 0.981 CHF
CHF,2024-04-11,1.021763563911311,ecb_daily,ECB reference rate: 1 EUR = 0.9787 CHF
CHF,2024-04-12,1.029230135858378,ecb_daily,ECB reference rate: 1 EUR = 0.9716 CHF
CHF,2024-04-15,1.0282776349614395,ecb_daily,ECB reference rate: 1 EUR = 0.9725 CHF
CHF,2024-04-16,1.0296540362438222,ecb_daily,ECB reference rate: 1 EUR = 0.9712 CHF
CHF,2024-04-17,1.0316723408645414,ecb_daily,ECB reference rate: 1 EUR = 0.9693 CHF
CHF,2024-04-18,1.030502885408079,ecb_daily,ECB reference rate: 1 EUR = 0.9704 CHF
CHF,2024-04-19,1.0330578512396695,ecb_daily,ECB reference rate: 1 EUR = 0.968 CHF
CHF,2024-04-22,1.0316723408645414,ecb_daily,ECB reference rate: 1 EUR = 0.9693 CHF
CHF,2024-04-23,1.0283833813245578,ecb_daily,ECB reference rate: 1 EUR = 0.9724 CHF
CHF,2024-04-24,1.023122570083896,ecb_daily,ECB reference rate: 1 EUR = 0.9774 CHF
CHF,2024-04-25,1.0212418300653596,ecb_daily,ECB reference rate: 1 EUR = 0.9792 CHF
CHF,2024-04-26,1.0225994477962983,ecb_daily,ECB reference rate: 1 EUR = 0.9779 CHF
CHF,2024-04-29,1.0229132569558101,ecb_daily,ECB reference rate: 1 EUR = 0.9776 CHF
CHF,2024-04-30,1.021763563911311,ecb_daily,ECB reference rate: 1 EUR = 0.9787 CHF
CHF,2024-05-02,1.0246951531919255,ecb_daily,ECB reference rate: 1 EUR = 0.9759 CHF
CHF,2024-05-03,1.026272577996716,ecb_daily,ECB reference rate: 1 EUR = 0.9744 CHF
CHF,2024-05-06,1.025220422390814,ecb_daily,ECB reference rate: 1 EUR = 0.9754 CHF
CHF,2024-05-07,1.0235414534288638,ecb_daily,ECB reference rate: 1 EUR = 0.977 CHF
CHF,2024-05-08,1.0235414534288638,ecb_daily,ECB reference rate: 1 EUR = 0.977 CHF
CHF,2024-05-09,1.0245901639344261,ecb_daily,ECB reference rate: 1 EUR = 0.976 CHF
CHF,2024-05-10,1.0225994477962983,ecb_daily,ECB reference rate: 1 EUR = 0.9779 CHF
CHF,2024-05-13,1.0220768601798855,ecb_daily,ECB reference rate: 1 EUR = 0.9784 CHF
CHF,2024-05-14,1.0203040506070808,ecb_daily,ECB reference rate: 1 EUR = 0.9801 CHF
CHF,2024-05-15,1.0204081632653061,ecb_daily,ECB reference rate: 1 EUR = 0.98 CHF
CHF,2024-05-16,1.018122581958868,ecb_daily,ECB reference rate: 1 EUR = 0.9822 CHF
CHF,2024-05-17,1.0147133434804667,ecb_daily,ECB reference rate: 1 EUR = 0.9855 CHF
CHF,2024-05-20,1.0121457489878543,ecb_daily,ECB reference rate: 1 EUR = 0.988 CHF
CHF,2024-05-21,1.011736139214893,ecb_daily,ECB reference rate: 1 EUR = 0.9884 CHF
CHF,2024-05-22,1.0095911155981827,ecb_daily,ECB reference rate: 1 EUR = 0.9905 CHF
CHF,2024-05-23,1.009387301907742,ecb_daily,ECB reference rate: 1 EUR = 0.9907 CHF
CHF,2024-05-24,1.0076582023377672,ecb_daily,ECB reference rate: 1 EUR = 0.9924 CHF
CHF,2024-05-27,1.0078613182826044,ecb_daily,ECB reference rate: 1 EUR = 0.9922 CHF
CHF,2024-05-28,1.0092854259184498,ecb_daily,ECB reference rate: 1 EUR = 0.9908 CHF
CHF,2024-05-29,1.009387301907742,ecb_daily,ECB reference rate: 1 EUR = 0.9907 CHF
CHF,2024-05-30,1.0195758564437194,ecb_daily,ECB reference rate: 1 EUR = 0.9808 CHF
CHF,2024-05-31,1.0185373803218578,ecb_daily,ECB reference rate: 1 EUR = 0.9818 CHF
CHF,2024-06-03,1.023331968890708,ecb_daily,ECB reference rate: 1 EUR = 0.9772 CHF
CHF,2024-06-04,1.0306090899721736,ecb_daily,ECB reference rate: 1 EUR = 0.9703 CHF
CHF,2024-06-05,1.030502885408079,ecb_daily,ECB reference rate: 1 EUR = 0.9704 CHF
CHF,2024-06-06,1.0323113451016828,ecb_daily,ECB reference rate: 1 EUR = 0.9687 CHF
CHF,2024-06-07,1.0313531353135312,ecb_daily,ECB reference rate: 1 EUR = 0.9696 CHF
CHF,2024-06-10,1.0376673238559717,ecb_daily,ECB reference rate: 1 EUR = 0.9637 CHF
CHF,2024-06-11,1.0392849719393058,ecb_daily,ECB reference rate: 1 EUR = 0.9622 CHF
CHF,2024-06-12,1.0372368011617052,ecb_daily,ECB reference rate: 1 EUR = 0.9641 CHF
CHF,2024-06-13,1.034340091021928,ecb_daily,ECB reference rate: 1 EUR = 0.9668 CHF
CHF,2024-06-14,1.0488777008600796,ecb_daily,ECB reference rate: 1 EUR = 0.9534 CHF
CHF,2024-06-17,1.045915699194645,ecb_daily,ECB reference rate: 1 EUR = 0.9561 CHF
CHF,2024-06-18,1.0513036164844407,ecb_daily,ECB reference rate: 1 EUR = 0.9512 CHF
CHF,2024-06-19,1.051967178624027,ecb_daily,ECB reference rate: 1 EUR = 0.9506 CHF
CHF,2024-06-20,1.0475591870940708,ecb_daily,ECB reference rate: 1 EUR = 0.9546 CHF
CHF,2024-06-21,1.0485477613505296,ecb_daily,ECB reference rate: 1 EUR = 0.9537 CHF
CHF,2024-06-24,1.0431879824744419,ecb_daily,ECB reference rate: 1 EUR = 0.9586 CHF
CHF,2024-06-25,1.0443864229765012,ecb_daily,ECB reference rate: 1 EUR = 0.9575 CHF
CHF,2024-06-26,1.0432968179447053,ecb_daily,ECB reference rate: 1 EUR = 0.9585 CHF
CHF,2024-06-27,1.0412328196584757,ecb_daily,ECB reference rate: 1 EUR = 0.9604 CHF
CHF,2024-06-28,1.0379904504878554,ecb_daily,ECB reference rate: 1 EUR = 0.9634 CHF
CHF,2024-07-01,1.0320982557539478,ecb_daily,ECB reference rate: 1 EUR = 0.9689 CHF
CHF,2024-07-02,1.0312467773538208,ecb_daily,ECB reference rate: 1 EUR = 0.9697 CHF
CHF,2024-07-03,1.0290183165260343,ecb_daily,ECB reference rate: 1 EUR = 0.9718 CHF
CHF,2024-07-04,1.0291242152927857,ecb_daily,ECB reference rate: 1 EUR = 0.9717 CHF
CHF,2024-07-05,1.027749229188078,ecb_daily,ECB reference rate: 1 EUR = 0.973 CHF
CHF,2024-07-08,1.0297600659046442,ecb_daily,ECB reference rate: 1 EUR = 0.9711 CHF
CHF,2024-07-09,1.0296540362438222,ecb_daily,ECB reference rate: 1 EUR = 0.9712 CHF
CHF,2024-07-10,1.0284891494394734,ecb_daily,ECB reference rate: 1 EUR = 0.9723 CHF
CHF,2024-07-11,1.0257462303826033,ecb_daily,ECB reference rate: 1 EUR = 0.9749 CHF
CHF,2024-07-12,1.0259567046270648,ecb_daily,ECB reference rate: 1 EUR = 0.9747 CHF
CHF,2024-07-15,1.0251153254741159,ecb_daily,ECB reference rate: 1 EUR = 0.9755 CHF
CHF,2024-07-16,1.0244851961889152,ecb_daily,ECB reference rate: 1 EUR = 0.9761 CHF
CHF,2024-07-17,1.0316723408645414,ecb_daily,ECB reference rate: 1 EUR = 0.9693 CHF
CHF,2024-07-18,1.0345541071798054,ecb_daily,ECB reference rate: 1 EUR = 0.9666 CHF
CHF,2024-07-19,1.0322047894302229,ecb_daily,ECB reference rate: 1 EUR = 0.9688 CHF
CHF,2024-07-22,1.0340192327577293,ecb_daily,ECB reference rate: 1 EUR = 0.9671 CHF
CHF,2024-07-23,1.0329511414110113,ecb_daily,ECB reference rate: 1 EUR = 0.9681 CHF
CHF,2024-07-24,1.0406910188365075,ecb_daily,ECB reference rate: 1 EUR = 0.9609 CHF
CHF,2024-07-25,1.0488777008600796,ecb_daily,ECB reference rate: 1 EUR = 0.9534 CHF
CHF,2024-07-26,1.0423181154888472,ecb_daily,ECB reference rate: 1 EUR = 0.9594 CHF
CHF,2024-07-29,1.044059302568386,ecb_daily,ECB reference rate: 1 EUR = 0.9578 CHF
CHF,2024-07-30,1.042535446205171,ecb_daily,ECB reference rate: 1 EUR = 0.9592 CHF
CHF,2024-07-31,1.0489877268435959,ecb_daily,ECB reference rate: 1 EUR = 0.9533 CHF
CHF,2024-08-01,1.0563008344776592,ecb_daily,ECB reference rate: 1 EUR = 0.9467 CHF
CHF,2024-08-02,1.060108131029365,ecb_daily,ECB reference rate: 1 EUR = 0.9433 CHF
CHF,2024-08-05,1.0748065348237317,ecb_daily,ECB reference rate: 1 EUR = 0.9304 CHF
CHF,2024-08-06,1.0723860589812333,ecb_daily,ECB reference rate: 1 EUR = 0.9325 CHF
CHF,2024-08-07,1.0628122010840686,ecb_daily,ECB reference rate: 1 EUR = 0.9409 CHF
CHF,2024-08-08,1.067463706233988,ecb_daily,ECB reference rate: 1 EUR = 0.9368 CHF
CHF,2024-08-09,1.0598834128245893,ecb_daily,ECB reference rate: 1 EUR = 0.9435 CHF
CHF,2024-08-12,1.0536297545042672,ecb_daily,ECB reference rate: 1 EUR = 0.9491 CHF
CHF,2024-08-13,1.0548523206751055,ecb_daily,ECB reference rate: 1 EUR = 0.948 CHF
CHF,2024-08-14,1.0509721492380453,ecb_daily,ECB reference rate: 1 EUR = 0.9515 CHF
CHF,2024-08-15,1.0481081647626036,ecb_daily,ECB reference rate: 1 EUR = 0.9541 CHF
CHF,2024-08-16,1.0482180293501049,ecb_daily,ECB reference rate: 1 EUR = 0.954 CHF
CHF,2024-08-19,1.047888504663104,ecb_daily,ECB reference rate: 1 EUR = 0.9543 CHF
CHF,2024-08-20,1.049648367796788,ecb_daily,ECB reference rate: 1 EUR = 0.9527 CHF
CHF,2024-08-21,1.0522992739135009,ecb_daily,ECB reference rate: 1 EUR = 0.9503 CHF
CHF,2024-08-22,1.053740779768177,ecb_daily,ECB reference rate: 1 EUR = 0.949 CHF
CHF,2024-08-23,1.055297593921486,ecb_daily,ECB reference rate: 1 EUR = 0.9476 CHF
CHF,2024-08-26,1.0570824524312896,ecb_daily,ECB reference rate: 1 EUR = 0.946 CHF
CHF,2024-08-27,1.0593220338983051,ecb_daily,ECB reference rate: 1 EUR = 0.944 CHF
CHF,2024-08-28,1.0666666666666667,ecb_daily,ECB reference rate: 1 EUR = 0.9375 CHF
CHF,2024-08-29,1.0679196924391285,ecb_daily,ECB reference rate: 1 EUR = 0.9364 CHF
CHF,2024-08-30,1.0620220900594732,ecb_daily,ECB reference rate: 1 EUR = 0.9416 CHF
CHF,2024-09-02,1.0621348911311737,ecb_daily,ECB reference rate: 1 EUR = 0.9415 CHF
CHF,2024-09-03,1.0628122010840686,ecb_daily,ECB reference rate: 1 EUR = 0.9409 CHF
CHF,2024-09-04,1.0642826734780757,ecb_daily,ECB reference rate: 1 EUR = 0.9396 CHF
CHF,2024-09-05,1.0649627263045793,ecb_daily,ECB reference rate: 1 EUR = 0.939 CHF
CHF,2024-09-06,1.0678056593699947,ecb_daily,ECB reference rate: 1 EUR = 0.9365 CHF
CHF,2024-09-09,1.0665529010238908,ecb_daily,ECB reference rate: 1 EUR = 0.9376 CHF
CHF,2024-09-10,1.0696331158412664,ecb_daily,ECB reference rate: 1 EUR = 0.9349 CHF
CHF,2024-09-11,1.068604402650139,ecb_daily,ECB reference rate: 1 EUR = 0.9358 CHF
CHF,2024-09-12,1.0622477161674102,ecb_daily,ECB reference rate: 1 EUR = 0.9414 CHF
CHF,2024-09-13,1.0653030787258975,ecb_daily,ECB reference rate: 1 EUR = 0.9387 CHF
CHF,2024-09-16,1.0645092612305727,ecb_daily,ECB reference rate: 1 EUR = 0.9394 CHF
CHF,2024-09-17,1.063264221158958,ecb_daily,ECB reference rate: 1 EUR = 0.9405 CHF
CHF,2024-09-18,1.0651896037494675,ecb_daily,ECB reference rate: 1 EUR = 0.9388 CHF
CHF,2024-09-19,1.0570824524312896,ecb_daily,ECB reference rate: 1 EUR = 0.946 CHF
CHF,2024-09-20,1.0541851149061776,ecb_daily,ECB reference rate: 1 EUR = 0.9486 CHF
CHF,2024-09-23,1.058425063505504,ecb_daily,ECB reference rate: 1 EUR = 0.9448 CHF
CHF,2024-09-24,1.0594342621040365,ecb_daily,ECB reference rate: 1 EUR = 0.9439 CHF
CHF,2024-09-25,1.05318588730911,ecb_daily,ECB reference rate: 1 EUR = 0.9495 CHF
CHF,2024-09-26,1.0579771476936097,ecb_daily,ECB reference rate: 1 EUR = 0.9452 CHF
CHF,2024-09-27,1.0615711252653928,ecb_daily,ECB reference rate: 1 EUR = 0.942 CHF
CHF,2024-09-30,1.0594342621040365,ecb_daily,ECB reference rate: 1 EUR = 0.9439 CHF
CHF,2024-10-01,1.0645092612305727,ecb_daily,ECB reference rate: 1 EUR = 0.9394 CHF
CHF,2024-10-02,1.0651896037494675,ecb_daily,ECB reference rate: 1 EUR = 0.9388 CHF
CHF,2024-10-03,1.0653030787258975,ecb_daily,ECB reference rate: 1 EUR = 0.9387 CHF
CHF,2024-10-04,1.0645092612305727,ecb_daily,ECB reference rate: 1 EUR = 0.9394 CHF
CHF,2024-10-07,1.0651896037494675,ecb_daily,ECB reference rate: 1 EUR = 0.9388 CHF
CHF,2024-10-08,1.0626992561105209,ecb_daily,ECB reference rate: 1 EUR = 0.941 CHF
CHF,2024-10-09,1.0641694157709907,ecb_daily,ECB reference rate: 1 EUR = 0.9397 CHF
CHF,2024-10-10,1.0646225912913871,ecb_daily,ECB reference rate: 1 EUR = 0.9393 CHF
CHF,2024-10-11,1.0663254425250588,ecb_daily,ECB reference rate: 1 EUR = 0.9378 CHF
CHF,2024-10-14,1.0628122010840686,ecb_daily,ECB reference rate: 1 EUR = 0.9409 CHF
CHF,2024-10-15,1.0637166258908626,ecb_daily,ECB reference rate: 1 EUR = 0.9401 CHF
CHF,2024-10-16,1.0641694157709907,ecb_daily,ECB reference rate: 1 EUR = 0.9397 CHF
CHF,2024-10-17,1.0660980810234542,ecb_daily,ECB reference rate: 1 EUR = 0.938 CHF
CHF,2024-10-18,1.0637166258908626,ecb_daily,ECB reference rate: 1 EUR = 0.9401 CHF
CHF,2024-10-21,1.0660980810234542,ecb_daily,ECB reference rate: 1 EUR = 0.938 CHF
CHF,2024-10-22,1.0678056593699947,ecb_daily,ECB reference rate: 1 EUR = 0.9365 CHF
CHF,2024-10-23,1.070663811563169,ecb_daily,ECB reference rate: 1 EUR = 0.934 CHF
CHF,2024-10-24,1.0696331158412664,ecb_daily,ECB reference rate: 1 EUR = 0.9349 CHF
CHF,2024-10-25,1.0658708164570454,ecb_daily,ECB reference rate: 1 EUR = 0.9382 CHF
CHF,2024-10-28,1.0675776662752217,ecb_daily,ECB reference rate: 1 EUR = 0.9367 CHF
CHF,2024-10-29,1.0673497705197994,ecb_daily,ECB reference rate: 1 EUR = 0.9369 CHF
CHF,2024-10-30,1.0646225912913871,ecb_daily,ECB reference rate: 1 EUR = 0.9393 CHF
CHF,2024-10-31,1.062473438164046,ecb_daily,ECB reference rate: 1 EUR = 0.9412 CHF
CHF,2024-11-01,1.0607828577490188,ecb_daily,ECB reference rate: 1 EUR = 0.9427 CHF
CHF,2024-11-04,1.0626992561105209,ecb_daily,ECB reference rate: 1 EUR = 0.941 CHF
CHF,2024-11-05,1.0636034886194425,ecb_daily,ECB reference rate: 1 EUR = 0.9402 CHF
CHF,2024-11-06,1.067463706233988,ecb_daily,ECB reference rate: 1 EUR = 0.9368 CHF
CHF,2024-11-07,1.0602205258693809,ecb_daily,ECB reference rate: 1 EUR = 0.9432 CHF
CHF,2024-11-08,1.0646225912913871,ecb_daily,ECB reference rate: 1 EUR = 0.9393 CHF
CHF,2024-11-11,1.0673497705197994,ecb_daily,ECB reference rate: 1 EUR = 0.9369 CHF
CHF,2024-11-12,1.0690613641223006,ecb_daily,ECB reference rate: 1 EUR = 0.9354 CHF
CHF,2024-11-13,1.0662117496534813,ecb_daily,ECB reference rate: 1 EUR = 0.9379 CHF
CHF,2024-11-14,1.0673497705197994,ecb_daily,ECB reference rate: 1 EUR = 0.9369 CHF
CHF,2024-11-15,1.0650761529449355,ecb_daily,ECB reference rate: 1 EUR = 0.9389 CHF
CHF,2024-11-18,1.0679196924391285,ecb_daily,ECB reference rate: 1 EUR = 0.9364 CHF
CHF,2024-11-19,1.0719262514738988,ecb_daily,ECB reference rate: 1 EUR = 0.9329 CHF
CHF,2024-11-20,1.070434596446157,ecb_daily,ECB reference rate: 1 EUR = 0.9342 CHF
CHF,2024-11-21,1.0759629868732516,ecb_daily,ECB reference rate: 1 EUR = 0.9294 CHF
CHF,2024-11-22,1.0785159620362381,ecb_daily,ECB reference rate: 1 EUR = 0.9272 CHF
CHF,2024-11-25,1.0725010725010724,ecb_daily,ECB reference rate: 1 EUR = 0.9324 CHF
CHF,2024-11-26,1.0736525660296328,ecb_daily,ECB reference rate: 1 EUR = 0.9314 CHF
CHF,2024-11-27,1.074229240519927,ecb_daily,ECB reference rate: 1 EUR = 0.9309 CHF
CHF,2024-11-28,1.0736525660296328,ecb_daily,ECB reference rate: 1 EUR = 0.9314 CHF
CHF,2024-11-29,1.074229240519927,ecb_daily,ECB reference rate: 1 EUR = 0.9309 CHF
CHF,2024-12-02,1.07342206955775,ecb_daily,ECB reference rate: 1 EUR = 0.9316 CHF
CHF,2024-12-03,1.074229240519927,ecb_daily,ECB reference rate: 1 EUR = 0.9309 CHF
CHF,2024-12-04,1.07469102632993,ecb_daily,ECB reference rate: 1 EUR = 0.9305 CHF
CHF,2024-12-05,1.07469102632993,ecb_daily,ECB reference rate: 1 EUR = 0.9305 CHF
CHF,2024-12-06,1.077121930202499,ecb_daily,ECB reference rate: 1 EUR = 0.9284 CHF
CHF,2024-12-09,1.0758472296933836,ecb_daily,ECB reference rate: 1 EUR = 0.9295 CHF
CHF,2024-12-10,1.079097874177188,ecb_daily,ECB reference rate: 1 EUR = 0.9267 CHF
CHF,2024-12-11,1.0775862068965516,ecb_daily,ECB reference rate: 1 EUR = 0.928 CHF
CHF,2024-12-12,1.0730765103551885,ecb_daily,ECB reference rate: 1 EUR = 0.9319 CHF
CHF,2024-12-13,1.0655301012253595,ecb_daily,ECB reference rate: 1 EUR = 0.9385 CHF
CHF,2024-12-16,1.0670081092616304,ecb_daily,ECB reference rate: 1 EUR = 0.9372 CHF
CHF,2024-12-17,1.0623605651758206,ecb_daily,ECB reference rate: 1 EUR = 0.9413 CHF
CHF,2024-12-18,1.0658708164570454,ecb_daily,ECB reference rate: 1 EUR = 0.9382 CHF
CHF,2024-12-19,1.0730765103551885,ecb_daily,ECB reference rate: 1 EUR = 0.9319 CHF
CHF,2024-12-20,1.0756157900397978,ecb_daily,ECB reference rate: 1 EUR = 0.9297 CHF
CHF,2024-12-23,1.0711225364181662,ecb_daily,ECB reference rate: 1 EUR = 0.9336 CHF
CHF,2024-12-24,1.068604402650139,ecb_daily,ECB reference rate: 1 EUR = 0.9358 CHF
CHF,2024-12-27,1.0642826734780757,ecb_daily,ECB reference rate: 1 EUR = 0.9396 CHF
CHF,2024-12-30,1.0598834128245893,ecb_daily,ECB reference rate: 1 EUR = 0.9435 CHF
CHF,2024-12-31,1.062473438164046,ecb_daily,ECB reference rate: 1 EUR = 0.9412 CHF
CHF,2025-01-02,1.0671219720414042,ecb_daily,ECB reference rate: 1 EUR = 0.9371 CHF
CHF,2025-01-03,1.0681478316599018,ecb_daily,ECB reference rate: 1 EUR = 0.9362 CHF
CHF,2025-01-06,1.0642826734780757,ecb_daily,ECB reference rate: 1 EUR = 0.9396 CHF
CHF,2025-01-07,1.0608953957139826,ecb_daily,ECB reference rate: 1 EUR = 0.9426 CHF
CHF,2025-01-08,1.0662117496534813,ecb_daily,ECB reference rate: 1 EUR = 0.9379 CHF
CHF,2025-01-09,1.0641694157709907,ecb_daily,ECB reference rate: 1 EUR = 0.9397 CHF
CHF,2025-01-10,1.0620220900594732,ecb_daily,ECB reference rate: 1 EUR = 0.9416 CHF
CHF,2025-01-13,1.0699764605178685,ecb_daily,ECB reference rate: 1 EUR = 0.9346 CHF
CHF,2025-01-14,1.06439595529537,ecb_daily,ECB reference rate: 1 EUR = 0.9395 CHF
CHF,2025-01-15,1.0645092612305727,ecb_daily,ECB reference rate: 1 EUR = 0.9394 CHF
CHF,2025-01-16,1.0665529010238908,ecb_daily,ECB reference rate: 1 EUR = 0.9376 CHF
CHF,2025-01-17,1.0645092612305727,ecb_daily,ECB reference rate: 1 EUR = 0.9394 CHF
CHF,2025-01-20,1.0605578534309048,ecb_daily,ECB reference rate: 1 EUR = 0.9429 CHF
CHF,2025-01-21,1.0607828577490188,ecb_daily,ECB reference rate: 1 EUR = 0.9427 CHF
CHF,2025-01-22,1.0583130489998942,ecb_daily,ECB reference rate: 1 EUR = 0.9449 CHF
CHF,2025-01-23,1.0590976488032195,ecb_daily,ECB reference rate: 1 EUR = 0.9442 CHF
CHF,2025-01-24,1.0532968190436065,ecb_daily,ECB reference rate: 1 EUR = 0.9494 CHF
CHF,2025-01-27,1.0578652279699565,ecb_daily,ECB reference rate: 1 EUR = 0.9453 CHF
CHF,2025-01-28,1.0592098294672174,ecb_daily,ECB reference rate: 1 EUR = 0.9441 CHF
CHF,2025-01-29,1.0604453870625663,ecb_daily,ECB reference rate: 1 EUR = 0.943 CHF
CHF,2025-01-30,1.0592098294672174,ecb_daily,ECB reference rate: 1 EUR = 0.9441 CHF
CHF,2025-01-31,1.0583130489998942,ecb_daily,ECB reference rate: 1 EUR = 0.9449 CHF
CHF,2025-02-03,1.0646225912913871,ecb_daily,ECB reference rate: 1 EUR = 0.9393 CHF
CHF,2025-02-04,1.0642826734780757,ecb_daily,ECB reference rate: 1 EUR = 0.9396 CHF
CHF,2025-02-05,1.06439595529537,ecb_daily,ECB reference rate: 1 EUR = 0.9395 CHF
CHF,2025-02-06,1.0655301012253595,ecb_daily,ECB reference rate: 1 EUR = 0.9385 CHF
CHF,2025-02-07,1.0617965597791463,ecb_daily,ECB reference rate: 1 EUR = 0.9418 CHF
CHF,2025-02-10,1.0642826734780757,ecb_daily,ECB reference rate: 1 EUR = 0.9396 CHF
CHF,2025-02-11,1.0605578534309048,ecb_daily,ECB reference rate: 1 EUR = 0.9429 CHF
CHF,2025-02-12,1.0574177857671567,ecb_daily,ECB reference rate: 1 EUR = 0.9457 CHF
CHF,2025-02-13,1.0614584439019212,ecb_daily,ECB reference rate: 1 EUR = 0.9421 CHF
CHF,2025-02-14,1.0590976488032195,ecb_daily,ECB reference rate: 1 EUR = 0.9442 CHF
CHF,2025-02-17,1.0593220338983051,ecb_daily,ECB reference rate: 1 EUR = 0.944 CHF
CHF,2025-02-18,1.0610079575596818,ecb_daily,ECB reference rate: 1 EUR = 0.9425 CHF
CHF,2025-02-19,1.0598834128245893,ecb_daily,ECB reference rate: 1 EUR = 0.9435 CHF
CHF,2025-02-20,1.0612331529236974,ecb_daily,ECB reference rate: 1 EUR = 0.9423 CHF
CHF,2025-02-21,1.0615711252653928,ecb_daily,ECB reference rate: 1 EUR = 0.942 CHF
CHF,2025-02-24,1.0621348911311737,ecb_daily,ECB reference rate: 1 EUR = 0.9415 CHF
CHF,2025-02-25,1.0654165778819518,ecb_daily,ECB reference rate: 1 EUR = 0.9386 CHF
CHF,2025-02-26,1.0647359454855196,ecb_daily,ECB reference rate: 1 EUR = 0.9392 CHF
CHF,2025-02-27,1.0630381630700543,ecb_daily,ECB reference rate: 1 EUR = 0.9407 CHF
CHF,2025-02-28,1.0645092612305727,ecb_daily,ECB reference rate: 1 EUR = 0.9394 CHF
CHF,2025-03-03,1.0606703436571914,ecb_daily,ECB reference rate: 1 EUR = 0.9428 CHF
CHF,2025-03-04,1.0671219720414042,ecb_daily,ECB reference rate: 1 EUR = 0.9371 CHF
CHF,2025-03-05,1.0510826150935464,ecb_daily,ECB reference rate: 1 EUR = 0.9514 CHF
CHF,2025-03-06,1.0454783063251438,ecb_daily,ECB reference rate: 1 EUR = 0.9565 CHF
CHF,2025-03-07,1.0463534581981793,ecb_daily,ECB reference rate: 1 EUR = 0.9557 CHF
CHF,2025-03-10,1.0513036164844407,ecb_daily,ECB reference rate: 1 EUR = 0.9512 CHF
CHF,2025-03-11,1.0407993338884263,ecb_daily,ECB reference rate: 1 EUR = 0.9608 CHF
CHF,2025-03-12,1.0396091069757771,ecb_daily,ECB reference rate: 1 EUR = 0.9619 CHF
CHF,2025-03-13,1.043950307965341,ecb_daily,ECB reference rate: 1 EUR = 0.9579 CHF
CHF,2025-03-14,1.0372368011617052,ecb_daily,ECB reference rate: 1 EUR = 0.9641 CHF
CHF,2025-03-17,1.0399334442595674,ecb_daily,ECB reference rate: 1 EUR = 0.9616 CHF
CHF,2025-03-18,1.0415581710238517,ecb_daily,ECB reference rate: 1 EUR = 0.9601 CHF
CHF,2025-03-19,1.0435145570280704,ecb_daily,ECB reference rate: 1 EUR = 0.9583 CHF
CHF,2025-03-20,1.0455876202425762,ecb_daily,ECB reference rate: 1 EUR = 0.9564 CHF
CHF,2025-03-21,1.0474494605635278,ecb_daily,ECB reference rate: 1 EUR = 0.9547 CHF
CHF,2025-03-24,1.0477787091366304,ecb_daily,ECB reference rate: 1 EUR = 0.9544 CHF
CHF,2025-03-25,1.048327916972429,ecb_daily,ECB reference rate: 1 EUR = 0.9539 CHF
CHF,2025-03-26,1.049097775912715,ecb_daily,ECB reference rate: 1 EUR = 0.9532 CHF
CHF,2025-03-27,1.0499790004199916,ecb_daily,ECB reference rate: 1 EUR = 0.9524 CHF
CHF,2025-03-28,1.0498687664041995,ecb_daily,ECB reference rate: 1 EUR = 0.9525 CHF
CHF,2025-03-31,1.0492078480747036,ecb_daily,ECB reference rate: 1 EUR = 0.9531 CHF
CHF,2025-04-01,1.050420168067227,ecb_daily,ECB reference rate: 1 EUR = 0.952 CHF
CHF,2025-04-02,1.047888504663104,ecb_daily,ECB reference rate: 1 EUR = 0.9543 CHF
CHF,2025-04-03,1.0484378276368211,ecb_daily,ECB reference rate: 1 EUR = 0.9538 CHF
CHF,2025-04-04,1.0630381630700543,ecb_daily,ECB reference rate: 1 EUR = 0.9407 CHF
CHF,2025-04-07,1.0664391596459422,ecb_daily,ECB reference rate: 1 EUR = 0.9377 CHF
CHF,2025-04-08,1.0696331158412664,ecb_daily,ECB reference rate: 1 EUR = 0.9349 CHF
CHF,2025-04-09,1.0778184953653804,ecb_daily,ECB reference rate: 1 EUR = 0.9278 CHF
CHF,2025-04-10,1.0753844499408538,ecb_daily,ECB reference rate: 1 EUR = 0.9299 CHF
CHF,2025-04-11,1.0808473843493298,ecb_daily,ECB reference rate: 1 EUR = 0.9252 CHF
CHF,2025-04-14,1.0719262514738988,ecb_daily,ECB reference rate: 1 EUR = 0.9329 CHF
CHF,2025-04-15,1.0820168794633196,ecb_daily,ECB reference rate: 1 EUR = 0.9242 CHF
CHF,2025-04-16,1.079913606911447,ecb_daily,ECB reference rate: 1 EUR = 0.926 CHF
CHF,2025-04-17,1.0763104079216446,ecb_daily,ECB reference rate: 1 EUR = 0.9291 CHF
CHF,2025-04-22,1.073191672032625,ecb_daily,ECB reference rate: 1 EUR = 0.9318 CHF
CHF,2025-04-23,1.0658708164570454,ecb_daily,ECB reference rate: 1 EUR = 0.9382 CHF
CHF,2025-04-24,1.0647359454855196,ecb_daily,ECB reference rate: 1 EUR = 0.9392 CHF
CHF,2025-04-25,1.0614584439019212,ecb_daily,ECB reference rate: 1 EUR = 0.9421 CHF
CHF,2025-04-28,1.0615711252653928,ecb_daily,ECB reference rate: 1 EUR = 0.942 CHF
CHF,2025-04-29,1.0647359454855196,ecb_daily,ECB reference rate: 1 EUR = 0.9392 CHF
CHF,2025-04-30,1.0650761529449355,ecb_daily,ECB reference rate: 1 EUR = 0.9389 CHF
CHF,2025-05-02,1.0703200256876806,ecb_daily,ECB reference rate: 1 EUR = 0.9343 CHF
CHF,2025-05-05,1.0711225364181662,ecb_daily,ECB reference rate: 1 EUR = 0.9336 CHF
CHF,2025-05-06,1.0699764605178685,ecb_daily,ECB reference rate: 1 EUR = 0.9346 CHF
CHF,2025-05-07,1.0684902233144566,ecb_daily,ECB reference rate: 1 EUR = 0.9359 CHF
CHF,2025-05-08,1.0723860589812333,ecb_daily,ECB reference rate: 1 EUR = 0.9325 CHF
CHF,2025-05-09,1.0691756655618518,ecb_daily,ECB reference rate: 1 EUR = 0.9353 CHF
CHF,2025-05-12,1.0673497705197994,ecb_daily,ECB reference rate: 1 EUR = 0.9369 CHF
CHF,2025-05-13,1.068604402650139,ecb_daily,ECB reference rate: 1 EUR = 0.9358 CHF
CHF,2025-05-14,1.0649627263045793,ecb_daily,ECB reference rate: 1 EUR = 0.939 CHF
CHF,2025-05-15,1.0664391596459422,ecb_daily,ECB reference rate: 1 EUR = 0.9377 CHF
CHF,2025-05-16,1.065984436627225,ecb_daily,ECB reference rate: 1 EUR = 0.9381 CHF
CHF,2025-05-19,1.0645092612305727,ecb_daily,ECB reference rate: 1 EUR = 0.9394 CHF
CHF,2025-05-20,1.067691650651292,ecb_daily,ECB reference rate: 1 EUR = 0.9366 CHF
CHF,2025-05-21,1.06928999144568,ecb_daily,ECB reference rate: 1 EUR = 0.9352 CHF
CHF,2025-05-22,1.0703200256876806,ecb_daily,ECB reference rate: 1 EUR = 0.9343 CHF
CHF,2025-05-23,1.0753844499408538,ecb_daily,ECB reference rate: 1 EUR = 0.9299 CHF
CHF,2025-05-26,1.0688328345446771,ecb_daily,ECB reference rate: 1 EUR = 0.9356 CHF
CHF,2025-05-27,1.0654165778819518,ecb_daily,ECB reference rate: 1 EUR = 0.9386 CHF
CHF,2025-05-28,1.0679196924391285,ecb_daily,ECB reference rate: 1 EUR = 0.9364 CHF
CHF,2025-05-29,1.0707784559374667,ecb_daily,ECB reference rate: 1 EUR = 0.9339 CHF
CHF,2025-05-30,1.0705491917353602,ecb_daily,ECB reference rate: 1 EUR = 0.9341 CHF
CHF,2025-06-02,1.0711225364181662,ecb_daily,ECB reference rate: 1 EUR = 0.9336 CHF
CHF,2025-06-03,1.068604402650139,ecb_daily,ECB reference rate: 1 EUR = 0.9358 CHF
CHF,2025-06-04,1.0672358591248665,ecb_daily,ECB reference rate: 1 EUR = 0.937 CHF
CHF,2025-06-05,1.0678056593699947,ecb_daily,ECB reference rate: 1 EUR = 0.9365 CHF
CHF,2025-06-06,1.0657572205051689,ecb_daily,ECB reference rate: 1 EUR = 0.9383 CHF
CHF,2025-06-09,1.0673497705197994,ecb_daily,ECB reference rate: 1 EUR = 0.9369 CHF
CHF,2025-06-10,1.0650761529449355,ecb_daily,ECB reference rate: 1 EUR = 0.9389 CHF
CHF,2025-06-11,1.063264221158958,ecb_daily,ECB reference rate: 1 EUR = 0.9405 CHF
CHF,2025-06-12,1.0607828577490188,ecb_daily,ECB reference rate: 1 EUR = 0.9427 CHF
CHF,2025-06-13,1.0684902233144566,ecb_daily,ECB reference rate: 1 EUR = 0.9359 CHF
CHF,2025-06-16,1.0646225912913871,ecb_daily,ECB reference rate: 1 EUR = 0.9393 CHF
CHF,2025-06-17,1.06315118009781,ecb_daily,ECB reference rate: 1 EUR = 0.9406 CHF
CHF,2025-06-18,1.0634903754121026,ecb_daily,ECB reference rate: 1 EUR = 0.9403 CHF
CHF,2025-06-19,1.0650761529449355,ecb_daily,ECB reference rate: 1 EUR = 0.9389 CHF
CHF,2025-06-20,1.0621348911311737,ecb_daily,ECB reference rate: 1 EUR = 0.9415 CHF
CHF,2025-06-23,1.0653030787258975,ecb_daily,ECB reference rate: 1 EUR = 0.9387 CHF
CHF,2025-06-24,1.0653030787258975,ecb_daily,ECB reference rate: 1 EUR = 0.9387 CHF
CHF,2025-06-25,1.0682619378271552,ecb_daily,ECB reference rate: 1 EUR = 0.9361 CHF
CHF,2025-06-26,1.0662117496534813,ecb_daily,ECB reference rate: 1 EUR = 0.9379 CHF
CHF,2025-06-27,1.0684902233144566,ecb_daily,ECB reference rate: 1 EUR = 0.9359 CHF
CHF,2025-06-30,1.0698619878035733,ecb_daily,ECB reference rate: 1 EUR = 0.9347 CHF
CHF,2025-07-01,1.0725010725010724,ecb_daily,ECB reference rate: 1 EUR = 0.9324 CHF
CHF,2025-07-02,1.0718113612004287,ecb_daily,ECB reference rate: 1 EUR = 0.933 CHF
CHF,2025-07-03,1.0694043417816277,ecb_daily,ECB reference rate: 1 EUR = 0.9351 CHF
CHF,2025-07-04,1.0699764605178685,ecb_daily,ECB reference rate: 1 EUR = 0.9346 CHF
CHF,2025-07-07,1.0690613641223006,ecb_daily,ECB reference rate: 1 EUR = 0.9354 CHF
CHF,2025-07-08,1.0694043417816277,ecb_daily,ECB reference rate: 1 EUR = 0.9351 CHF
CHF,2025-07-09,1.0723860589812333,ecb_daily,ECB reference rate: 1 EUR = 0.9325 CHF
CHF,2025-07-10,1.0729613733905579,ecb_daily,ECB reference rate: 1 EUR = 0.932 CHF
CHF,2025-07-11,1.0741138560687433,ecb_daily,ECB reference rate: 1 EUR = 0.931 CHF
CHF,2025-07-14,1.0744600838078866,ecb_daily,ECB reference rate: 1 EUR = 0.9307 CHF
CHF,2025-07-15,1.0753844499408538,ecb_daily,ECB reference rate: 1 EUR = 0.9299 CHF
CHF,2025-07-16,1.0722710701265281,ecb_daily,ECB reference rate: 1 EUR = 0.9326 CHF
CHF,2025-07-17,1.0726161106939827,ecb_daily,ECB reference rate: 1 EUR = 0.9323 CHF
CHF,2025-07-18,1.0725010725010724,ecb_daily,ECB reference rate: 1 EUR = 0.9324 CHF
CHF,2025-07-21,1.0723860589812333,ecb_daily,ECB reference rate: 1 EUR = 0.9325 CHF
CHF,2025-07-22,1.0722710701265281,ecb_daily,ECB reference rate: 1 EUR = 0.9326 CHF
CHF,2025-07-23,1.0745755426606491,ecb_daily,ECB reference rate: 1 EUR = 0.9306 CHF
CHF,2025-07-24,1.0705491917353602,ecb_daily,ECB reference rate: 1 EUR = 0.9341 CHF
CHF,2025-07-25,1.0703200256876806,ecb_daily,ECB reference rate: 1 EUR = 0.9343 CHF
CHF,2025-07-28,1.0713520462824084,ecb_daily,ECB reference rate: 1 EUR = 0.9334 CHF
CHF,2025-07-29,1.07469102632993,ecb_daily,ECB reference rate: 1 EUR = 0.9305 CHF
CHF,2025-07-30,1.0751532093323297,ecb_daily,ECB reference rate: 1 EUR = 0.9301 CHF
CHF,2025-07-31,1.0756157900397978,ecb_daily,ECB reference rate: 1 EUR = 0.9297 CHF
CHF,2025-08-01,1.0738831615120275,ecb_daily,ECB reference rate: 1 EUR = 0.9312 CHF
CHF,2025-08-04,1.0702054794520548,ecb_daily,ECB reference rate: 1 EUR = 0.9344 CHF
CHF,2025-08-05,1.0698619878035733,ecb_daily,ECB reference rate: 1 EUR = 0.9347 CHF
CHF,2025-08-06,1.0673497705197994,ecb_daily,ECB reference rate: 1 EUR = 0.9369 CHF
CHF,2025-08-07,1.0623605651758206,ecb_daily,ECB reference rate: 1 EUR = 0.9413 CHF
CHF,2025-08-08,1.0626992561105209,ecb_daily,ECB reference rate: 1 EUR = 0.941 CHF
CHF,2025-08-11,1.0604453870625663,ecb_daily,ECB reference rate: 1 EUR = 0.943 CHF
CHF,2025-08-12,1.0617965597791463,ecb_daily,ECB reference rate: 1 EUR = 0.9418 CHF
CHF,2025-08-13,1.0628122010840686,ecb_daily,ECB reference rate: 1 EUR = 0.9409 CHF
CHF,2025-08-14,1.0621348911311737,ecb_daily,ECB reference rate: 1 EUR = 0.9415 CHF
CHF,2025-08-15,1.0617965597791463,ecb_daily,ECB reference rate: 1 EUR = 0.9418 CHF
CHF,2025-08-18,1.0612331529236974,ecb_daily,ECB reference rate: 1 EUR = 0.9423 CHF
CHF,2025-08-19,1.0628122010840686,ecb_daily,ECB reference rate: 1 EUR = 0.9409 CHF
CHF,2025-08-20,1.0634903754121026,ecb_daily,ECB reference rate: 1 EUR = 0.9403 CHF
CHF,2025-08-21,1.0650761529449355,ecb_daily,ECB reference rate: 1 EUR = 0.9389 CHF
CHF,2025-08-22,1.0657572205051689,ecb_daily,ECB reference rate: 1 EUR = 0.9383 CHF
CHF,2025-08-25,1.0655301012253595,ecb_daily,ECB reference rate: 1 EUR = 0.9385 CHF
CHF,2025-08-26,1.0665529010238908,ecb_daily,ECB reference rate: 1 EUR = 0.9376 CHF
CHF,2025-08-27,1.06951871657754,ecb_daily,ECB reference rate: 1 EUR = 0.935 CHF
CHF,2025-08-28,1.0691756655618518,ecb_daily,ECB reference rate: 1 EUR = 0.9353 CHF
CHF,2025-08-29,1.0679196924391285,ecb_daily,ECB reference rate: 1 EUR = 0.9364 CHF
CHF,2025-09-01,1.0657572205051689,ecb_daily,ECB reference rate: 1 EUR = 0.9383 CHF
CHF,2025-09-02,1.067691650651292,ecb_daily,ECB reference rate: 1 EUR = 0.9366 CHF
CHF,2025-09-03,1.0667804565820354,ecb_daily,ECB reference rate: 1 EUR = 0.9374 CHF
CHF,2025-09-04,1.0657572205051689,ecb_daily,ECB reference rate: 1 EUR = 0.9383 CHF
CHF,2025-09-05,1.0649627263045793,ecb_daily,ECB reference rate: 1 EUR = 0.939 CHF
CHF,2025-09-08,1.0720411663807892,ecb_daily,ECB reference rate: 1 EUR = 0.9328 CHF
CHF,2025-09-09,1.0716964955524595,ecb_daily,ECB reference rate: 1 EUR = 0.9331 CHF
CHF,2025-09-10,1.0708931248661384,ecb_daily,ECB reference rate: 1 EUR = 0.9338 CHF
CHF,2025-09-11,1.0699764605178685,ecb_daily,ECB reference rate: 1 EUR = 0.9346 CHF
CHF,2025-09-12,1.0698619878035733,ecb_daily,ECB reference rate: 1 EUR = 0.9347 CHF
CHF,2025-09-15,1.0691756655618518,ecb_daily,ECB reference rate: 1 EUR = 0.9353 CHF
CHF,2025-09-16,1.0711225364181662,ecb_daily,ECB reference rate: 1 EUR = 0.9336 CHF
CHF,2025-09-17,1.0733068584308254,ecb_daily,ECB reference rate: 1 EUR = 0.9317 CHF
CHF,2025-09-18,1.0716964955524595,ecb_daily,ECB reference rate: 1 EUR = 0.9331 CHF
CHF,2025-09-19,1.0702054794520548,ecb_daily,ECB reference rate: 1 EUR = 0.9344 CHF
CHF,2025-09-22,1.069747539580659,ecb_daily,ECB reference rate: 1 EUR = 0.9348 CHF
CHF,2025-09-23,1.0702054794520548,ecb_daily,ECB reference rate: 1 EUR = 0.9344 CHF
CHF,2025-09-24,1.0712372790573113,ecb_daily,ECB reference rate: 1 EUR = 0.9335 CHF
CHF,2025-09-25,1.0702054794520548,ecb_daily,ECB reference rate: 1 EUR = 0.9344 CHF
CHF,2025-09-26,1.0715816545220747,ecb_daily,ECB reference rate: 1 EUR = 0.9332 CHF
CHF,2025-09-29,1.0687186063909373,ecb_daily,ECB reference rate: 1 EUR = 0.9357 CHF
CHF,2025-09-30,1.0679196924391285,ecb_daily,ECB reference rate: 1 EUR = 0.9364 CHF
CHF,2025-10-01,1.0678056593699947,ecb_daily,ECB reference rate: 1 EUR = 0.9365 CHF
CHF,2025-10-02,1.06951871657754,ecb_daily,ECB reference rate: 1 EUR = 0.935 CHF
CHF,2025-10-03,1.0703200256876806,ecb_daily,ECB reference rate: 1 EUR = 0.9343 CHF
CHF,2025-10-06,1.0736525660296328,ecb_daily,ECB reference rate: 1 EUR = 0.9314 CHF
CHF,2025-10-07,1.0736525660296328,ecb_daily,ECB reference rate: 1 EUR = 0.9314 CHF
CHF,2025-10-08,1.07469102632993,ecb_daily,ECB reference rate: 1 EUR = 0.9305 CHF
CHF,2025-10-09,1.074229240519927,ecb_daily,ECB reference rate: 1 EUR = 0.9309 CHF
CHF,2025-10-10,1.0725010725010724,ecb_daily,ECB reference rate: 1 EUR = 0.9324 CHF
CHF,2025-10-13,1.0748065348237317,ecb_daily,ECB reference rate: 1 EUR = 0.9304 CHF
CHF,2025-10-14,1.0757314974182444,ecb_daily,ECB reference rate: 1 EUR = 0.9296 CHF
CHF,2025-10-15,1.07469102632993,ecb_daily,ECB reference rate: 1 EUR = 0.9305 CHF
CHF,2025-10-16,1.075037626316921,ecb_daily,ECB reference rate: 1 EUR = 0.9302 CHF
CHF,2025-10-17,1.0802635843145727,ecb_daily,ECB reference rate: 1 EUR = 0.9257 CHF
CHF,2025-10-20,1.0823682216690118,ecb_daily,ECB reference rate: 1 EUR = 0.9239 CHF
CHF,2025-10-21,1.0834236186348862,ecb_daily,ECB reference rate: 1 EUR = 0.923 CHF
CHF,2025-10-22,1.083658430862592,ecb_daily,ECB reference rate: 1 EUR = 0.9228 CHF
CHF,2025-10-23,1.0811979673478214,ecb_daily,ECB reference rate: 1 EUR = 0.9249 CHF
CHF,2025-10-24,1.0813148788927336,ecb_daily,ECB reference rate: 1 EUR = 0.9248 CHF
CHF,2025-10-27,1.079447322970639,ecb_daily,ECB reference rate: 1 EUR = 0.9264 CHF
CHF,2025-10-28,1.0796804145972791,ecb_daily,ECB reference rate: 1 EUR = 0.9262 CHF
CHF,2025-10-29,1.0778184953653804,ecb_daily,ECB reference rate: 1 EUR = 0.9278 CHF
CHF,2025-10-30,1.0774701002047193,ecb_daily,ECB reference rate: 1 EUR = 0.9281 CHF
CHF,2025-10-31,1.0767739851405191,ecb_daily,ECB reference rate: 1 EUR = 0.9287 CHF
CHF,2025-11-03,1.0755001075500108,ecb_daily,ECB reference rate: 1 EUR = 0.9298 CHF
CHF,2025-11-04,1.0758472296933836,ecb_daily,ECB reference rate: 1 EUR = 0.9295 CHF
CHF,2025-11-05,1.0744600838078866,ecb_daily,ECB reference rate: 1 EUR = 0.9307 CHF
CHF,2025-11-06,1.07342206955775,ecb_daily,ECB reference rate: 1 EUR = 0.9316 CHF
CHF,2025-11-07,1.0738831615120275,ecb_daily,ECB reference rate: 1 EUR = 0.9312 CHF
CHF,2025-11-10,1.073191672032625,ecb_daily,ECB reference rate: 1 EUR = 0.9318 CHF
CHF,2025-11-11,1.0778184953653804,ecb_daily,ECB reference rate: 1 EUR = 0.9278 CHF
CHF,2025-11-12,1.081081081081081,ecb_daily,ECB reference rate: 1 EUR = 0.925 CHF
CHF,2025-11-13,1.081782778018174,ecb_daily,ECB reference rate: 1 EUR = 0.9244 CHF
CHF,2025-11-14,1.0887316276537833,ecb_daily,ECB reference rate: 1 EUR = 0.9185 CHF
CHF,2025-11-17,1.0840108401084012,ecb_daily,ECB reference rate: 1 EUR = 0.9225 CHF
CHF,2025-11-18,1.0830715910321673,ecb_daily,ECB reference rate: 1 EUR = 0.9233 CHF
CHF,2025-11-19,1.077121930202499,ecb_daily,ECB reference rate: 1 EUR = 0.9284 CHF
CHF,2025-11-20,1.0759629868732516,ecb_daily,ECB reference rate: 1 EUR = 0.9294 CHF
CHF,2025-11-21,1.0765421466250404,ecb_daily,ECB reference rate: 1 EUR = 0.9289 CHF
CHF,2025-11-24,1.0725010725010724,ecb_daily,ECB reference rate: 1 EUR = 0.9324 CHF
CHF,2025-11-25,1.0700909577314073,ecb_daily,ECB reference rate: 1 EUR = 0.9345 CHF
CHF,2025-11-26,1.0705491917353602,ecb_daily,ECB reference rate: 1 EUR = 0.9341 CHF
CHF,2025-11-27,1.071007818357074,ecb_daily,ECB reference rate: 1 EUR = 0.9337 CHF
CHF,2025-11-28,1.073191672032625,ecb_daily,ECB reference rate: 1 EUR = 0.9318 CHF
CHF,2025-12-01,1.0726161106939827,ecb_daily,ECB reference rate: 1 EUR = 0.9323 CHF
CHF,2025-12-02,1.0699764605178685,ecb_daily,ECB reference rate: 1 EUR = 0.9346 CHF
CHF,2025-12-03,1.0711225364181662,ecb_daily,ECB reference rate: 1 EUR = 0.9336 CHF
CHF,2025-12-04,1.070663811563169,ecb_daily,ECB reference rate: 1 EUR = 0.934 CHF
CHF,2025-12-05,1.0678056593699947,ecb_daily,ECB reference rate: 1 EUR = 0.9365 CHF
CHF,2025-12-08,1.0651896037494675,ecb_daily,ECB reference rate: 1 EUR = 0.9388 CHF
CHF,2025-12-09,1.0655301012253595,ecb_daily,ECB reference rate: 1 EUR = 0.9385 CHF
CHF,2025-12-10,1.0688328345446771,ecb_daily,ECB reference rate: 1 EUR = 0.9356 CHF
CHF,2025-12-11,1.0714668381013608,ecb_daily,ECB reference rate: 1 EUR = 0.9333 CHF
CHF,2025-12-12,1.0714668381013608,ecb_daily,ECB reference rate: 1 EUR = 0.9333 CHF
CHF,2025-12-15,1.0689470871191875,ecb_daily,ECB reference rate: 1 EUR = 0.9355 CHF
CHF,2025-12-16,1.0694043417816277,ecb_daily,ECB reference rate: 1 EUR = 0.9351 CHF
CHF,2025-12-17,1.0715816545220747,ecb_daily,ECB reference rate: 1 EUR = 0.9332 CHF
CHF,2025-12-18,1.07342206955775,ecb_daily,ECB reference rate: 1 EUR = 0.9316 CHF
CHF,2025-12-19,1.073191672032625,ecb_daily,ECB reference rate: 1 EUR = 0.9318 CHF
CHF,2025-12-22,1.07342206955775,ecb_daily,ECB reference rate: 1 EUR = 0.9316 CHF
CHF,2025-12-23,1.0767739851405191,ecb_daily,ECB reference rate: 1 EUR = 0.9287 CHF
CHF,2025-12-24,1.077121930202499,ecb_daily,ECB reference rate: 1 EUR = 0.9284 CHF
CHF,2025-12-29,1.0760787689658884,ecb_daily,ECB reference rate: 1 EUR = 0.9293 CHF
CHF,2025-12-30,1.0760787689658884,ecb_daily,ECB reference rate: 1 EUR = 0.9293 CHF
CHF,2025-12-31,1.0736525660296328,ecb_daily,ECB reference rate: 1 EUR = 0.9314 CHF
CHF,2026-01-02,1.0757314974182444,ecb_daily,ECB reference rate: 1 EUR = 0.9296 CHF
CHF,2026-01-05,1.0765421466250404,ecb_daily,ECB reference rate: 1 EUR = 0.9289 CHF
CHF,2026-01-06,1.0767739851405191,ecb_daily,ECB reference rate: 1 EUR = 0.9287 CHF
CHF,2026-01-07,1.0748065348237317,ecb_daily,ECB reference rate: 1 EUR = 0.9304 CHF
CHF,2026-01-08,1.0738831615120275,ecb_daily,ECB reference rate: 1 EUR = 0.9312 CHF
CHF,2026-01-09,1.0736525660296328,ecb_daily,ECB reference rate: 1 EUR = 0.9314 CHF
CHF,2026-01-12,1.0737678513905293,ecb_daily,ECB reference rate: 1 EUR = 0.9313 CHF
CHF,2026-01-13,1.073998496402105,ecb_daily,ECB reference rate: 1 EUR = 0.9311 CHF
CHF,2026-01-14,1.0714668381013608,ecb_daily,ECB reference rate: 1 EUR = 0.9333 CHF
CHF,2026-01-15,1.0736525660296328,ecb_daily,ECB reference rate: 1 EUR = 0.9314 CHF
CHF,2026-01-16,1.0737678513905293,ecb_daily,ECB reference rate: 1 EUR = 0.9313 CHF
CHF,2026-01-19,1.077354018530489,ecb_daily,ECB reference rate: 1 EUR = 0.9282 CHF
CHF,2026-01-20,1.0789814415192058,ecb_daily,ECB reference rate: 1 EUR = 0.9268 CHF
CHF,2026-01-21,1.0789814415192058,ecb_daily,ECB reference rate: 1 EUR = 0.9268 CHF
CHF,2026-01-22,1.0772379618657761,ecb_daily,ECB reference rate: 1 EUR = 0.9283 CHF
CHF,2026-01-23,1.0779346771585643,ecb_daily,ECB reference rate: 1 EUR = 0.9277 CHF
CHF,2026-01-26,1.0842459069717012,ecb_daily,ECB reference rate: 1 EUR = 0.9223 CHF
CHF,2026-01-27,1.0873110796999021,ecb_daily,ECB reference rate: 1 EUR = 0.9197 CHF
CHF,2026-01-28,1.08837614279495,ecb_daily,ECB reference rate: 1 EUR = 0.9188 CHF
CHF,2026-01-29,1.0890873448050533,ecb_daily,ECB reference rate: 1 EUR = 0.9182 CHF
CHF,2026-01-30,1.0920607185759528,ecb_daily,ECB reference rate: 1 EUR = 0.9157 CHF
CHF,2026-02-02,1.0870746820306554,ecb_daily,ECB reference rate: 1 EUR = 0.9199 CHF
CHF,2026-02-03,1.0901558922925978,ecb_daily,ECB reference rate: 1 EUR = 0.9173 CHF
CHF,2026-02-04,1.0907504363001745,ecb_daily,ECB reference rate: 1 EUR = 0.9168 CHF
CHF,2026-02-05,1.0915838882218099,ecb_daily,ECB reference rate: 1 EUR = 0.9161 CHF
CHF,2026-02-06,1.0899182561307903,ecb_daily,ECB reference rate: 1 EUR = 0.9175 CHF
CHF,2026-02-09,1.0928961748633879,ecb_daily,ECB reference rate: 1 EUR = 0.915 CHF
CHF,2026-02-10,1.0961306587745259,ecb_daily,ECB reference rate: 1 EUR = 0.9123 CHF
CHF,2026-02-11,1.094570928196147,ecb_daily,ECB reference rate: 1 EUR = 0.9136 CHF
CHF,2026-02-12,1.0938525486764383,ecb_daily,ECB reference rate: 1 EUR = 0.9142 CHF
CHF,2026-02-13,1.096371011950444,ecb_daily,ECB reference rate: 1 EUR = 0.9121 CHF
CHF,2026-02-16,1.0954102311315588,ecb_daily,ECB reference rate: 1 EUR = 0.9129 CHF
CHF,2026-02-17,1.0969723562966214,ecb_daily,ECB reference rate: 1 EUR = 0.9116 CHF
CHF,2026-02-18,1.0960105217010083,ecb_daily,ECB reference rate: 1 EUR = 0.9124 CHF
CHF,2026-02-19,1.096611470555982,ecb_daily,ECB reference rate: 1 EUR = 0.9119 CHF
CHF,2026-02-20,1.0950503723171265,ecb_daily,ECB reference rate: 1 EUR = 0.9132 CHF
CHF,2026-02-23,1.0934937124111537,ecb_daily,ECB reference rate: 1 EUR = 0.9145 CHF
CHF,2026-02-24,1.0964912280701753,ecb_daily,ECB reference rate: 1 EUR = 0.912 CHF
CHF,2026-02-25,1.095290251916758,ecb_daily,ECB reference rate: 1 EUR = 0.913 CHF
CHF,2026-02-26,1.0940919037199124,ecb_daily,ECB reference rate: 1 EUR = 0.914 CHF
CHF,2026-02-27,1.0984182776801406,ecb_daily,ECB reference rate: 1 EUR = 0.9104 CHF
CHF,2026-03-02,1.0968520346605244,ecb_daily,ECB reference rate: 1 EUR = 0.9117 CHF
CHF,2026-03-03,1.0980564401010213,ecb_daily,ECB reference rate: 1 EUR = 0.9107 CHF
CHF,2026-03-04,1.1010790574763267,ecb_daily,ECB reference rate: 1 EUR = 0.9082 CHF
CHF,2026-03-05,1.1032656663724625,ecb_daily,ECB reference rate: 1 EUR = 0.9064 CHF
CHF,2026-03-06,1.105583195135434,ecb_daily,ECB reference rate: 1 EUR = 0.9045 CHF
CHF,2026-03-09,1.1101243339253997,ecb_daily,ECB reference rate: 1 EUR = 0.9008 CHF
CHF,2026-03-10,1.1077877478675087,ecb_daily,ECB reference rate: 1 EUR = 0.9027 CHF
CHF,2026-03-11,1.107297087808659,ecb_daily,ECB reference rate: 1 EUR = 0.9031 CHF
CHF,2026-03-12,1.1076650420912715,ecb_daily,ECB reference rate: 1 EUR = 0.9028 CHF
CHF,2026-03-13,1.1069293779056897,ecb_daily,ECB reference rate: 1 EUR = 0.9034 CHF
CHF,2026-03-16,1.1060723371308483,ecb_daily,ECB reference rate: 1 EUR = 0.9041 CHF
CHF,2026-03-17,1.102779003087781,ecb_daily,ECB reference rate: 1 EUR = 0.9068 CHF
CHF,2026-03-18,1.1021712774165104,ecb_daily,ECB reference rate: 1 EUR = 0.9073 CHF
CHF,2026-03-19,1.096371011950444,ecb_daily,ECB reference rate: 1 EUR = 0.9121 CHF
CHF,2026-03-20,1.0993843447669305,ecb_daily,ECB reference rate: 1 EUR = 0.9096 CHF
CHF,2026-03-23,1.0960105217010083,ecb_daily,ECB reference rate: 1 EUR = 0.9124 CHF
CHF,2026-03-24,1.0934937124111537,ecb_daily,ECB reference rate: 1 EUR = 0.9145 CHF
CHF,2026-03-25,1.092537965694308,ecb_daily,ECB reference rate: 1 EUR = 0.9153 CHF
CHF,2026-03-26,1.0927767457108513,ecb_daily,ECB reference rate: 1 EUR = 0.9151 CHF
CZK,2024-01-02,0.04050714951188884,ecb_daily,ECB reference rate: 1 EUR = 24.687 CZK
CZK,2024-01-03,0.040526849037487336,ecb_daily,ECB reference rate: 1 EUR = 24.675 CZK
CZK,2024-01-04,0.04056466006814863,ecb_daily,ECB reference rate: 1 EUR = 24.652 CZK
CZK,2024-01-05,0.040623984400389994,ecb_daily,ECB reference rate: 1 EUR = 24.616 CZK
CZK,2024-01-08,0.04083632799738648,ecb_daily,ECB reference rate: 1 EUR = 24.488 CZK
CZK,2024-01-09,0.0406603236561763,ecb_daily,ECB reference rate: 1 EUR = 24.594 CZK
CZK,2024-01-10,0.04071329696278805,ecb_daily,ECB reference rate: 1 EUR = 24.562 CZK
CZK,2024-01-11,0.040553144896386714,ecb_daily,ECB reference rate: 1 EUR = 24.659 CZK
CZK,2024-01-12,0.0405038681194054,ecb_daily,ECB reference rate: 1 EUR = 24.689 CZK
CZK,2024-01-15,0.040462895524803755,ecb_daily,ECB reference rate: 1 EUR = 24.714 CZK
CZK,2024-01-16,0.04046944556859571,ecb_daily,ECB reference rate: 1 EUR = 24.71 CZK
CZK,2024-01-17,0.040395879620278734,ecb_daily,ECB reference rate: 1 EUR = 24.755 CZK
CZK,2024-01-18,0.04043017708417562,ecb_daily,ECB reference rate: 1 EUR = 24.734 CZK
CZK,2024-01-19,0.04030145488252126,ecb_daily,ECB reference rate: 1 EUR = 24.813 CZK
CZK,2024-01-22,0.04039098473220777,ecb_daily,ECB reference rate: 1 EUR = 24.758 CZK
CZK,2024-01-23,0.040283596519497256,ecb_daily,ECB reference rate: 1 EUR = 24.824 CZK
CZK,2024-01-24,0.04034535624949568,ecb_daily,ECB reference rate: 1 EUR = 24.786 CZK
CZK,2024-01-25,0.040394247859104865,ecb_daily,ECB reference rate: 1 EUR = 24.756 CZK
CZK,2024-01-26,0.04040730564085986,ecb_daily,ECB reference rate: 1 EUR = 24.748 CZK
CZK,2024-01-29,0.04031282754172377,ecb_daily,ECB reference rate: 1 EUR = 24.806 CZK
CZK,2024-01-30,0.04027224034473038,ecb_daily,ECB reference rate: 1 EUR = 24.831 CZK
CZK,2024-01-31,0.040175163713792136,ecb_daily,ECB reference rate: 1 EUR = 24.891 CZK
CZK,2024-02-01,0.040176777822418644,ecb_daily,ECB reference rate: 1 EUR = 24.89 CZK
CZK,2024-02-02,0.04020100502512563,ecb_daily,ECB reference rate: 1 EUR = 24.875 CZK
CZK,2024-02-05,0.03999040230344717,ecb_daily,ECB reference rate: 1 EUR = 25.006 CZK
CZK,2024-02-06,0.04012036108324975,ecb_daily,ECB reference rate: 1 EUR = 24.925 CZK
CZK,2024-02-07,0.04002561639449247,ecb_daily,ECB reference rate: 1 EUR = 24.984 CZK
CZK,2024-02-08,0.0400737356736395,ecb_daily,ECB reference rate: 1 EUR = 24.954 CZK
CZK,2024-02-09,0.03972668043858255,ecb_daily,ECB reference rate: 1 EUR = 25.172 CZK
CZK,2024-02-12,0.0396557877622239,ecb_daily,ECB reference rate: 1 EUR = 25.217 CZK
CZK,2024-02-13,0.039549139806209214,ecb_daily,ECB reference rate: 1 EUR = 25.285 CZK
CZK,2024-02-14,0.03945084424806691,ecb_daily,ECB reference rate: 1 EUR = 25.348 CZK
CZK,2024-02-15,0.039345294302801384,ecb_daily,ECB reference rate: 1 EUR = 25.416 CZK
CZK,2024-02-16,0.03927729772191673,ecb_daily,ECB reference rate: 1 EUR = 25.46 CZK
CZK,2024-02-19,0.03928501276762915,ecb_daily,ECB reference rate: 1 EUR = 25.455 CZK
CZK,2024-02-20,0.039325179912698106,ecb_daily,ECB reference rate: 1 EUR = 25.429 CZK
CZK,2024-02-21,0.039401103230890466,ecb_daily,ECB reference rate: 1 EUR = 25.38 CZK
CZK,2024-02-22,0.03951163617685408,ecb_daily,ECB reference rate: 1 EUR = 25.309 CZK
CZK,2024-02-23,0.039441508243275226,ecb_daily,ECB reference rate: 1 EUR = 25.354 CZK
CZK,2024-02-26,0.03942129538376631,ecb_daily,ECB reference rate: 1 EUR = 25.367 CZK
CZK,2024-02-27,0.03947576188220433,ecb_daily,ECB reference rate: 1 EUR = 25.332 CZK
CZK,2024-02-28,0.039444619753865574,ecb_daily,ECB reference rate: 1 EUR = 25.352 CZK
CZK,2024-02-29,0.03942751251823522,ecb_daily,ECB reference rate: 1 EUR = 25.363 CZK
CZK,2024-03-01,0.03947420360794221,ecb_daily,ECB reference rate: 1 EUR = 25.333 CZK
CZK,2024-03-04,0.039438397223536835,ecb_daily,ECB reference rate: 1 EUR = 25.356 CZK
CZK,2024-03-05,0.03944306393720664,ecb_daily,ECB reference rate: 1 EUR = 25.353 CZK
CZK,2024-03-06,0.03943373161402263,ecb_daily,ECB reference rate: 1 EUR = 25.359 CZK
CZK,2024-03-07,0.03943373161402263,ecb_daily,ECB reference rate: 1 EUR = 25.359 CZK
CZK,2024-03-08,0.03951319740793425,ecb_daily,ECB reference rate: 1 EUR = 25.308 CZK
CZK,2024-03-11,0.03949135139404471,ecb_daily,ECB reference rate: 1 EUR = 25.322 CZK
CZK,2024-03-12,0.03956948401392846,ecb_daily,ECB reference rate: 1 EUR = 25.272 CZK
CZK,2024-03-13,0.03956791833181656,ecb_daily,ECB reference rate: 1 EUR = 25.273 CZK
CZK,2024-03-14,0.039685689340423845,ecb_daily,ECB reference rate: 1 EUR = 25.198 CZK
CZK,2024-03-15,0.03973615195104506,ecb_daily,ECB reference rate: 1 EUR = 25.166 CZK
CZK,2024-03-18,0.03968253968253968,ecb_daily,ECB reference rate: 1 EUR = 25.2 CZK
CZK,2024-03-19,0.03957574798163685,ecb_daily,ECB reference rate: 1 EUR = 25.268 CZK
CZK,2024-03-20,0.03954288425797777,ecb_daily,ECB reference rate: 1 EUR = 25.289 CZK
CZK,2024-03-21,0.03961494275640772,ecb_daily,ECB reference rate: 1 EUR = 25.243 CZK
CZK,2024-03-22,0.03941508020968823,ecb_daily,ECB reference rate: 1 EUR = 25.371 CZK
CZK,2024-03-25,0.03957888070925354,ecb_daily,ECB reference rate: 1 EUR = 25.266 CZK
CZK,2024-03-26,0.03956165684218855,ecb_daily,ECB reference rate: 1 EUR = 25.277 CZK
CZK,2024-03-27,0.03949603064891979,ecb_daily,ECB reference rate: 1 EUR = 25.319 CZK
CZK,2024-03-28,0.03951788184153329,ecb_daily,ECB reference rate: 1 EUR = 25.305 CZK
CZK,2024-04-02,0.03943062182090611,ecb_daily,ECB reference rate: 1 EUR = 25.361 CZK
CZK,2024-04-03,0.039444619753865574,ecb_daily,ECB reference rate: 1 EUR = 25.352 CZK
CZK,2024-04-04,0.03949135139404471,ecb_daily,ECB reference rate: 1 EUR = 25.322 CZK
CZK,2024-04-05,0.03954757573360753,ecb_daily,ECB reference rate: 1 EUR = 25.286 CZK
CZK,2024-04-08,0.039441508243275226,ecb_daily,ECB reference rate: 1 EUR = 25.354 CZK
CZK,2024-04-09,0.039401103230890466,ecb_daily,ECB reference rate: 1 EUR = 25.38 CZK
CZK,2024-04-10,0.03941974140649637,ecb_daily,ECB reference rate: 1 EUR = 25.368 CZK
CZK,2024-04-11,0.03938248267170762,ecb_daily,ECB reference rate: 1 EUR = 25.392 CZK
CZK,2024-04-12,0.03946797174093224,ecb_daily,ECB reference rate: 1 EUR = 25.337 CZK
CZK,2024-04-15,0.039488232506712996,ecb_daily,ECB reference rate: 1 EUR = 25.324 CZK
CZK,2024-04-16,0.03966679888932963,ecb_daily,ECB reference rate: 1 EUR = 25.21 CZK
CZK,2024-04-17,0.03963849690819724,ecb_daily,ECB reference rate: 1 EUR = 25.228 CZK
CZK,2024-04-18,0.039597687495050285,ecb_daily,ECB reference rate: 1 EUR = 25.254 CZK
CZK,2024-04-19,0.03957731428345273,ecb_daily,ECB reference rate: 1 EUR = 25.267 CZK
CZK,2024-04-22,0.039564787339268055,ecb_daily,ECB reference rate: 1 EUR = 25.275 CZK
CZK,2024-04-23,0.03959455178967374,ecb_daily,ECB reference rate: 1 EUR = 25.256 CZK
CZK,2024-04-24,0.03961651216226923,ecb_daily,ECB reference rate: 1 EUR = 25.242 CZK
CZK,2024-04-25,0.03975826972010178,ecb_daily,ECB reference rate: 1 EUR = 25.152 CZK
CZK,2024-04-26,0.039739310125576216,ecb_daily,ECB reference rate: 1 EUR = 25.164 CZK
CZK,2024-04-29,0.039721946375372394,ecb_daily,ECB reference rate: 1 EUR = 25.175 CZK
CZK,2024-04-30,0.03977724741447892,ecb_daily,ECB reference rate: 1 EUR = 25.14 CZK
CZK,2024-05-02,0.03985651654045436,ecb_daily,ECB reference rate: 1 EUR = 25.09 CZK
CZK,2024-05-03,0.03996003996003996,ecb_daily,ECB reference rate: 1 EUR = 25.025 CZK
CZK,2024-05-06,0.040008001600320066,ecb_daily,ECB reference rate: 1 EUR = 24.995 CZK
CZK,2024-05-07,0.03997761253697929,ecb_daily,ECB reference rate: 1 EUR = 25.014 CZK
CZK,2024-05-08,0.03994248282473238,ecb_daily,ECB reference rate: 1 EUR = 25.036 CZK
CZK,2024-05-09,0.04010427110487267,ecb_daily,ECB reference rate: 1 EUR = 24.935 CZK
CZK,2024-05-10,0.04010266281681104,ecb_daily,ECB reference rate: 1 EUR = 24.936 CZK
CZK,2024-05-13,0.04035675370273215,ecb_daily,ECB reference rate: 1 EUR = 24.779 CZK
CZK,2024-05-14,0.04040404040404041,ecb_daily,ECB reference rate: 1 EUR = 24.75 CZK
CZK,2024-05-15,0.04037793749495276,ecb_daily,ECB reference rate: 1 EUR = 24.766 CZK
CZK,2024-05-16,0.040471083410902914,ecb_daily,ECB reference rate: 1 EUR = 24.709 CZK
CZK,2024-05-17,0.0404498017959712,ecb_daily,ECB reference rate: 1 EUR = 24.722 CZK
CZK,2024-05-20,0.04040730564085986,ecb_daily,ECB reference rate: 1 EUR = 24.748 CZK
CZK,2024-05-21,0.04051535531966616,ecb_daily,ECB reference rate: 1 EUR = 24.682 CZK
CZK,2024-05-22,0.04040730564085986,ecb_daily,ECB reference rate: 1 EUR = 24.748 CZK
CZK,2024-05-23,0.0404236397445226,ecb_daily,ECB reference rate: 1 EUR = 24.738 CZK
CZK,2024-05-24,0.04042690815006468,ecb_daily,ECB reference rate: 1 EUR = 24.736 CZK
CZK,2024-05-27,0.04043181174948449,ecb_daily,ECB reference rate: 1 EUR = 24.733 CZK
CZK,2024-05-28,0.04055972419387548,ecb_daily,ECB reference rate: 1 EUR = 24.655 CZK
CZK,2024-05-29,0.04043508147668917,ecb_daily,ECB reference rate: 1 EUR = 24.731 CZK
CZK,2024-05-30,0.04037141703673799,ecb_daily,ECB reference rate: 1 EUR = 24.77 CZK
CZK,2024-05-31,0.040471083410902914,ecb_daily,ECB reference rate: 1 EUR = 24.709 CZK
CZK,2024-06-03,0.04044652968775279,ecb_daily,ECB reference rate: 1 EUR = 24.724 CZK
CZK,2024-06-04,0.040395879620278734,ecb_daily,ECB reference rate: 1 EUR = 24.755 CZK
CZK,2024-06-05,0.040561369351829316,ecb_daily,ECB reference rate: 1 EUR = 24.654 CZK
CZK,2024-06-06,0.040597596622279956,ecb_daily,ECB reference rate: 1 EUR = 24.632 CZK
CZK,2024-06-07,0.04068844854945681,ecb_daily,ECB reference rate: 1 EUR = 24.577 CZK
CZK,2024-06-10,0.040591005033284625,ecb_daily,ECB reference rate: 1 EUR = 24.636 CZK
CZK,2024-06-11,0.04047599773334413,ecb_daily,ECB reference rate: 1 EUR = 24.706 CZK
CZK,2024-06-12,0.04050879040751843,ecb_daily,ECB reference rate: 1 EUR = 24.686 CZK
CZK,2024-06-13,0.04048746912830479,ecb_daily,ECB reference rate: 1 EUR = 24.699 CZK
CZK,2024-06-14,0.04042690815006468,ecb_daily,ECB reference rate: 1 EUR = 24.736 CZK
CZK,2024-06-17,0.04048746912830479,ecb_daily,ECB reference rate: 1 EUR = 24.699 CZK
CZK,2024-06-18,0.04037630718294505,ecb_daily,ECB reference rate: 1 EUR = 24.767 CZK
CZK,2024-06-19,0.04014452027298274,ecb_daily,ECB reference rate: 1 EUR = 24.91 CZK
CZK,2024-06-20,0.040163868583821996,ecb_daily,ECB reference rate: 1 EUR = 24.898 CZK
CZK,2024-06-21,0.04008176680428073,ecb_daily,ECB reference rate: 1 EUR = 24.949 CZK
CZK,2024-06-24,0.04017193588559032,ecb_daily,ECB reference rate: 1 EUR = 24.893 CZK
CZK,2024-06-25,0.04029171199484266,ecb_daily,ECB reference rate: 1 EUR = 24.819 CZK
CZK,2024-06-26,0.0401977730433734,ecb_daily,ECB reference rate: 1 EUR = 24.877 CZK
CZK,2024-06-27,0.0401074880680223,ecb_daily,ECB reference rate: 1 EUR = 24.933 CZK
CZK,2024-06-28,0.03996003996003996,ecb_daily,ECB reference rate: 1 EUR = 25.025 CZK
CZK,2024-07-01,0.03992334717342702,ecb_daily,ECB reference rate: 1 EUR = 25.048 CZK
CZK,2024-07-02,0.03970617431010522,ecb_daily,ECB reference rate: 1 EUR = 25.185 CZK
CZK,2024-07-03,0.03969199015638644,ecb_daily,ECB reference rate: 1 EUR = 25.194 CZK
CZK,2024-07-04,0.03977250129260629,ecb_daily,ECB reference rate: 1 EUR = 25.143 CZK
CZK,2024-07-05,0.03967939052456154,ecb_daily,ECB reference rate: 1 EUR = 25.202 CZK
CZK,2024-07-08,0.03974246880216199,ecb_daily,ECB reference rate: 1 EUR = 25.162 CZK
CZK,2024-07-09,0.03963378383734295,ecb_daily,ECB reference rate: 1 EUR = 25.231 CZK
CZK,2024-07-10,0.0394026557389968,ecb_daily,ECB reference rate: 1 EUR = 25.379 CZK
CZK,2024-07-11,0.03943062182090611,ecb_daily,ECB reference rate: 1 EUR = 25.361 CZK
CZK,2024-07-12,0.03946174184128487,ecb_daily,ECB reference rate: 1 EUR = 25.341 CZK
CZK,2024-07-15,0.0393360081818897,ecb_daily,ECB reference rate: 1 EUR = 25.422 CZK
CZK,2024-07-16,0.039444619753865574,ecb_daily,ECB reference rate: 1 EUR = 25.352 CZK
CZK,2024-07-17,0.039541320680110716,ecb_daily,ECB reference rate: 1 EUR = 25.29 CZK
CZK,2024-07-18,0.039582013932868906,ecb_daily,ECB reference rate: 1 EUR = 25.264 CZK
CZK,2024-07-19,0.03958671469854717,ecb_daily,ECB reference rate: 1 EUR = 25.261 CZK
CZK,2024-07-22,0.03963378383734295,ecb_daily,ECB reference rate: 1 EUR = 25.231 CZK
CZK,2024-07-23,0.03942906710827222,ecb_daily,ECB reference rate: 1 EUR = 25.362 CZK
CZK,2024-07-24,0.03933136676499508,ecb_daily,ECB reference rate: 1 EUR = 25.425 CZK
CZK,2024-07-25,0.03938713616132971,ecb_daily,ECB reference rate: 1 EUR = 25.389 CZK
CZK,2024-07-26,0.039416633819471816,ecb_daily,ECB reference rate: 1 EUR = 25.37 CZK
CZK,2024-07-29,0.03941508020968823,ecb_daily,ECB reference rate: 1 EUR = 25.371 CZK
CZK,2024-07-30,0.039325179912698106,ecb_daily,ECB reference rate: 1 EUR = 25.429 CZK
CZK,2024-07-31,0.03928192638566995,ecb_daily,ECB reference rate: 1 EUR = 25.457 CZK
CZK,2024-08-01,0.039286556140488725,ecb_daily,ECB reference rate: 1 EUR = 25.454 CZK
CZK,2024-08-02,0.03957104981995172,ecb_daily,ECB reference rate: 1 EUR = 25.271 CZK
CZK,2024-08-05,0.039503831871691555,ecb_daily,ECB reference rate: 1 EUR = 25.314 CZK
CZK,2024-08-06,0.03954757573360753,ecb_daily,ECB reference rate: 1 EUR = 25.286 CZK
CZK,2024-08-07,0.03957261574990107,ecb_daily,ECB reference rate: 1 EUR = 25.27 CZK
CZK,2024-08-08,0.03956791833181656,ecb_daily,ECB reference rate: 1 EUR = 25.273 CZK
CZK,2024-08-09,0.0396290718871364,ecb_daily,ECB reference rate: 1 EUR = 25.234 CZK
CZK,2024-08-12,0.03971721344030503,ecb_daily,ECB reference rate: 1 EUR = 25.178 CZK
CZK,2024-08-13,0.03967781613300004,ecb_daily,ECB reference rate: 1 EUR = 25.203 CZK
CZK,2024-08-14,0.03968726435686788,ecb_daily,ECB reference rate: 1 EUR = 25.197 CZK
CZK,2024-08-15,0.03968253968253968,ecb_daily,ECB reference rate: 1 EUR = 25.2 CZK
CZK,2024-08-16,0.039621221126035104,ecb_daily,ECB reference rate: 1 EUR = 25.239 CZK
CZK,2024-08-19,0.03971248163297724,ecb_daily,ECB reference rate: 1 EUR = 25.181 CZK
CZK,2024-08-20,0.03974878766197631,ecb_daily,ECB reference rate: 1 EUR = 25.158 CZK
CZK,2024-08-21,0.039824771007566706,ecb_daily,ECB reference rate: 1 EUR = 25.11 CZK
CZK,2024-08-22,0.03985333970986769,ecb_daily,ECB reference rate: 1 EUR = 25.092 CZK
CZK,2024-08-23,0.03987558816492543,ecb_daily,ECB reference rate: 1 EUR = 25.078 CZK
CZK,2024-08-26,0.03994567388351842,ecb_daily,ECB reference rate: 1 EUR = 25.034 CZK
CZK,2024-08-27,0.03994567388351842,ecb_daily,ECB reference rate: 1 EUR = 25.034 CZK
CZK,2024-08-28,0.039915379395681155,ecb_daily,ECB reference rate: 1 EUR = 25.053 CZK
CZK,2024-08-29,0.03993131813281157,ecb_daily,ECB reference rate: 1 EUR = 25.043 CZK
CZK,2024-08-30,0.039950461427829494,ecb_daily,ECB reference rate: 1 EUR = 25.031 CZK
CZK,2024-09-02,0.039928129367139145,ecb_daily,ECB reference rate: 1 EUR = 25.045 CZK
CZK,2024-09-03,0.039886721710342625,ecb_daily,ECB reference rate: 1 EUR = 25.071 CZK
CZK,2024-09-04,0.0398628717212788,ecb_daily,ECB reference rate: 1 EUR = 25.086 CZK
CZK,2024-09-05,0.039956846605665876,ecb_daily,ECB reference rate: 1 EUR = 25.027 CZK
CZK,2024-09-06,0.03994567388351842,ecb_daily,ECB reference rate: 1 EUR = 25.034 CZK
CZK,2024-09-09,0.03991856612510479,ecb_daily,ECB reference rate: 1 EUR = 25.051 CZK
CZK,2024-09-10,0.039907414797669405,ecb_daily,ECB reference rate: 1 EUR = 25.058 CZK
CZK,2024-09-11,0.03985969387755102,ecb_daily,ECB reference rate: 1 EUR = 25.088 CZK
CZK,2024-09-12,0.03980574795000398,ecb_daily,ECB reference rate: 1 EUR = 25.122 CZK
CZK,2024-09-13,0.039766174891637175,ecb_daily,ECB reference rate: 1 EUR = 25.147 CZK
CZK,2024-09-16,0.03979624323463865,ecb_daily,ECB reference rate: 1 EUR = 25.128 CZK
CZK,2024-09-17,0.03980099502487562,ecb_daily,ECB reference rate: 1 EUR = 25.125 CZK
CZK,2024-09-18,0.03988831272437176,ecb_daily,ECB reference rate: 1 EUR = 25.07 CZK
CZK,2024-09-19,0.039870818547904786,ecb_daily,ECB reference rate: 1 EUR = 25.081 CZK
CZK,2024-09-20,0.03987558816492543,ecb_daily,ECB reference rate: 1 EUR = 25.078 CZK
CZK,2024-09-23,0.03984381225595665,ecb_daily,ECB reference rate: 1 EUR = 25.098 CZK
CZK,2024-09-24,0.03975352812562115,ecb_daily,ECB reference rate: 1 EUR = 25.155 CZK
CZK,2024-09-25,0.03980416351550372,ecb_daily,ECB reference rate: 1 EUR = 25.123 CZK
CZK,2024-09-26,0.03974720775865496,ecb_daily,ECB reference rate: 1 EUR = 25.159 CZK
CZK,2024-09-27,0.03974878766197631,ecb_daily,ECB reference rate: 1 EUR = 25.158 CZK
CZK,2024-09-30,0.03970775095298602,ecb_daily,ECB reference rate: 1 EUR = 25.184 CZK
CZK,2024-10-01,0.03956948401392846,ecb_daily,ECB reference rate: 1 EUR = 25.272 CZK
CZK,2024-10-02,0.03950071101279823,ecb_daily,ECB reference rate: 1 EUR = 25.316 CZK
CZK,2024-10-03,0.03943684189770083,ecb_daily,ECB reference rate: 1 EUR = 25.357 CZK
CZK,2024-10-04,0.03945240067858129,ecb_daily,ECB reference rate: 1 EUR = 25.347 CZK
CZK,2024-10-07,0.039453957231910364,ecb_daily,ECB reference rate: 1 EUR = 25.346 CZK
CZK,2024-10-08,0.03950539248607435,ecb_daily,ECB reference rate: 1 EUR = 25.313 CZK
CZK,2024-10-09,0.03945084424806691,ecb_daily,ECB reference rate: 1 EUR = 25.348 CZK
CZK,2024-10-10,0.03949915076825848,ecb_daily,ECB reference rate: 1 EUR = 25.317 CZK
CZK,2024-10-11,0.03953663068833274,ecb_daily,ECB reference rate: 1 EUR = 25.293 CZK
CZK,2024-10-14,0.0395835807307129,ecb_daily,ECB reference rate: 1 EUR = 25.263 CZK
CZK,2024-10-15,0.03961651216226923,ecb_daily,ECB reference rate: 1 EUR = 25.242 CZK
CZK,2024-10-16,0.03953194180898166,ecb_daily,ECB reference rate: 1 EUR = 25.296 CZK
CZK,2024-10-17,0.03959455178967374,ecb_daily,ECB reference rate: 1 EUR = 25.256 CZK
CZK,2024-10-18,0.03963692576003805,ecb_daily,ECB reference rate: 1 EUR = 25.229 CZK
CZK,2024-10-21,0.03957574798163685,ecb_daily,ECB reference rate: 1 EUR = 25.268 CZK
CZK,2024-10-22,0.0396008236971329,ecb_daily,ECB reference rate: 1 EUR = 25.252 CZK
CZK,2024-10-23,0.03962750148603131,ecb_daily,ECB reference rate: 1 EUR = 25.235 CZK
CZK,2024-10-24,0.03963535473642489,ecb_daily,ECB reference rate: 1 EUR = 25.23 CZK
CZK,2024-10-25,0.039603960396039604,ecb_daily,ECB reference rate: 1 EUR = 25.25 CZK
CZK,2024-10-28,0.03945084424806691,ecb_daily,ECB reference rate: 1 EUR = 25.348 CZK
CZK,2024-10-29,0.03941352672237112,ecb_daily,ECB reference rate: 1 EUR = 25.372 CZK
CZK,2024-10-30,0.039405761122276076,ecb_daily,ECB reference rate: 1 EUR = 25.377 CZK
CZK,2024-10-31,0.03948355509930114,ecb_daily,ECB reference rate: 1 EUR = 25.327 CZK
CZK,2024-11-01,0.03947887879984209,ecb_daily,ECB reference rate: 1 EUR = 25.33 CZK
CZK,2024-11-04,0.039544447959506485,ecb_daily,ECB reference rate: 1 EUR = 25.288 CZK
CZK,2024-11-05,0.03945862762893106,ecb_daily,ECB reference rate: 1 EUR = 25.343 CZK
CZK,2024-11-06,0.03946485654524646,ecb_daily,ECB reference rate: 1 EUR = 25.339 CZK
CZK,2024-11-07,0.039585147652600745,ecb_daily,ECB reference rate: 1 EUR = 25.262 CZK
CZK,2024-11-08,0.039669946048873375,ecb_daily,ECB reference rate: 1 EUR = 25.208 CZK
CZK,2024-11-11,0.03946485654524646,ecb_daily,ECB reference rate: 1 EUR = 25.339 CZK
CZK,2024-11-12,0.03938558487593541,ecb_daily,ECB reference rate: 1 EUR = 25.39 CZK
CZK,2024-11-13,0.03953350464518679,ecb_daily,ECB reference rate: 1 EUR = 25.295 CZK
CZK,2024-11-14,0.03951788184153329,ecb_daily,ECB reference rate: 1 EUR = 25.305 CZK
CZK,2024-11-15,0.03954757573360753,ecb_daily,ECB reference rate: 1 EUR = 25.286 CZK
CZK,2024-11-18,0.03955383276639506,ecb_daily,ECB reference rate: 1 EUR = 25.282 CZK
CZK,2024-11-19,0.039550704002531245,ecb_daily,ECB reference rate: 1 EUR = 25.284 CZK
CZK,2024-11-20,0.03954757573360753,ecb_daily,ECB reference rate: 1 EUR = 25.286 CZK
CZK,2024-11-21,0.039453957231910364,ecb_daily,ECB reference rate: 1 EUR = 25.346 CZK
CZK,2024-11-22,0.03943528669453427,ecb_daily,ECB reference rate: 1 EUR = 25.358 CZK
CZK,2024-11-25,0.03953350464518679,ecb_daily,ECB reference rate: 1 EUR = 25.295 CZK
CZK,2024-11-26,0.039535067604965606,ecb_daily,ECB reference rate: 1 EUR = 25.294 CZK
CZK,2024-11-27,0.03957731428345273,ecb_daily,ECB reference rate: 1 EUR = 25.267 CZK
CZK,2024-11-28,0.03957104981995172,ecb_daily,ECB reference rate: 1 EUR = 25.271 CZK
CZK,2024-11-29,0.03959455178967374,ecb_daily,ECB reference rate: 1 EUR = 25.256 CZK
CZK,2024-12-02,0.03957888070925354,ecb_daily,ECB reference rate: 1 EUR = 25.266 CZK
CZK,2024-12-03,0.03964478274659055,ecb_daily,ECB reference rate: 1 EUR = 25.224 CZK
CZK,2024-12-04,0.039688839498333066,ecb_daily,ECB reference rate: 1 EUR = 25.196 CZK
CZK,2024-12-05,0.03976775630318937,ecb_daily,ECB reference rate: 1 EUR = 25.146 CZK
CZK,2024-12-06,0.039824771007566706,ecb_daily,ECB reference rate: 1 EUR = 25.11 CZK
CZK,2024-12-09,0.03985175148447774,ecb_daily,ECB reference rate: 1 EUR = 25.093 CZK
CZK,2024-12-10,0.03984381225595665,ecb_daily,ECB reference rate: 1 EUR = 25.098 CZK
CZK,2024-12-11,0.039813672014969936,ecb_daily,ECB reference rate: 1 EUR = 25.117 CZK
CZK,2024-12-12,0.03989626969878316,ecb_daily,ECB reference rate: 1 EUR = 25.065 CZK
CZK,2024-12-13,0.0399696230864543,ecb_daily,ECB reference rate: 1 EUR = 25.019 CZK
CZK,2024-12-16,0.03994248282473238,ecb_daily,ECB reference rate: 1 EUR = 25.036 CZK
CZK,2024-12-17,0.03989786147462496,ecb_daily,ECB reference rate: 1 EUR = 25.064 CZK
CZK,2024-12-18,0.03979782703864369,ecb_daily,ECB reference rate: 1 EUR = 25.127 CZK
CZK,2024-12-19,0.03979782703864369,ecb_daily,ECB reference rate: 1 EUR = 25.127 CZK
CZK,2024-12-20,0.03980733251064846,ecb_daily,ECB reference rate: 1 EUR = 25.121 CZK
CZK,2024-12-23,0.0397377309755613,ecb_daily,ECB reference rate: 1 EUR = 25.165 CZK
CZK,2024-12-24,0.03978516013526954,ecb_daily,ECB reference rate: 1 EUR = 25.135 CZK
CZK,2024-12-27,0.0396809650410698,ecb_daily,ECB reference rate: 1 EUR = 25.201 CZK
CZK,2024-12-30,0.039641639578212956,ecb_daily,ECB reference rate: 1 EUR = 25.226 CZK
CZK,2024-12-31,0.03970617431010522,ecb_daily,ECB reference rate: 1 EUR = 25.185 CZK
CZK,2025-01-02,0.03971879096000318,ecb_daily,ECB reference rate: 1 EUR = 25.177 CZK
CZK,2025-01-03,0.03973615195104506,ecb_daily,ECB reference rate: 1 EUR = 25.166 CZK
CZK,2025-01-06,0.039755108531446294,ecb_daily,ECB reference rate: 1 EUR = 25.154 CZK
CZK,2025-01-07,0.039781994669212714,ecb_daily,ECB reference rate: 1 EUR = 25.137 CZK
CZK,2025-01-08,0.039761431411530816,ecb_daily,ECB reference rate: 1 EUR = 25.15 CZK
CZK,2025-01-09,0.03981525720656155,ecb_daily,ECB reference rate: 1 EUR = 25.116 CZK
CZK,2025-01-10,0.03985651654045436,ecb_daily,ECB reference rate: 1 EUR = 25.09 CZK
CZK,2025-01-13,0.03963535473642489,ecb_daily,ECB reference rate: 1 EUR = 25.23 CZK
CZK,2025-01-14,0.039535067604965606,ecb_daily,ECB reference rate: 1 EUR = 25.294 CZK
CZK,2025-01-15,0.03965421524308034,ecb_daily,ECB reference rate: 1 EUR = 25.218 CZK
CZK,2025-01-16,0.03963378383734295,ecb_daily,ECB reference rate: 1 EUR = 25.231 CZK
CZK,2025-01-17,0.039580447259054026,ecb_daily,ECB reference rate: 1 EUR = 25.265 CZK
CZK,2025-01-20,0.039668372406680155,ecb_daily,ECB reference rate: 1 EUR = 25.209 CZK
CZK,2025-01-21,0.03971721344030503,ecb_daily,ECB reference rate: 1 EUR = 25.178 CZK
CZK,2025-01-22,0.03977882970683003,ecb_daily,ECB reference rate: 1 EUR = 25.139 CZK
CZK,2025-01-23,0.03977724741447892,ecb_daily,ECB reference rate: 1 EUR = 25.14 CZK
CZK,2025-01-24,0.03984539984858748,ecb_daily,ECB reference rate: 1 EUR = 25.097 CZK
CZK,2025-01-27,0.039837463150346586,ecb_daily,ECB reference rate: 1 EUR = 25.102 CZK
CZK,2025-01-28,0.039854928061854845,ecb_daily,ECB reference rate: 1 EUR = 25.091 CZK
CZK,2025-01-29,0.03980574795000398,ecb_daily,ECB reference rate: 1 EUR = 25.122 CZK
CZK,2025-01-30,0.03980733251064846,ecb_daily,ECB reference rate: 1 EUR = 25.121 CZK
CZK,2025-01-31,0.03973615195104506,ecb_daily,ECB reference rate: 1 EUR = 25.166 CZK
CZK,2025-02-03,0.039597687495050285,ecb_daily,ECB reference rate: 1 EUR = 25.254 CZK
CZK,2025-02-04,0.03972668043858255,ecb_daily,ECB reference rate: 1 EUR = 25.172 CZK
CZK,2025-02-05,0.03978357733927435,ecb_daily,ECB reference rate: 1 EUR = 25.136 CZK
CZK,2025-02-06,0.03977882970683003,ecb_daily,ECB reference rate: 1 EUR = 25.139 CZK
CZK,2025-02-07,0.039827943285008764,ecb_daily,ECB reference rate: 1 EUR = 25.108 CZK
CZK,2025-02-10,0.03988354006301599,ecb_daily,ECB reference rate: 1 EUR = 25.073 CZK
CZK,2025-02-11,0.03983905023704235,ecb_daily,ECB reference rate: 1 EUR = 25.101 CZK
CZK,2025-02-12,0.03988035892323031,ecb_daily,ECB reference rate: 1 EUR = 25.075 CZK
CZK,2025-02-13,0.0399090074629844,ecb_daily,ECB reference rate: 1 EUR = 25.057 CZK
CZK,2025-02-14,0.03993131813281157,ecb_daily,ECB reference rate: 1 EUR = 25.043 CZK
CZK,2025-02-17,0.03991060025542784,ecb_daily,ECB reference rate: 1 EUR = 25.056 CZK
CZK,2025-02-18,0.03984381225595665,ecb_daily,ECB reference rate: 1 EUR = 25.098 CZK
CZK,2025-02-19,0.03983905023704235,ecb_daily,ECB reference rate: 1 EUR = 25.101 CZK
CZK,2025-02-20,0.03988354006301599,ecb_daily,ECB reference rate: 1 EUR = 25.073 CZK
CZK,2025-02-21,0.03986922892911251,ecb_daily,ECB reference rate: 1 EUR = 25.082 CZK
CZK,2025-02-24,0.039901045407389674,ecb_daily,ECB reference rate: 1 EUR = 25.062 CZK
CZK,2025-02-25,0.04009783872649264,ecb_daily,ECB reference rate: 1 EUR = 24.939 CZK
CZK,2025-02-26,0.04008337341670675,ecb_daily,ECB reference rate: 1 EUR = 24.948 CZK
CZK,2025-02-27,0.04002081082162725,ecb_daily,ECB reference rate: 1 EUR = 24.987 CZK
CZK,2025-02-28,0.0399536537616365,ecb_daily,ECB reference rate: 1 EUR = 25.029 CZK
CZK,2025-03-03,0.03984539984858748,ecb_daily,ECB reference rate: 1 EUR = 25.097 CZK
CZK,2025-03-04,0.03996003996003996,ecb_daily,ECB reference rate: 1 EUR = 25.025 CZK
CZK,2025-03-05,0.03992334717342702,ecb_daily,ECB reference rate: 1 EUR = 25.048 CZK
CZK,2025-03-06,0.03992494111071186,ecb_daily,ECB reference rate: 1 EUR = 25.047 CZK
CZK,2025-03-07,0.03997441637352095,ecb_daily,ECB reference rate: 1 EUR = 25.016 CZK
CZK,2025-03-10,0.04006891853988861,ecb_daily,ECB reference rate: 1 EUR = 24.957 CZK
CZK,2025-03-11,0.04005928774586388,ecb_daily,ECB reference rate: 1 EUR = 24.963 CZK
CZK,2025-03-12,0.0399792108103786,ecb_daily,ECB reference rate: 1 EUR = 25.013 CZK
CZK,2025-03-13,0.03985175148447774,ecb_daily,ECB reference rate: 1 EUR = 25.093 CZK
CZK,2025-03-14,0.03997761253697929,ecb_daily,ECB reference rate: 1 EUR = 25.014 CZK
CZK,2025-03-17,0.039944078290393446,ecb_daily,ECB reference rate: 1 EUR = 25.035 CZK
CZK,2025-03-18,0.039939292275740876,ecb_daily,ECB reference rate: 1 EUR = 25.038 CZK
CZK,2025-03-19,0.040009602304553096,ecb_daily,ECB reference rate: 1 EUR = 24.994 CZK
CZK,2025-03-20,0.0399792108103786,ecb_daily,ECB reference rate: 1 EUR = 25.013 CZK
CZK,2025-03-21,0.040030423121572394,ecb_daily,ECB reference rate: 1 EUR = 24.981 CZK
CZK,2025-03-24,0.040048057669203045,ecb_daily,ECB reference rate: 1 EUR = 24.97 CZK
CZK,2025-03-25,0.040186465198521135,ecb_daily,ECB reference rate: 1 EUR = 24.884 CZK
CZK,2025-03-26,0.040105879521937914,ecb_daily,ECB reference rate: 1 EUR = 24.934 CZK
CZK,2025-03-27,0.04002882075094068,ecb_daily,ECB reference rate: 1 EUR = 24.982 CZK
CZK,2025-03-28,0.04006410256410256,ecb_daily,ECB reference rate: 1 EUR = 24.96 CZK
CZK,2025-03-31,0.04006089255668616,ecb_daily,ECB reference rate: 1 EUR = 24.962 CZK
CZK,2025-04-01,0.0400737356736395,ecb_daily,ECB reference rate: 1 EUR = 24.954 CZK
CZK,2025-04-02,0.04005928774586388,ecb_daily,ECB reference rate: 1 EUR = 24.963 CZK
CZK,2025-04-03,0.04004485023226013,ecb_daily,ECB reference rate: 1 EUR = 24.972 CZK
CZK,2025-04-04,0.03977408320738207,ecb_daily,ECB reference rate: 1 EUR = 25.142 CZK
CZK,2025-04-07,0.03969041476483429,ecb_daily,ECB reference rate: 1 EUR = 25.195 CZK
CZK,2025-04-08,0.03977882970683003,ecb_daily,ECB reference rate: 1 EUR = 25.139 CZK
CZK,2025-04-09,0.03973299427844883,ecb_daily,ECB reference rate: 1 EUR = 25.168 CZK
CZK,2025-04-10,0.039824771007566706,ecb_daily,ECB reference rate: 1 EUR = 25.11 CZK
CZK,2025-04-11,0.039766174891637175,ecb_daily,ECB reference rate: 1 EUR = 25.147 CZK
CZK,2025-04-14,0.039827943285008764,ecb_daily,ECB reference rate: 1 EUR = 25.108 CZK
CZK,2025-04-15,0.03989786147462496,ecb_daily,ECB reference rate: 1 EUR = 25.064 CZK
CZK,2025-04-16,0.040008001600320066,ecb_daily,ECB reference rate: 1 EUR = 24.995 CZK
CZK,2025-04-17,0.03998560518213443,ecb_daily,ECB reference rate: 1 EUR = 25.009 CZK
CZK,2025-04-22,0.039870818547904786,ecb_daily,ECB reference rate: 1 EUR = 25.081 CZK
CZK,2025-04-23,0.03997601439136518,ecb_daily,ECB reference rate: 1 EUR = 25.015 CZK
CZK,2025-04-24,0.0400368338871762,ecb_daily,ECB reference rate: 1 EUR = 24.977 CZK
CZK,2025-04-25,0.04011392354286173,ecb_daily,ECB reference rate: 1 EUR = 24.929 CZK
CZK,2025-04-28,0.04004966158035964,ecb_daily,ECB reference rate: 1 EUR = 24.969 CZK
CZK,2025-04-29,0.04012519059465532,ecb_daily,ECB reference rate: 1 EUR = 24.922 CZK
CZK,2025-04-30,0.04012841091492777,ecb_daily,ECB reference rate: 1 EUR = 24.92 CZK
CZK,2025-05-02,0.04012519059465532,ecb_daily,ECB reference rate: 1 EUR = 24.922 CZK
CZK,2025-05-05,0.040152579803252354,ecb_daily,ECB reference rate: 1 EUR = 24.905 CZK
CZK,2025-05-06,0.04006410256410256,ecb_daily,ECB reference rate: 1 EUR = 24.96 CZK
CZK,2025-05-07,0.04012197079120527,ecb_daily,ECB reference rate: 1 EUR = 24.924 CZK
CZK,2025-05-08,0.04012197079120527,ecb_daily,ECB reference rate: 1 EUR = 24.924 CZK
CZK,2025-05-09,0.04008658702798044,ecb_daily,ECB reference rate: 1 EUR = 24.946 CZK
CZK,2025-05-12,0.040032025620496396,ecb_daily,ECB reference rate: 1 EUR = 24.98 CZK
CZK,2025-05-13,0.04008337341670675,ecb_daily,ECB reference rate: 1 EUR = 24.948 CZK
CZK,2025-05-14,0.04011553273427471,ecb_daily,ECB reference rate: 1 EUR = 24.928 CZK
CZK,2025-05-15,0.04012519059465532,ecb_daily,ECB reference rate: 1 EUR = 24.922 CZK
CZK,2025-05-16,0.04010266281681104,ecb_daily,ECB reference rate: 1 EUR = 24.936 CZK
CZK,2025-05-19,0.04014935560284257,ecb_daily,ECB reference rate: 1 EUR = 24.907 CZK
CZK,2025-05-20,0.04012841091492777,ecb_daily,ECB reference rate: 1 EUR = 24.92 CZK
CZK,2025-05-21,0.04021393815096312,ecb_daily,ECB reference rate: 1 EUR = 24.867 CZK
CZK,2025-05-22,0.04009301579664822,ecb_daily,ECB reference rate: 1 EUR = 24.942 CZK
CZK,2025-05-23,0.04013646397752358,ecb_daily,ECB reference rate: 1 EUR = 24.915 CZK
CZK,2025-05-26,0.04021879021879022,ecb_daily,ECB reference rate: 1 EUR = 24.864 CZK
CZK,2025-05-27,0.04014935560284257,ecb_daily,ECB reference rate: 1 EUR = 24.907 CZK
CZK,2025-05-28,0.04012519059465532,ecb_daily,ECB reference rate: 1 EUR = 24.922 CZK
CZK,2025-05-29,0.04012358062833528,ecb_daily,ECB reference rate: 1 EUR = 24.923 CZK
CZK,2025-05-30,0.04013163175214704,ecb_daily,ECB reference rate: 1 EUR = 24.918 CZK
CZK,2025-06-02,0.04016225551226957,ecb_daily,ECB reference rate: 1 EUR = 24.899 CZK
CZK,2025-06-03,0.040167095115681235,ecb_daily,ECB reference rate: 1 EUR = 24.896 CZK
CZK,2025-06-04,0.04030957755562722,ecb_daily,ECB reference rate: 1 EUR = 24.808 CZK
CZK,2025-06-05,0.04030307915524746,ecb_daily,ECB reference rate: 1 EUR = 24.812 CZK
CZK,2025-06-06,0.0403926162297532,ecb_daily,ECB reference rate: 1 EUR = 24.757 CZK
CZK,2025-06-09,0.040333965232121974,ecb_daily,ECB reference rate: 1 EUR = 24.793 CZK
CZK,2025-06-10,0.04036978725122119,ecb_daily,ECB reference rate: 1 EUR = 24.771 CZK
CZK,2025-06-11,0.040348612007746934,ecb_daily,ECB reference rate: 1 EUR = 24.784 CZK
CZK,2025-06-12,0.0403437285673942,ecb_daily,ECB reference rate: 1 EUR = 24.787 CZK
CZK,2025-06-13,0.04027224034473038,ecb_daily,ECB reference rate: 1 EUR = 24.831 CZK
CZK,2025-06-16,0.0403518682915019,ecb_daily,ECB reference rate: 1 EUR = 24.782 CZK
CZK,2025-06-17,0.04032258064516129,ecb_daily,ECB reference rate: 1 EUR = 24.8 CZK
CZK,2025-06-18,0.04031445273130417,ecb_daily,ECB reference rate: 1 EUR = 24.805 CZK
CZK,2025-06-19,0.040290088638195005,ecb_daily,ECB reference rate: 1 EUR = 24.82 CZK
CZK,2025-06-20,0.04027386226339106,ecb_daily,ECB reference rate: 1 EUR = 24.83 CZK
CZK,2025-06-23,0.04022202558120827,ecb_daily,ECB reference rate: 1 EUR = 24.862 CZK
CZK,2025-06-24,0.04033233846898443,ecb_daily,ECB reference rate: 1 EUR = 24.794 CZK
CZK,2025-06-25,0.04035512510088781,ecb_daily,ECB reference rate: 1 EUR = 24.78 CZK
CZK,2025-06-26,0.040346984062941293,ecb_daily,ECB reference rate: 1 EUR = 24.785 CZK
CZK,2025-06-27,0.04040730564085986,ecb_daily,ECB reference rate: 1 EUR = 24.748 CZK
CZK,2025-06-30,0.04041057140547968,ecb_daily,ECB reference rate: 1 EUR = 24.746 CZK
CZK,2025-07-01,0.04051863857374392,ecb_daily,ECB reference rate: 1 EUR = 24.68 CZK
CZK,2025-07-02,0.0405465677330414,ecb_daily,ECB reference rate: 1 EUR = 24.663 CZK
CZK,2025-07-03,0.04057453542156942,ecb_daily,ECB reference rate: 1 EUR = 24.646 CZK
CZK,2025-07-04,0.04055972419387548,ecb_daily,ECB reference rate: 1 EUR = 24.655 CZK
CZK,2025-07-07,0.04060913705583756,ecb_daily,ECB reference rate: 1 EUR = 24.625 CZK
CZK,2025-07-08,0.04057124310288867,ecb_daily,ECB reference rate: 1 EUR = 24.648 CZK
CZK,2025-07-09,0.040602541719111616,ecb_daily,ECB reference rate: 1 EUR = 24.629 CZK
CZK,2025-07-10,0.040586062746053,ecb_daily,ECB reference rate: 1 EUR = 24.639 CZK
CZK,2025-07-11,0.040539992702801314,ecb_daily,ECB reference rate: 1 EUR = 24.667 CZK
CZK,2025-07-14,0.04057124310288867,ecb_daily,ECB reference rate: 1 EUR = 24.648 CZK
CZK,2025-07-15,0.040535062829347386,ecb_daily,ECB reference rate: 1 EUR = 24.67 CZK
CZK,2025-07-16,0.04057288919543961,ecb_daily,ECB reference rate: 1 EUR = 24.647 CZK
CZK,2025-07-17,0.040586062746053,ecb_daily,ECB reference rate: 1 EUR = 24.639 CZK
CZK,2025-07-18,0.040612435527758596,ecb_daily,ECB reference rate: 1 EUR = 24.623 CZK
CZK,2025-07-21,0.040620684052319445,ecb_daily,ECB reference rate: 1 EUR = 24.618 CZK
CZK,2025-07-22,0.04061903407936959,ecb_daily,ECB reference rate: 1 EUR = 24.619 CZK
CZK,2025-07-23,0.040623984400389994,ecb_daily,ECB reference rate: 1 EUR = 24.616 CZK
CZK,2025-07-24,0.040728220584042685,ecb_daily,ECB reference rate: 1 EUR = 24.553 CZK
CZK,2025-07-25,0.040751456864582904,ecb_daily,ECB reference rate: 1 EUR = 24.539 CZK
CZK,2025-07-28,0.04065040650406504,ecb_daily,ECB reference rate: 1 EUR = 24.6 CZK
CZK,2025-07-29,0.040635539843146815,ecb_daily,ECB reference rate: 1 EUR = 24.609 CZK
CZK,2025-07-30,0.04071329696278805,ecb_daily,ECB reference rate: 1 EUR = 24.562 CZK
CZK,2025-07-31,0.040698384274144316,ecb_daily,ECB reference rate: 1 EUR = 24.571 CZK
CZK,2025-08-01,0.04067024564828371,ecb_daily,ECB reference rate: 1 EUR = 24.588 CZK
CZK,2025-08-04,0.04068017248393133,ecb_daily,ECB reference rate: 1 EUR = 24.582 CZK
CZK,2025-08-05,0.04063388866314507,ecb_daily,ECB reference rate: 1 EUR = 24.61 CZK
CZK,2025-08-06,0.04070666775217781,ecb_daily,ECB reference rate: 1 EUR = 24.566 CZK
CZK,2025-08-07,0.040778045100517885,ecb_daily,ECB reference rate: 1 EUR = 24.523 CZK
CZK,2025-08-08,0.04090648776896016,ecb_daily,ECB reference rate: 1 EUR = 24.446 CZK
CZK,2025-08-11,0.04084466772862803,ecb_daily,ECB reference rate: 1 EUR = 24.483 CZK
CZK,2025-08-12,0.04086803710817769,ecb_daily,ECB reference rate: 1 EUR = 24.469 CZK
CZK,2025-08-13,0.04086469698827183,ecb_daily,ECB reference rate: 1 EUR = 24.471 CZK
CZK,2025-08-14,0.040866366979975484,ecb_daily,ECB reference rate: 1 EUR = 24.47 CZK
CZK,2025-08-15,0.0408463360836533,ecb_daily,ECB reference rate: 1 EUR = 24.482 CZK
CZK,2025-08-18,0.04086469698827183,ecb_daily,ECB reference rate: 1 EUR = 24.471 CZK
CZK,2025-08-19,0.04088808929958703,ecb_daily,ECB reference rate: 1 EUR = 24.457 CZK
CZK,2025-08-20,0.04083132579314851,ecb_daily,ECB reference rate: 1 EUR = 24.491 CZK
CZK,2025-08-21,0.040766408479412965,ecb_daily,ECB reference rate: 1 EUR = 24.53 CZK
CZK,2025-08-22,0.04070832485243232,ecb_daily,ECB reference rate: 1 EUR = 24.565 CZK
CZK,2025-08-25,0.04074315514993481,ecb_daily,ECB reference rate: 1 EUR = 24.544 CZK
CZK,2025-08-26,0.04074315514993481,ecb_daily,ECB reference rate: 1 EUR = 24.544 CZK
CZK,2025-08-27,0.04074647542987531,ecb_daily,ECB reference rate: 1 EUR = 24.542 CZK
CZK,2025-08-28,0.04072158651301055,ecb_daily,ECB reference rate: 1 EUR = 24.557 CZK
CZK,2025-08-29,0.04088641753209584,ecb_daily,ECB reference rate: 1 EUR = 24.458 CZK
CZK,2025-09-01,0.040928252772889126,ecb_daily,ECB reference rate: 1 EUR = 24.433 CZK
CZK,2025-09-02,0.04084133142740454,ecb_daily,ECB reference rate: 1 EUR = 24.485 CZK
CZK,2025-09-03,0.04090648776896016,ecb_daily,ECB reference rate: 1 EUR = 24.446 CZK
CZK,2025-09-04,0.04089645018812367,ecb_daily,ECB reference rate: 1 EUR = 24.452 CZK
CZK,2025-09-05,0.04094836411285369,ecb_daily,ECB reference rate: 1 EUR = 24.421 CZK
CZK,2025-09-08,0.04104079454978248,ecb_daily,ECB reference rate: 1 EUR = 24.366 CZK
CZK,2025-09-09,0.041108279207432374,ecb_daily,ECB reference rate: 1 EUR = 24.326 CZK
CZK,2025-09-10,0.041003772347055926,ecb_daily,ECB reference rate: 1 EUR = 24.388 CZK
CZK,2025-09-11,0.04100881689563256,ecb_daily,ECB reference rate: 1 EUR = 24.385 CZK
CZK,2025-09-12,0.04112180277983386,ecb_daily,ECB reference rate: 1 EUR = 24.318 CZK
CZK,2025-09-15,0.04110658938627862,ecb_daily,ECB reference rate: 1 EUR = 24.327 CZK
CZK,2025-09-16,0.041108279207432374,ecb_daily,ECB reference rate: 1 EUR = 24.326 CZK
CZK,2025-09-17,0.041111659266568,ecb_daily,ECB reference rate: 1 EUR = 24.324 CZK
CZK,2025-09-18,0.04115056993539361,ecb_daily,ECB reference rate: 1 EUR = 24.301 CZK
CZK,2025-09-19,0.04116581590647126,ecb_daily,ECB reference rate: 1 EUR = 24.292 CZK
CZK,2025-09-22,0.04122861265718409,ecb_daily,ECB reference rate: 1 EUR = 24.255 CZK
CZK,2025-09-23,0.041250721887633034,ecb_daily,ECB reference rate: 1 EUR = 24.242 CZK
CZK,2025-09-24,0.04116920543433512,ecb_daily,ECB reference rate: 1 EUR = 24.29 CZK
CZK,2025-09-25,0.041170900407591915,ecb_daily,ECB reference rate: 1 EUR = 24.289 CZK
CZK,2025-09-26,0.041108279207432374,ecb_daily,ECB reference rate: 1 EUR = 24.326 CZK
CZK,2025-09-29,0.041148876635667846,ecb_daily,ECB reference rate: 1 EUR = 24.302 CZK
CZK,2025-09-30,0.04109307581672488,ecb_daily,ECB reference rate: 1 EUR = 24.335 CZK
CZK,2025-10-01,0.0411946446961895,ecb_daily,ECB reference rate: 1 EUR = 24.275 CZK
CZK,2025-10-02,0.04124051468162322,ecb_daily,ECB reference rate: 1 EUR = 24.248 CZK
CZK,2025-10-03,0.04119125097829221,ecb_daily,ECB reference rate: 1 EUR = 24.277 CZK
CZK,2025-10-06,0.041138719763040975,ecb_daily,ECB reference rate: 1 EUR = 24.308 CZK
CZK,2025-10-07,0.04112180277983386,ecb_daily,ECB reference rate: 1 EUR = 24.318 CZK
CZK,2025-10-08,0.04103574213139645,ecb_daily,ECB reference rate: 1 EUR = 24.369 CZK
CZK,2025-10-09,0.041108279207432374,ecb_daily,ECB reference rate: 1 EUR = 24.326 CZK
CZK,2025-10-10,0.04115395695296103,ecb_daily,ECB reference rate: 1 EUR = 24.299 CZK
CZK,2025-10-13,0.04105427374989736,ecb_daily,ECB reference rate: 1 EUR = 24.358 CZK
CZK,2025-10-14,0.041111659266568,ecb_daily,ECB reference rate: 1 EUR = 24.324 CZK
CZK,2025-10-15,0.04118616144975288,ecb_daily,ECB reference rate: 1 EUR = 24.28 CZK
CZK,2025-10-16,0.041162426936692184,ecb_daily,ECB reference rate: 1 EUR = 24.294 CZK
CZK,2025-10-17,0.041138719763040975,ecb_daily,ECB reference rate: 1 EUR = 24.308 CZK
CZK,2025-10-20,0.04116920543433512,ecb_daily,ECB reference rate: 1 EUR = 24.29 CZK
CZK,2025-10-21,0.041128567903265606,ecb_daily,ECB reference rate: 1 EUR = 24.314 CZK
CZK,2025-10-22,0.041138719763040975,ecb_daily,ECB reference rate: 1 EUR = 24.308 CZK
CZK,2025-10-23,0.041138719763040975,ecb_daily,ECB reference rate: 1 EUR = 24.308 CZK
CZK,2025-10-24,0.0410913872452334,ecb_daily,ECB reference rate: 1 EUR = 24.336 CZK
CZK,2025-10-27,0.04111334950458414,ecb_daily,ECB reference rate: 1 EUR = 24.323 CZK
CZK,2025-10-28,0.0410711352061771,ecb_daily,ECB reference rate: 1 EUR = 24.348 CZK
CZK,2025-10-29,0.04108801051853069,ecb_daily,ECB reference rate: 1 EUR = 24.338 CZK
CZK,2025-10-30,0.04102059233735335,ecb_daily,ECB reference rate: 1 EUR = 24.378 CZK
CZK,2025-10-31,0.04110658938627862,ecb_daily,ECB reference rate: 1 EUR = 24.327 CZK
CZK,2025-11-03,0.041086322363285264,ecb_daily,ECB reference rate: 1 EUR = 24.339 CZK
CZK,2025-11-04,0.041032374543514834,ecb_daily,ECB reference rate: 1 EUR = 24.371 CZK
CZK,2025-11-05,0.04104247896572953,ecb_daily,ECB reference rate: 1 EUR = 24.365 CZK
CZK,2025-11-06,0.04109476452699926,ecb_daily,ECB reference rate: 1 EUR = 24.334 CZK
CZK,2025-11-07,0.04109645337607365,ecb_daily,ECB reference rate: 1 EUR = 24.333 CZK
CZK,2025-11-10,0.04118276912939626,ecb_daily,ECB reference rate: 1 EUR = 24.282 CZK
CZK,2025-11-11,0.04117259552042161,ecb_daily,ECB reference rate: 1 EUR = 24.288 CZK
CZK,2025-11-12,0.04127285484336952,ecb_daily,ECB reference rate: 1 EUR = 24.229 CZK
CZK,2025-11-13,0.04133768756975735,ecb_daily,ECB reference rate: 1 EUR = 24.191 CZK
CZK,2025-11-14,0.04132572939912389,ecb_daily,ECB reference rate: 1 EUR = 24.198 CZK
CZK,2025-11-17,0.041375315486780584,ecb_daily,ECB reference rate: 1 EUR = 24.169 CZK
CZK,2025-11-18,0.04134281461881925,ecb_daily,ECB reference rate: 1 EUR = 24.188 CZK
CZK,2025-11-19,0.04139244174013825,ecb_daily,ECB reference rate: 1 EUR = 24.159 CZK
CZK,2025-11-20,0.04135820339964432,ecb_daily,ECB reference rate: 1 EUR = 24.179 CZK
CZK,2025-11-21,0.04126263668248401,ecb_daily,ECB reference rate: 1 EUR = 24.235 CZK
CZK,2025-11-24,0.041375315486780584,ecb_daily,ECB reference rate: 1 EUR = 24.169 CZK
CZK,2025-11-25,0.041437036423155015,ecb_daily,ECB reference rate: 1 EUR = 24.133 CZK
CZK,2025-11-26,0.04137702747434625,ecb_daily,ECB reference rate: 1 EUR = 24.168 CZK
CZK,2025-11-27,0.04136675767353355,ecb_daily,ECB reference rate: 1 EUR = 24.174 CZK
CZK,2025-11-28,0.04136162468461761,ecb_daily,ECB reference rate: 1 EUR = 24.177 CZK
CZK,2025-12-01,0.041354782680617014,ecb_daily,ECB reference rate: 1 EUR = 24.181 CZK
CZK,2025-12-02,0.041389015355324695,ecb_daily,ECB reference rate: 1 EUR = 24.161 CZK
CZK,2025-12-03,0.04145077720207254,ecb_daily,ECB reference rate: 1 EUR = 24.125 CZK
CZK,2025-12-04,0.04139586869230451,ecb_daily,ECB reference rate: 1 EUR = 24.157 CZK
CZK,2025-12-05,0.041305245766212306,ecb_daily,ECB reference rate: 1 EUR = 24.21 CZK
CZK,2025-12-08,0.04120652711389484,ecb_daily,ECB reference rate: 1 EUR = 24.268 CZK
CZK,2025-12-09,0.04119125097829221,ecb_daily,ECB reference rate: 1 EUR = 24.277 CZK
CZK,2025-12-10,0.04124561765312435,ecb_daily,ECB reference rate: 1 EUR = 24.245 CZK
CZK,2025-12-11,0.04128819157720892,ecb_daily,ECB reference rate: 1 EUR = 24.22 CZK
CZK,2025-12-12,0.04125582738561822,ecb_daily,ECB reference rate: 1 EUR = 24.239 CZK
CZK,2025-12-15,0.04115395695296103,ecb_daily,ECB reference rate: 1 EUR = 24.299 CZK
CZK,2025-12-16,0.04112349385203767,ecb_daily,ECB reference rate: 1 EUR = 24.317 CZK
CZK,2025-12-17,0.041074509159615545,ecb_daily,ECB reference rate: 1 EUR = 24.346 CZK
CZK,2025-12-18,0.0409970482125287,ecb_daily,ECB reference rate: 1 EUR = 24.392 CZK
CZK,2025-12-19,0.04111334950458414,ecb_daily,ECB reference rate: 1 EUR = 24.323 CZK
CZK,2025-12-22,0.04111842105263158,ecb_daily,ECB reference rate: 1 EUR = 24.32 CZK
CZK,2025-12-23,0.04111673039759878,ecb_daily,ECB reference rate: 1 EUR = 24.321 CZK
CZK,2025-12-24,0.04120143380989658,ecb_daily,ECB reference rate: 1 EUR = 24.271 CZK
CZK,2025-12-29,0.04118446521971912,ecb_daily,ECB reference rate: 1 EUR = 24.281 CZK
CZK,2025-12-30,0.04122861265718409,ecb_daily,ECB reference rate: 1 EUR = 24.255 CZK
CZK,2025-12-31,0.04125923175310476,ecb_daily,ECB reference rate: 1 EUR = 24.237 CZK
CZK,2026-01-02,0.04136162468461761,ecb_daily,ECB reference rate: 1 EUR = 24.177 CZK
CZK,2026-01-05,0.041330853482124404,ecb_daily,ECB reference rate: 1 EUR = 24.195 CZK
CZK,2026-01-06,0.041330853482124404,ecb_daily,ECB reference rate: 1 EUR = 24.195 CZK
CZK,2026-01-07,0.04116920543433512,ecb_daily,ECB reference rate: 1 EUR = 24.29 CZK
CZK,2026-01-08,0.04121671750061825,ecb_daily,ECB reference rate: 1 EUR = 24.262 CZK
CZK,2026-01-09,0.04108969881250771,ecb_daily,ECB reference rate: 1 EUR = 24.337 CZK
CZK,2026-01-12,0.04117259552042161,ecb_daily,ECB reference rate: 1 EUR = 24.288 CZK
CZK,2026-01-13,0.04123201253453181,ecb_daily,ECB reference rate: 1 EUR = 24.253 CZK
CZK,2026-01-14,0.04121671750061825,ecb_daily,ECB reference rate: 1 EUR = 24.262 CZK
CZK,2026-01-15,0.04118955432902216,ecb_daily,ECB reference rate: 1 EUR = 24.278 CZK
CZK,2026-01-16,0.041175986164868644,ecb_daily,ECB reference rate: 1 EUR = 24.286 CZK
CZK,2026-01-19,0.04116920543433512,ecb_daily,ECB reference rate: 1 EUR = 24.29 CZK
CZK,2026-01-20,0.04109645337607365,ecb_daily,ECB reference rate: 1 EUR = 24.333 CZK
CZK,2026-01-21,0.04105764493348661,ecb_daily,ECB reference rate: 1 EUR = 24.356 CZK
CZK,2026-01-22,0.04113533525298231,ecb_daily,ECB reference rate: 1 EUR = 24.31 CZK
CZK,2026-01-23,0.04122521334047904,ecb_daily,ECB reference rate: 1 EUR = 24.257 CZK
CZK,2026-01-26,0.041235412972660916,ecb_daily,ECB reference rate: 1 EUR = 24.251 CZK
CZK,2026-01-27,0.04120822516174229,ecb_daily,ECB reference rate: 1 EUR = 24.267 CZK
CZK,2026-01-28,0.041162426936692184,ecb_daily,ECB reference rate: 1 EUR = 24.294 CZK
CZK,2026-01-29,0.04109307581672488,ecb_daily,ECB reference rate: 1 EUR = 24.335 CZK
CZK,2026-01-30,0.041109969167523124,ecb_daily,ECB reference rate: 1 EUR = 24.325 CZK
CZK,2026-02-02,0.04114379757251595,ecb_daily,ECB reference rate: 1 EUR = 24.305 CZK
CZK,2026-02-03,0.04113195129976966,ecb_daily,ECB reference rate: 1 EUR = 24.312 CZK
CZK,2026-02-04,0.0410559592724884,ecb_daily,ECB reference rate: 1 EUR = 24.357 CZK
CZK,2026-02-05,0.04113533525298231,ecb_daily,ECB reference rate: 1 EUR = 24.31 CZK
CZK,2026-02-06,0.041254125412541254,ecb_daily,ECB reference rate: 1 EUR = 24.24 CZK
CZK,2026-02-09,0.041293306355039854,ecb_daily,ECB reference rate: 1 EUR = 24.217 CZK
CZK,2026-02-10,0.04122521334047904,ecb_daily,ECB reference rate: 1 EUR = 24.257 CZK
CZK,2026-02-11,0.04124561765312435,ecb_daily,ECB reference rate: 1 EUR = 24.245 CZK
CZK,2026-02-12,0.04124561765312435,ecb_daily,ECB reference rate: 1 EUR = 24.245 CZK
CZK,2026-02-13,0.04121501875283353,ecb_daily,ECB reference rate: 1 EUR = 24.263 CZK
CZK,2026-02-16,0.041221814584277996,ecb_daily,ECB reference rate: 1 EUR = 24.259 CZK
CZK,2026-02-17,0.04119294776734223,ecb_daily,ECB reference rate: 1 EUR = 24.276 CZK
CZK,2026-02-18,0.04122691292875989,ecb_daily,ECB reference rate: 1 EUR = 24.256 CZK
CZK,2026-02-19,0.04124561765312435,ecb_daily,ECB reference rate: 1 EUR = 24.245 CZK
CZK,2026-02-20,0.04125242357988532,ecb_daily,ECB reference rate: 1 EUR = 24.241 CZK
CZK,2026-02-23,0.041283078066300626,ecb_daily,ECB reference rate: 1 EUR = 24.223 CZK
CZK,2026-02-24,0.0412796697626419,ecb_daily,ECB reference rate: 1 EUR = 24.225 CZK
CZK,2026-02-25,0.0412779658218443,ecb_daily,ECB reference rate: 1 EUR = 24.226 CZK
CZK,2026-02-26,0.04124391652231296,ecb_daily,ECB reference rate: 1 EUR = 24.246 CZK
CZK,2026-02-27,0.04124731892426992,ecb_daily,ECB reference rate: 1 EUR = 24.244 CZK
CZK,2026-03-02,0.04119634176485128,ecb_daily,ECB reference rate: 1 EUR = 24.274 CZK
CZK,2026-03-03,0.04102059233735335,ecb_daily,ECB reference rate: 1 EUR = 24.378 CZK
CZK,2026-03-04,0.041050903119868636,ecb_daily,ECB reference rate: 1 EUR = 24.36 CZK
CZK,2026-03-05,0.04099032628299721,ecb_daily,ECB reference rate: 1 EUR = 24.396 CZK
CZK,2026-03-06,0.040951717924566935,ecb_daily,ECB reference rate: 1 EUR = 24.419 CZK
CZK,2026-03-09,0.04098528628222468,ecb_daily,ECB reference rate: 1 EUR = 24.399 CZK
CZK,2026-03-10,0.04101722723543889,ecb_daily,ECB reference rate: 1 EUR = 24.38 CZK
CZK,2026-03-11,0.041022275095376794,ecb_daily,ECB reference rate: 1 EUR = 24.377 CZK
CZK,2026-03-12,0.0409735310989101,ecb_daily,ECB reference rate: 1 EUR = 24.406 CZK
CZK,2026-03-13,0.04092155338216639,ecb_daily,ECB reference rate: 1 EUR = 24.437 CZK
CZK,2026-03-16,0.04092322802422655,ecb_daily,ECB reference rate: 1 EUR = 24.436 CZK
CZK,2026-03-17,0.04092155338216639,ecb_daily,ECB reference rate: 1 EUR = 24.437 CZK
CZK,2026-03-18,0.04087137777414477,ecb_daily,ECB reference rate: 1 EUR = 24.467 CZK
CZK,2026-03-19,0.04078802463596688,ecb_daily,ECB reference rate: 1 EUR = 24.517 CZK
CZK,2026-03-20,0.040807998367680065,ecb_daily,ECB reference rate: 1 EUR = 24.505 CZK
CZK,2026-03-23,0.040919878877158526,ecb_daily,ECB reference rate: 1 EUR = 24.438 CZK
CZK,2026-03-24,0.040854679903582956,ecb_daily,ECB reference rate: 1 EUR = 24.477 CZK
CZK,2026-03-25,0.04092155338216639,ecb_daily,ECB reference rate: 1 EUR = 24.437 CZK
CZK,2026-03-26,0.040853010866900887,ecb_daily,ECB reference rate: 1 EUR = 24.478 CZK
GBP,2024-01-02,1.1541346875180334,ecb_daily,ECB reference rate: 1 EUR = 0.86645 GBP
GBP,2024-01-03,1.1564704521799467,ecb_daily,ECB reference rate: 1 EUR = 0.8647 GBP
GBP,2024-01-04,1.1590440204918984,ecb_daily,ECB reference rate: 1 EUR = 0.86278 GBP
GBP,2024-01-05,1.1599582415033058,ecb_daily,ECB reference rate: 1 EUR = 0.8621 GBP
GBP,2024-01-08,1.1607661056297156,ecb_daily,ECB reference rate: 1 EUR = 0.8615 GBP
GBP,2024-01-09,1.16362959342782,ecb_daily,ECB reference rate: 1 EUR = 0.85938 GBP
GBP,2024-01-10,1.1624798019134417,ecb_daily,ECB reference rate: 1 EUR = 0.86023 GBP
GBP,2024-01-11,1.160833478437518,ecb_daily,ECB reference rate: 1 EUR = 0.86145 GBP
GBP,2024-01-12,1.1634671320535195,ecb_daily,ECB reference rate: 1 EUR = 0.8595 GBP
GBP,2024-01-15,1.1617775196049955,ecb_daily,ECB reference rate: 1 EUR = 0.86075 GBP
GBP,2024-01-16,1.161737029206069,ecb_daily,ECB reference rate: 1 EUR = 0.86078 GBP
GBP,2024-01-17,1.1652567060523433,ecb_daily,ECB reference rate: 1 EUR = 0.85818 GBP
GBP,2024-01-18,1.1658680470544345,ecb_daily,ECB reference rate: 1 EUR = 0.85773 GBP
GBP,2024-01-19,1.1651616661811828,ecb_daily,ECB reference rate: 1 EUR = 0.85825 GBP
GBP,2024-01-22,1.1685655857434998,ecb_daily,ECB reference rate: 1 EUR = 0.85575 GBP
GBP,2024-01-23,1.1696864070742634,ecb_daily,ECB reference rate: 1 EUR = 0.85493 GBP
GBP,2024-01-24,1.1690027237763463,ecb_daily,ECB reference rate: 1 EUR = 0.85543 GBP
GBP,2024-01-25,1.169071056138792,ecb_daily,ECB reference rate: 1 EUR = 0.85538 GBP
GBP,2024-01-26,1.1713991191078625,ecb_daily,ECB reference rate: 1 EUR = 0.85368 GBP
GBP,2024-01-29,1.1730205278592374,ecb_daily,ECB reference rate: 1 EUR = 0.8525 GBP
GBP,2024-01-30,1.1678422945765403,ecb_daily,ECB reference rate: 1 EUR = 0.85628 GBP
GBP,2024-01-31,1.1704804822379586,ecb_daily,ECB reference rate: 1 EUR = 0.85435 GBP
GBP,2024-02-01,1.171604981664382,ecb_daily,ECB reference rate: 1 EUR = 0.85353 GBP
GBP,2024-02-02,1.1728416781018731,ecb_daily,ECB reference rate: 1 EUR = 0.85263 GBP
GBP,2024-02-05,1.1682925404521292,ecb_daily,ECB reference rate: 1 EUR = 0.85595 GBP
GBP,2024-02-06,1.1701380762930025,ecb_daily,ECB reference rate: 1 EUR = 0.8546 GBP
GBP,2024-02-07,1.1722642283570717,ecb_daily,ECB reference rate: 1 EUR = 0.85305 GBP
GBP,2024-02-08,1.1712619175900114,ecb_daily,ECB reference rate: 1 EUR = 0.85378 GBP
GBP,2024-02-09,1.1704119850187265,ecb_daily,ECB reference rate: 1 EUR = 0.8544 GBP
GBP,2024-02-12,1.1710836036584653,ecb_daily,ECB reference rate: 1 EUR = 0.85391 GBP
GBP,2024-02-13,1.175115748901267,ecb_daily,ECB reference rate: 1 EUR = 0.85098 GBP
GBP,2024-02-14,1.1729104600154825,ecb_daily,ECB reference rate: 1 EUR = 0.85258 GBP
GBP,2024-02-15,1.1677468324867168,ecb_daily,ECB reference rate: 1 EUR = 0.85635 GBP
GBP,2024-02-16,1.168156065650371,ecb_daily,ECB reference rate: 1 EUR = 0.85605 GBP
GBP,2024-02-19,1.170302406141747,ecb_daily,ECB reference rate: 1 EUR = 0.85448 GBP
GBP,2024-02-20,1.1674060238150827,ecb_daily,ECB reference rate: 1 EUR = 0.8566 GBP
GBP,2024-02-21,1.1679650544855698,ecb_daily,ECB reference rate: 1 EUR = 0.85619 GBP
GBP,2024-02-22,1.1678832116788322,ecb_daily,ECB reference rate: 1 EUR = 0.85625 GBP
GBP,2024-02-23,1.1717834544176235,ecb_daily,ECB reference rate: 1 EUR = 0.8534 GBP
GBP,2024-02-26,1.1696590443885608,ecb_daily,ECB reference rate: 1 EUR = 0.85495 GBP
GBP,2024-02-27,1.16795141322121,ecb_daily,ECB reference rate: 1 EUR = 0.8562 GBP
GBP,2024-02-28,1.1689343994015056,ecb_daily,ECB reference rate: 1 EUR = 0.85548 GBP
GBP,2024-02-29,1.1674741696339968,ecb_daily,ECB reference rate: 1 EUR = 0.85655 GBP
GBP,2024-03-01,1.1683880917885685,ecb_daily,ECB reference rate: 1 EUR = 0.85588 GBP
GBP,2024-03-04,1.1684563523129594,ecb_daily,ECB reference rate: 1 EUR = 0.85583 GBP
GBP,2024-03-05,1.1690027237763463,ecb_daily,ECB reference rate: 1 EUR = 0.85543 GBP
GBP,2024-03-06,1.1696180027602985,ecb_daily,ECB reference rate: 1 EUR = 0.85498 GBP
GBP,2024-03-07,1.170343495816022,ecb_daily,ECB reference rate: 1 EUR = 0.85445 GBP
GBP,2024-03-08,1.174149915461206,ecb_daily,ECB reference rate: 1 EUR = 0.85168 GBP
GBP,2024-03-11,1.1735987231245892,ecb_daily,ECB reference rate: 1 EUR = 0.85208 GBP
GBP,2024-03-12,1.1701654613962413,ecb_daily,ECB reference rate: 1 EUR = 0.85458 GBP
GBP,2024-03-13,1.1702613193526115,ecb_daily,ECB reference rate: 1 EUR = 0.85451 GBP
GBP,2024-03-14,1.1706860220088973,ecb_daily,ECB reference rate: 1 EUR = 0.8542 GBP
GBP,2024-03-15,1.1708230886313078,ecb_daily,ECB reference rate: 1 EUR = 0.8541 GBP
GBP,2024-03-18,1.1692487576731951,ecb_daily,ECB reference rate: 1 EUR = 0.85525 GBP
GBP,2024-03-19,1.170343495816022,ecb_daily,ECB reference rate: 1 EUR = 0.85445 GBP
GBP,2024-03-20,1.1704393829443573,ecb_daily,ECB reference rate: 1 EUR = 0.85438 GBP
GBP,2024-03-21,1.167160764723733,ecb_daily,ECB reference rate: 1 EUR = 0.85678 GBP
GBP,2024-03-22,1.1655690891077568,ecb_daily,ECB reference rate: 1 EUR = 0.85795 GBP
GBP,2024-03-25,1.1668883754580037,ecb_daily,ECB reference rate: 1 EUR = 0.85698 GBP
GBP,2024-03-26,1.16487663956387,ecb_daily,ECB reference rate: 1 EUR = 0.85846 GBP
GBP,2024-03-27,1.1659360134315828,ecb_daily,ECB reference rate: 1 EUR = 0.85768 GBP
GBP,2024-03-28,1.169453865045024,ecb_daily,ECB reference rate: 1 EUR = 0.8551 GBP
GBP,2024-04-02,1.169453865045024,ecb_daily,ECB reference rate: 1 EUR = 0.8551 GBP
GBP,2024-04-03,1.1666841669291708,ecb_daily,ECB reference rate: 1 EUR = 0.85713 GBP
GBP,2024-04-04,1.1656641954585722,ecb_daily,ECB reference rate: 1 EUR = 0.85788 GBP
GBP,2024-04-05,1.1658680470544345,ecb_daily,ECB reference rate: 1 EUR = 0.85773 GBP
GBP,2024-04-08,1.1655690891077568,ecb_daily,ECB reference rate: 1 EUR = 0.85795 GBP
GBP,2024-04-09,1.1673651401421852,ecb_daily,ECB reference rate: 1 EUR = 0.85663 GBP
GBP,2024-04-10,1.169385487926095,ecb_daily,ECB reference rate: 1 EUR = 0.85515 GBP
GBP,2024-04-11,1.1692487576731951,ecb_daily,ECB reference rate: 1 EUR = 0.85525 GBP
GBP,2024-04-12,1.170631204345383,ecb_daily,ECB reference rate: 1 EUR = 0.85424 GBP
GBP,2024-04-15,1.1708916339792752,ecb_daily,ECB reference rate: 1 EUR = 0.85405 GBP
GBP,2024-04-16,1.1704119850187265,ecb_daily,ECB reference rate: 1 EUR = 0.8544 GBP
GBP,2024-04-17,1.17096018735363,ecb_daily,ECB reference rate: 1 EUR = 0.854 GBP
GBP,2024-04-18,1.1678422945765403,ecb_daily,ECB reference rate: 1 EUR = 0.85628 GBP
GBP,2024-04-19,1.16795141322121,ecb_daily,ECB reference rate: 1 EUR = 0.8562 GBP
GBP,2024-04-22,1.1583727180057455,ecb_daily,ECB reference rate: 1 EUR = 0.86328 GBP
GBP,2024-04-23,1.1621150493898895,ecb_daily,ECB reference rate: 1 EUR = 0.8605 GBP
GBP,2024-04-24,1.1635348187794519,ecb_daily,ECB reference rate: 1 EUR = 0.85945 GBP
GBP,2024-04-25,1.1672016340822877,ecb_daily,ECB reference rate: 1 EUR = 0.85675 GBP
GBP,2024-04-26,1.1676377520637997,ecb_daily,ECB reference rate: 1 EUR = 0.85643 GBP
GBP,2024-04-29,1.1696864070742634,ecb_daily,ECB reference rate: 1 EUR = 0.85493 GBP
GBP,2024-04-30,1.1698916680315403,ecb_daily,ECB reference rate: 1 EUR = 0.85478 GBP
GBP,2024-05-02,1.169071056138792,ecb_daily,ECB reference rate: 1 EUR = 0.85538 GBP
GBP,2024-05-03,1.1685928972923703,ecb_daily,ECB reference rate: 1 EUR = 0.85573 GBP
GBP,2024-05-06,1.1674060238150827,ecb_daily,ECB reference rate: 1 EUR = 0.8566 GBP
GBP,2024-05-07,1.165433249810617,ecb_daily,ECB reference rate: 1 EUR = 0.85805 GBP
GBP,2024-05-08,1.1616695514793862,ecb_daily,ECB reference rate: 1 EUR = 0.86083 GBP
GBP,2024-05-09,1.1628583057154487,ecb_daily,ECB reference rate: 1 EUR = 0.85995 GBP
GBP,2024-05-10,1.1620475277438846,ecb_daily,ECB reference rate: 1 EUR = 0.86055 GBP
GBP,2024-05-13,1.1624798019134417,ecb_daily,ECB reference rate: 1 EUR = 0.86023 GBP
GBP,2024-05-14,1.1630205970947747,ecb_daily,ECB reference rate: 1 EUR = 0.85983 GBP
GBP,2024-05-15,1.1649580615097856,ecb_daily,ECB reference rate: 1 EUR = 0.8584 GBP
GBP,2024-05-16,1.1648223645894,ecb_daily,ECB reference rate: 1 EUR = 0.8585 GBP
GBP,2024-05-17,1.1670654140164556,ecb_daily,ECB reference rate: 1 EUR = 0.85685 GBP
GBP,2024-05-20,1.1689343994015056,ecb_daily,ECB reference rate: 1 EUR = 0.85548 GBP
GBP,2024-05-21,1.1704119850187265,ecb_daily,ECB reference rate: 1 EUR = 0.8544 GBP
GBP,2024-05-22,1.174191275758821,ecb_daily,ECB reference rate: 1 EUR = 0.85165 GBP
GBP,2024-05-23,1.174053419430584,ecb_daily,ECB reference rate: 1 EUR = 0.85175 GBP
GBP,2024-05-24,1.1731443788787086,ecb_daily,ECB reference rate: 1 EUR = 0.85241 GBP
GBP,2024-05-27,1.1755025273304338,ecb_daily,ECB reference rate: 1 EUR = 0.8507 GBP
GBP,2024-05-28,1.1753643629525152,ecb_daily,ECB reference rate: 1 EUR = 0.8508 GBP
GBP,2024-05-29,1.1746740279572419,ecb_daily,ECB reference rate: 1 EUR = 0.8513 GBP
GBP,2024-05-30,1.1750190940602785,ecb_daily,ECB reference rate: 1 EUR = 0.85105 GBP
GBP,2024-05-31,1.1714402858314297,ecb_daily,ECB reference rate: 1 EUR = 0.85365 GBP
GBP,2024-06-03,1.174053419430584,ecb_daily,ECB reference rate: 1 EUR = 0.85175 GBP
GBP,2024-06-04,1.1744946736666548,ecb_daily,ECB reference rate: 1 EUR = 0.85143 GBP
GBP,2024-06-05,1.1758066033298842,ecb_daily,ECB reference rate: 1 EUR = 0.85048 GBP
GBP,2024-06-06,1.1752538548326439,ecb_daily,ECB reference rate: 1 EUR = 0.85088 GBP
GBP,2024-06-07,1.174812030075188,ecb_daily,ECB reference rate: 1 EUR = 0.8512 GBP
GBP,2024-06-10,1.182522320108792,ecb_daily,ECB reference rate: 1 EUR = 0.84565 GBP
GBP,2024-06-11,1.187676666904202,ecb_daily,ECB reference rate: 1 EUR = 0.84198 GBP
GBP,2024-06-12,1.1853256682273454,ecb_daily,ECB reference rate: 1 EUR = 0.84365 GBP
GBP,2024-06-13,1.1838802860254771,ecb_daily,ECB reference rate: 1 EUR = 0.84468 GBP
GBP,2024-06-14,1.1875779348019715,ecb_daily,ECB reference rate: 1 EUR = 0.84205 GBP
GBP,2024-06-17,1.1824104619677676,ecb_daily,ECB reference rate: 1 EUR = 0.84573 GBP
GBP,2024-06-18,1.1828720132481665,ecb_daily,ECB reference rate: 1 EUR = 0.8454 GBP
GBP,2024-06-19,1.1840625185009768,ecb_daily,ECB reference rate: 1 EUR = 0.84455 GBP
GBP,2024-06-20,1.183249914214381,ecb_daily,ECB reference rate: 1 EUR = 0.84513 GBP
GBP,2024-06-21,1.1829979534135406,ecb_daily,ECB reference rate: 1 EUR = 0.84531 GBP
GBP,2024-06-24,1.1802195208308746,ecb_daily,ECB reference rate: 1 EUR = 0.8473 GBP
GBP,2024-06-25,1.183922334694844,ecb_daily,ECB reference rate: 1 EUR = 0.84465 GBP
GBP,2024-06-26,1.1840905592459712,ecb_daily,ECB reference rate: 1 EUR = 0.84453 GBP
GBP,2024-06-27,1.1821728336682824,ecb_daily,ECB reference rate: 1 EUR = 0.8459 GBP
GBP,2024-06-28,1.181502398449869,ecb_daily,ECB reference rate: 1 EUR = 0.84638 GBP
GBP,2024-07-01,1.1793843613633683,ecb_daily,ECB reference rate: 1 EUR = 0.8479 GBP
GBP,2024-07-02,1.179871394018052,ecb_daily,ECB reference rate: 1 EUR = 0.84755 GBP
GBP,2024-07-03,1.1809163911195086,ecb_daily,ECB reference rate: 1 EUR = 0.8468 GBP
GBP,2024-07-04,1.1811535145222825,ecb_daily,ECB reference rate: 1 EUR = 0.84663 GBP
GBP,2024-07-05,1.1818514885419498,ecb_daily,ECB reference rate: 1 EUR = 0.84613 GBP
GBP,2024-07-08,1.1846937566639024,ecb_daily,ECB reference rate: 1 EUR = 0.8441 GBP
GBP,2024-07-09,1.1835580120959628,ecb_daily,ECB reference rate: 1 EUR = 0.84491 GBP
GBP,2024-07-10,1.1831799143377741,ecb_daily,ECB reference rate: 1 EUR = 0.84518 GBP
GBP,2024-07-11,1.1861692663543089,ecb_daily,ECB reference rate: 1 EUR = 0.84305 GBP
GBP,2024-07-12,1.1900653345868688,ecb_daily,ECB reference rate: 1 EUR = 0.84029 GBP
GBP,2024-07-15,1.1898387768457375,ecb_daily,ECB reference rate: 1 EUR = 0.84045 GBP
GBP,2024-07-16,1.1896547621880131,ecb_daily,ECB reference rate: 1 EUR = 0.84058 GBP
GBP,2024-07-17,1.1916820592265984,ecb_daily,ECB reference rate: 1 EUR = 0.83915 GBP
GBP,2024-07-18,1.188001188001188,ecb_daily,ECB reference rate: 1 EUR = 0.84175 GBP
GBP,2024-07-19,1.1865211200759374,ecb_daily,ECB reference rate: 1 EUR = 0.8428 GBP
GBP,2024-07-22,1.1874369174137624,ecb_daily,ECB reference rate: 1 EUR = 0.84215 GBP
GBP,2024-07-23,1.1894425082963616,ecb_daily,ECB reference rate: 1 EUR = 0.84073 GBP
GBP,2024-07-24,1.1908589665725888,ecb_daily,ECB reference rate: 1 EUR = 0.83973 GBP
GBP,2024-07-25,1.1865211200759374,ecb_daily,ECB reference rate: 1 EUR = 0.8428 GBP
GBP,2024-07-26,1.1851430467657447,ecb_daily,ECB reference rate: 1 EUR = 0.84378 GBP
GBP,2024-07-29,1.1856067342462504,ecb_daily,ECB reference rate: 1 EUR = 0.84345 GBP
GBP,2024-07-30,1.1868027533823877,ecb_daily,ECB reference rate: 1 EUR = 0.8426 GBP
GBP,2024-07-31,1.1851149561507466,ecb_daily,ECB reference rate: 1 EUR = 0.8438 GBP
GBP,2024-08-01,1.1858457451854663,ecb_daily,ECB reference rate: 1 EUR = 0.84328 GBP
GBP,2024-08-02,1.1764705882352942,ecb_daily,ECB reference rate: 1 EUR = 0.85 GBP
GBP,2024-08-05,1.1644425813363144,ecb_daily,ECB reference rate: 1 EUR = 0.85878 GBP
GBP,2024-08-06,1.1628177399474406,ecb_daily,ECB reference rate: 1 EUR = 0.85998 GBP
GBP,2024-08-07,1.1653925041954132,ecb_daily,ECB reference rate: 1 EUR = 0.85808 GBP
GBP,2024-08-08,1.1615346195393355,ecb_daily,ECB reference rate: 1 EUR = 0.86093 GBP
GBP,2024-08-09,1.1667522284967564,ecb_daily,ECB reference rate: 1 EUR = 0.85708 GBP
GBP,2024-08-12,1.1688524206933633,ecb_daily,ECB reference rate: 1 EUR = 0.85554 GBP
GBP,2024-08-13,1.1701654613962413,ecb_daily,ECB reference rate: 1 EUR = 0.85458 GBP
GBP,2024-08-14,1.1657321380693144,ecb_daily,ECB reference rate: 1 EUR = 0.85783 GBP
GBP,2024-08-15,1.168019622729662,ecb_daily,ECB reference rate: 1 EUR = 0.85615 GBP
GBP,2024-08-16,1.17470162578705,ecb_daily,ECB reference rate: 1 EUR = 0.85128 GBP
GBP,2024-08-19,1.1731168541698438,ecb_daily,ECB reference rate: 1 EUR = 0.85243 GBP
GBP,2024-08-20,1.173791581566777,ecb_daily,ECB reference rate: 1 EUR = 0.85194 GBP
GBP,2024-08-21,1.1722917130698804,ecb_daily,ECB reference rate: 1 EUR = 0.85303 GBP
GBP,2024-08-22,1.1772600449713337,ecb_daily,ECB reference rate: 1 EUR = 0.84943 GBP
GBP,2024-08-23,1.1801777347668558,ecb_daily,ECB reference rate: 1 EUR = 0.84733 GBP
GBP,2024-08-26,1.18140469017662,ecb_daily,ECB reference rate: 1 EUR = 0.84645 GBP
GBP,2024-08-27,1.1843009071744948,ecb_daily,ECB reference rate: 1 EUR = 0.84438 GBP
GBP,2024-08-28,1.18817057376757,ecb_daily,ECB reference rate: 1 EUR = 0.84163 GBP
GBP,2024-08-29,1.188001188001188,ecb_daily,ECB reference rate: 1 EUR = 0.84175 GBP
GBP,2024-08-30,1.1887779362815027,ecb_daily,ECB reference rate: 1 EUR = 0.8412 GBP
GBP,2024-09-02,1.187394618727588,ecb_daily,ECB reference rate: 1 EUR = 0.84218 GBP
GBP,2024-09-03,1.1892727597074388,ecb_daily,ECB reference rate: 1 EUR = 0.84085 GBP
GBP,2024-09-04,1.1869717975500902,ecb_daily,ECB reference rate: 1 EUR = 0.84248 GBP
GBP,2024-09-05,1.1859863848763015,ecb_daily,ECB reference rate: 1 EUR = 0.84318 GBP
GBP,2024-09-06,1.1863381300938394,ecb_daily,ECB reference rate: 1 EUR = 0.84293 GBP
GBP,2024-09-09,1.1853256682273454,ecb_daily,ECB reference rate: 1 EUR = 0.84365 GBP
GBP,2024-09-10,1.1867323325223995,ecb_daily,ECB reference rate: 1 EUR = 0.84265 GBP
GBP,2024-09-11,1.1851851851851851,ecb_daily,ECB reference rate: 1 EUR = 0.84375 GBP
GBP,2024-09-12,1.1839924224484963,ecb_daily,ECB reference rate: 1 EUR = 0.8446 GBP
GBP,2024-09-13,1.1837821840781295,ecb_daily,ECB reference rate: 1 EUR = 0.84475 GBP
GBP,2024-09-16,1.18654927739149,ecb_daily,ECB reference rate: 1 EUR = 0.84278 GBP
GBP,2024-09-17,1.18654927739149,ecb_daily,ECB reference rate: 1 EUR = 0.84278 GBP
GBP,2024-09-18,1.1872959335114277,ecb_daily,ECB reference rate: 1 EUR = 0.84225 GBP
GBP,2024-09-19,1.1911426631567663,ecb_daily,ECB reference rate: 1 EUR = 0.83953 GBP
GBP,2024-09-20,1.1917530687641522,ecb_daily,ECB reference rate: 1 EUR = 0.8391 GBP
GBP,2024-09-23,1.197346679757657,ecb_daily,ECB reference rate: 1 EUR = 0.83518 GBP
GBP,2024-09-24,1.201634222542658,ecb_daily,ECB reference rate: 1 EUR = 0.8322 GBP
GBP,2024-09-25,1.1954143903984316,ecb_daily,ECB reference rate: 1 EUR = 0.83653 GBP
GBP,2024-09-26,1.198638346837992,ecb_daily,ECB reference rate: 1 EUR = 0.83428 GBP
GBP,2024-09-27,1.1999328037629893,ecb_daily,ECB reference rate: 1 EUR = 0.83338 GBP
GBP,2024-09-30,1.196988377242857,ecb_daily,ECB reference rate: 1 EUR = 0.83543 GBP
GBP,2024-10-01,1.2020242087675646,ecb_daily,ECB reference rate: 1 EUR = 0.83193 GBP
GBP,2024-10-02,1.2006531553164923,ecb_daily,ECB reference rate: 1 EUR = 0.83288 GBP
GBP,2024-10-03,1.1868309240665575,ecb_daily,ECB reference rate: 1 EUR = 0.84258 GBP
GBP,2024-10-04,1.1942437451483847,ecb_daily,ECB reference rate: 1 EUR = 0.83735 GBP
GBP,2024-10-07,1.1916394575657188,ecb_daily,ECB reference rate: 1 EUR = 0.83918 GBP
GBP,2024-10-08,1.1936307861252358,ecb_daily,ECB reference rate: 1 EUR = 0.83778 GBP
GBP,2024-10-09,1.1941724385001193,ecb_daily,ECB reference rate: 1 EUR = 0.8374 GBP
GBP,2024-10-10,1.1949430012188418,ecb_daily,ECB reference rate: 1 EUR = 0.83686 GBP
GBP,2024-10-11,1.1946717639328595,ecb_daily,ECB reference rate: 1 EUR = 0.83705 GBP
GBP,2024-10-14,1.1952429331261578,ecb_daily,ECB reference rate: 1 EUR = 0.83665 GBP
GBP,2024-10-15,1.1996880810989143,ecb_daily,ECB reference rate: 1 EUR = 0.83355 GBP
GBP,2024-10-16,1.1961007116799236,ecb_daily,ECB reference rate: 1 EUR = 0.83605 GBP
GBP,2024-10-17,1.1982505541908812,ecb_daily,ECB reference rate: 1 EUR = 0.83455 GBP
GBP,2024-10-18,1.2024289063909097,ecb_daily,ECB reference rate: 1 EUR = 0.83165 GBP
GBP,2024-10-21,1.2002640580927806,ecb_daily,ECB reference rate: 1 EUR = 0.83315 GBP
GBP,2024-10-22,1.1999040076793857,ecb_daily,ECB reference rate: 1 EUR = 0.8334 GBP
GBP,2024-10-23,1.2026747486409775,ecb_daily,ECB reference rate: 1 EUR = 0.83148 GBP
GBP,2024-10-24,1.2017786323759165,ecb_daily,ECB reference rate: 1 EUR = 0.8321 GBP
GBP,2024-10-25,1.199644905108088,ecb_daily,ECB reference rate: 1 EUR = 0.83358 GBP
GBP,2024-10-28,1.2006243246488175,ecb_daily,ECB reference rate: 1 EUR = 0.8329 GBP
GBP,2024-10-29,1.2045290291496025,ecb_daily,ECB reference rate: 1 EUR = 0.8302 GBP
GBP,2024-10-30,1.1986814504045549,ecb_daily,ECB reference rate: 1 EUR = 0.83425 GBP
GBP,2024-10-31,1.193987081059783,ecb_daily,ECB reference rate: 1 EUR = 0.83753 GBP
GBP,2024-11-01,1.1905045358222817,ecb_daily,ECB reference rate: 1 EUR = 0.83998 GBP
GBP,2024-11-04,1.1895840024743347,ecb_daily,ECB reference rate: 1 EUR = 0.84063 GBP
GBP,2024-11-05,1.1916110581506196,ecb_daily,ECB reference rate: 1 EUR = 0.8392 GBP
GBP,2024-11-06,1.2015909063600205,ecb_daily,ECB reference rate: 1 EUR = 0.83223 GBP
GBP,2024-11-07,1.2021398088597703,ecb_daily,ECB reference rate: 1 EUR = 0.83185 GBP
GBP,2024-11-08,1.2020964562196472,ecb_daily,ECB reference rate: 1 EUR = 0.83188 GBP
GBP,2024-11-11,1.2094823415578133,ecb_daily,ECB reference rate: 1 EUR = 0.8268 GBP
GBP,2024-11-12,1.2072191706404298,ecb_daily,ECB reference rate: 1 EUR = 0.82835 GBP
GBP,2024-11-13,1.198853895675734,ecb_daily,ECB reference rate: 1 EUR = 0.83413 GBP
GBP,2024-11-14,1.2025301233795906,ecb_daily,ECB reference rate: 1 EUR = 0.83158 GBP
GBP,2024-11-15,1.1982505541908812,ecb_daily,ECB reference rate: 1 EUR = 0.83455 GBP
GBP,2024-11-18,1.1967448539971277,ecb_daily,ECB reference rate: 1 EUR = 0.8356 GBP
GBP,2024-11-19,1.1956287811760204,ecb_daily,ECB reference rate: 1 EUR = 0.83638 GBP
GBP,2024-11-20,1.1993283761093787,ecb_daily,ECB reference rate: 1 EUR = 0.8338 GBP
GBP,2024-11-21,1.2008694294669342,ecb_daily,ECB reference rate: 1 EUR = 0.83273 GBP
GBP,2024-11-22,1.2018508503094767,ecb_daily,ECB reference rate: 1 EUR = 0.83205 GBP
GBP,2024-11-25,1.1981069909542923,ecb_daily,ECB reference rate: 1 EUR = 0.83465 GBP
GBP,2024-11-26,1.1978917105893627,ecb_daily,ECB reference rate: 1 EUR = 0.8348 GBP
GBP,2024-11-27,1.1990407673860912,ecb_daily,ECB reference rate: 1 EUR = 0.834 GBP
GBP,2024-11-28,1.2014898474107893,ecb_daily,ECB reference rate: 1 EUR = 0.8323 GBP
GBP,2024-11-29,1.2018508503094767,ecb_daily,ECB reference rate: 1 EUR = 0.83205 GBP
GBP,2024-12-02,1.206301720186253,ecb_daily,ECB reference rate: 1 EUR = 0.82898 GBP
GBP,2024-12-03,1.203036464035225,ecb_daily,ECB reference rate: 1 EUR = 0.83123 GBP
GBP,2024-12-04,1.2072920439454304,ecb_daily,ECB reference rate: 1 EUR = 0.8283 GBP
GBP,2024-12-05,1.2077294685990339,ecb_daily,ECB reference rate: 1 EUR = 0.828 GBP
GBP,2024-12-06,1.2069277653732424,ecb_daily,ECB reference rate: 1 EUR = 0.82855 GBP
GBP,2024-12-09,1.2076565424793189,ecb_daily,ECB reference rate: 1 EUR = 0.82805 GBP
GBP,2024-12-10,1.2113136696747622,ecb_daily,ECB reference rate: 1 EUR = 0.82555 GBP
GBP,2024-12-11,1.2127386063207937,ecb_daily,ECB reference rate: 1 EUR = 0.82458 GBP
GBP,2024-12-12,1.213179987382928,ecb_daily,ECB reference rate: 1 EUR = 0.82428 GBP
GBP,2024-12-13,1.2041954168322435,ecb_daily,ECB reference rate: 1 EUR = 0.83043 GBP
GBP,2024-12-16,1.2056181807221653,ecb_daily,ECB reference rate: 1 EUR = 0.82945 GBP
GBP,2024-12-17,1.2099506340141322,ecb_daily,ECB reference rate: 1 EUR = 0.82648 GBP
GBP,2024-12-18,1.2118274357731458,ecb_daily,ECB reference rate: 1 EUR = 0.8252 GBP
GBP,2024-12-19,1.2129298320092183,ecb_daily,ECB reference rate: 1 EUR = 0.82445 GBP
GBP,2024-12-20,1.205327547761104,ecb_daily,ECB reference rate: 1 EUR = 0.82965 GBP
GBP,2024-12-23,1.2048918609554793,ecb_daily,ECB reference rate: 1 EUR = 0.82995 GBP
GBP,2024-12-24,1.2076565424793189,ecb_daily,ECB reference rate: 1 EUR = 0.82805 GBP
GBP,2024-12-27,1.203398397073335,ecb_daily,ECB reference rate: 1 EUR = 0.83098 GBP
GBP,2024-12-30,1.2055455093429777,ecb_daily,ECB reference rate: 1 EUR = 0.8295 GBP
GBP,2024-12-31,1.206010757615958,ecb_daily,ECB reference rate: 1 EUR = 0.82918 GBP
GBP,2025-01-02,1.2031088332250535,ecb_daily,ECB reference rate: 1 EUR = 0.83118 GBP
GBP,2025-01-03,1.2049208969431158,ecb_daily,ECB reference rate: 1 EUR = 0.82993 GBP
GBP,2025-01-06,1.203398397073335,ecb_daily,ECB reference rate: 1 EUR = 0.83098 GBP
GBP,2025-01-07,1.2060543930531267,ecb_daily,ECB reference rate: 1 EUR = 0.82915 GBP
GBP,2025-01-08,1.1989976379746532,ecb_daily,ECB reference rate: 1 EUR = 0.83403 GBP
GBP,2025-01-09,1.1932035127911416,ecb_daily,ECB reference rate: 1 EUR = 0.83808 GBP
GBP,2025-01-10,1.1948430573644153,ecb_daily,ECB reference rate: 1 EUR = 0.83693 GBP
GBP,2025-01-13,1.188212927756654,ecb_daily,ECB reference rate: 1 EUR = 0.8416 GBP
GBP,2025-01-14,1.186408504176158,ecb_daily,ECB reference rate: 1 EUR = 0.84288 GBP
GBP,2025-01-15,1.186056717232218,ecb_daily,ECB reference rate: 1 EUR = 0.84313 GBP
GBP,2025-01-16,1.1868309240665575,ecb_daily,ECB reference rate: 1 EUR = 0.84258 GBP
GBP,2025-01-17,1.1840905592459712,ecb_daily,ECB reference rate: 1 EUR = 0.84453 GBP
GBP,2025-01-20,1.1822007849813212,ecb_daily,ECB reference rate: 1 EUR = 0.84588 GBP
GBP,2025-01-21,1.1826901470083853,ecb_daily,ECB reference rate: 1 EUR = 0.84553 GBP
GBP,2025-01-22,1.1839083181398433,ecb_daily,ECB reference rate: 1 EUR = 0.84466 GBP
GBP,2025-01-23,1.1838802860254771,ecb_daily,ECB reference rate: 1 EUR = 0.84468 GBP
GBP,2025-01-24,1.184651653181382,ecb_daily,ECB reference rate: 1 EUR = 0.84413 GBP
GBP,2025-01-27,1.1889758162318977,ecb_daily,ECB reference rate: 1 EUR = 0.84106 GBP
GBP,2025-01-28,1.1923498831497115,ecb_daily,ECB reference rate: 1 EUR = 0.83868 GBP
GBP,2025-01-29,1.1944149158534692,ecb_daily,ECB reference rate: 1 EUR = 0.83723 GBP
GBP,2025-01-30,1.1949572802772301,ecb_daily,ECB reference rate: 1 EUR = 0.83685 GBP
GBP,2025-01-31,1.1960577935125825,ecb_daily,ECB reference rate: 1 EUR = 0.83608 GBP
GBP,2025-02-03,1.2028483448806775,ecb_daily,ECB reference rate: 1 EUR = 0.83136 GBP
GBP,2025-02-04,1.2020964562196472,ecb_daily,ECB reference rate: 1 EUR = 0.83188 GBP
GBP,2025-02-05,1.2035866883312272,ecb_daily,ECB reference rate: 1 EUR = 0.83085 GBP
GBP,2025-02-06,1.1949144441258006,ecb_daily,ECB reference rate: 1 EUR = 0.83688 GBP
GBP,2025-02-07,1.1997168668194307,ecb_daily,ECB reference rate: 1 EUR = 0.83353 GBP
GBP,2025-02-10,1.2007252380437785,ecb_daily,ECB reference rate: 1 EUR = 0.83283 GBP
GBP,2025-02-11,1.1996880810989143,ecb_daily,ECB reference rate: 1 EUR = 0.83355 GBP
GBP,2025-02-12,1.1999328037629893,ecb_daily,ECB reference rate: 1 EUR = 0.83338 GBP
GBP,2025-02-13,1.2002928714606362,ecb_daily,ECB reference rate: 1 EUR = 0.83313 GBP
GBP,2025-02-14,1.2017064231208316,ecb_daily,ECB reference rate: 1 EUR = 0.83215 GBP
GBP,2025-02-17,1.202891751771258,ecb_daily,ECB reference rate: 1 EUR = 0.83133 GBP
GBP,2025-02-18,1.2044564890093346,ecb_daily,ECB reference rate: 1 EUR = 0.83025 GBP
GBP,2025-02-19,1.207175450880031,ecb_daily,ECB reference rate: 1 EUR = 0.82838 GBP
GBP,2025-02-20,1.2073940813542132,ecb_daily,ECB reference rate: 1 EUR = 0.82823 GBP
GBP,2025-02-21,1.208313194780087,ecb_daily,ECB reference rate: 1 EUR = 0.8276 GBP
GBP,2025-02-24,1.2072920439454304,ecb_daily,ECB reference rate: 1 EUR = 0.8283 GBP
GBP,2025-02-25,1.2061562213537897,ecb_daily,ECB reference rate: 1 EUR = 0.82908 GBP
GBP,2025-02-26,1.2067384273784816,ecb_daily,ECB reference rate: 1 EUR = 0.82868 GBP
GBP,2025-02-27,1.2095847495554777,ecb_daily,ECB reference rate: 1 EUR = 0.82673 GBP
GBP,2025-02-28,1.210536509781135,ecb_daily,ECB reference rate: 1 EUR = 0.82608 GBP
GBP,2025-03-03,1.211680600993578,ecb_daily,ECB reference rate: 1 EUR = 0.8253 GBP
GBP,2025-03-04,1.2079045272261681,ecb_daily,ECB reference rate: 1 EUR = 0.82788 GBP
GBP,2025-03-05,1.1976047904191618,ecb_daily,ECB reference rate: 1 EUR = 0.835 GBP
GBP,2025-03-06,1.1934598400763814,ecb_daily,ECB reference rate: 1 EUR = 0.8379 GBP
GBP,2025-03-07,1.1892303301303397,ecb_daily,ECB reference rate: 1 EUR = 0.84088 GBP
GBP,2025-03-10,1.1926200670252478,ecb_daily,ECB reference rate: 1 EUR = 0.83849 GBP
GBP,2025-03-11,1.1851992319908977,ecb_daily,ECB reference rate: 1 EUR = 0.84374 GBP
GBP,2025-03-12,1.1893717738290635,ecb_daily,ECB reference rate: 1 EUR = 0.84078 GBP
GBP,2025-03-13,1.1936307861252358,ecb_daily,ECB reference rate: 1 EUR = 0.83778 GBP
GBP,2025-03-14,1.1878882909851158,ecb_daily,ECB reference rate: 1 EUR = 0.84183 GBP
GBP,2025-03-17,1.1901078237688334,ecb_daily,ECB reference rate: 1 EUR = 0.84026 GBP
GBP,2025-03-18,1.1880294156083304,ecb_daily,ECB reference rate: 1 EUR = 0.84173 GBP
GBP,2025-03-19,1.1893717738290635,ecb_daily,ECB reference rate: 1 EUR = 0.84078 GBP
GBP,2025-03-20,1.194885888397658,ecb_daily,ECB reference rate: 1 EUR = 0.8369 GBP
GBP,2025-03-21,1.1938160329493226,ecb_daily,ECB reference rate: 1 EUR = 0.83765 GBP
GBP,2025-03-24,1.1952715059225703,ecb_daily,ECB reference rate: 1 EUR = 0.83663 GBP
GBP,2025-03-25,1.1966732483695326,ecb_daily,ECB reference rate: 1 EUR = 0.83565 GBP
GBP,2025-03-26,1.1958432488669384,ecb_daily,ECB reference rate: 1 EUR = 0.83623 GBP
GBP,2025-03-27,1.2002208406346768,ecb_daily,ECB reference rate: 1 EUR = 0.83318 GBP
GBP,2025-03-28,1.199644905108088,ecb_daily,ECB reference rate: 1 EUR = 0.83358 GBP
GBP,2025-03-31,1.1970886803294387,ecb_daily,ECB reference rate: 1 EUR = 0.83536 GBP
GBP,2025-04-01,1.1952429331261578,ecb_daily,ECB reference rate: 1 EUR = 0.83665 GBP
GBP,2025-04-02,1.1982505541908812,ecb_daily,ECB reference rate: 1 EUR = 0.83455 GBP
GBP,2025-04-03,1.18817057376757,ecb_daily,ECB reference rate: 1 EUR = 0.84163 GBP
GBP,2025-04-04,1.1766782373360005,ecb_daily,ECB reference rate: 1 EUR = 0.84985 GBP
GBP,2025-04-07,1.1683880917885685,ecb_daily,ECB reference rate: 1 EUR = 0.85588 GBP
GBP,2025-04-08,1.1676241184437905,ecb_daily,ECB reference rate: 1 EUR = 0.85644 GBP
GBP,2025-04-09,1.1569387400937121,ecb_daily,ECB reference rate: 1 EUR = 0.86435 GBP
GBP,2025-04-10,1.166112763104192,ecb_daily,ECB reference rate: 1 EUR = 0.85755 GBP
GBP,2025-04-11,1.1536952860010614,ecb_daily,ECB reference rate: 1 EUR = 0.86678 GBP
GBP,2025-04-14,1.1576351828484772,ecb_daily,ECB reference rate: 1 EUR = 0.86383 GBP
GBP,2025-04-15,1.1686338670094658,ecb_daily,ECB reference rate: 1 EUR = 0.8557 GBP
GBP,2025-04-16,1.1679786960685836,ecb_daily,ECB reference rate: 1 EUR = 0.85618 GBP
GBP,2025-04-17,1.1645103816100522,ecb_daily,ECB reference rate: 1 EUR = 0.85873 GBP
GBP,2025-04-22,1.1647138298120152,ecb_daily,ECB reference rate: 1 EUR = 0.85858 GBP
GBP,2025-04-23,1.1655962607671955,ecb_daily,ECB reference rate: 1 EUR = 0.85793 GBP
GBP,2025-04-24,1.1695906432748537,ecb_daily,ECB reference rate: 1 EUR = 0.855 GBP
GBP,2025-04-25,1.172195522213105,ecb_daily,ECB reference rate: 1 EUR = 0.8531 GBP
GBP,2025-04-28,1.1745360582569884,ecb_daily,ECB reference rate: 1 EUR = 0.8514 GBP
GBP,2025-04-29,1.1767474699929394,ecb_daily,ECB reference rate: 1 EUR = 0.8498 GBP
GBP,2025-04-30,1.173984503404555,ecb_daily,ECB reference rate: 1 EUR = 0.8518 GBP
GBP,2025-05-02,1.1719207781553969,ecb_daily,ECB reference rate: 1 EUR = 0.8533 GBP
GBP,2025-05-05,1.1743981209630063,ecb_daily,ECB reference rate: 1 EUR = 0.8515 GBP
GBP,2025-05-06,1.180776951233912,ecb_daily,ECB reference rate: 1 EUR = 0.8469 GBP
GBP,2025-05-07,1.1749500646222537,ecb_daily,ECB reference rate: 1 EUR = 0.8511 GBP
GBP,2025-05-08,1.1798017932987257,ecb_daily,ECB reference rate: 1 EUR = 0.8476 GBP
GBP,2025-05-09,1.1796626164916835,ecb_daily,ECB reference rate: 1 EUR = 0.8477 GBP
GBP,2025-05-12,1.1863803535413453,ecb_daily,ECB reference rate: 1 EUR = 0.8429 GBP
GBP,2025-05-13,1.1896264572924102,ecb_daily,ECB reference rate: 1 EUR = 0.8406 GBP
GBP,2025-05-14,1.1883541295306002,ecb_daily,ECB reference rate: 1 EUR = 0.8415 GBP
GBP,2025-05-15,1.1870845204178537,ecb_daily,ECB reference rate: 1 EUR = 0.8424 GBP
GBP,2025-05-16,1.1866619200189865,ecb_daily,ECB reference rate: 1 EUR = 0.8427 GBP
GBP,2025-05-19,1.1877895236964011,ecb_daily,ECB reference rate: 1 EUR = 0.8419 GBP
GBP,2025-05-20,1.1879306248515087,ecb_daily,ECB reference rate: 1 EUR = 0.8418 GBP
GBP,2025-05-21,1.1839924224484963,ecb_daily,ECB reference rate: 1 EUR = 0.8446 GBP
GBP,2025-05-22,1.1866619200189865,ecb_daily,ECB reference rate: 1 EUR = 0.8427 GBP
GBP,2025-05-23,1.1930326890956813,ecb_daily,ECB reference rate: 1 EUR = 0.8382 GBP
GBP,2025-05-26,1.1916110581506196,ecb_daily,ECB reference rate: 1 EUR = 0.8392 GBP
GBP,2025-05-27,1.1931750387781888,ecb_daily,ECB reference rate: 1 EUR = 0.8381 GBP
GBP,2025-05-28,1.1907597046915932,ecb_daily,ECB reference rate: 1 EUR = 0.8398 GBP
GBP,2025-05-29,1.193744777366599,ecb_daily,ECB reference rate: 1 EUR = 0.8377 GBP
GBP,2025-05-30,1.1887779362815027,ecb_daily,ECB reference rate: 1 EUR = 0.8412 GBP
GBP,2025-06-02,1.1856770215793218,ecb_daily,ECB reference rate: 1 EUR = 0.8434 GBP
GBP,2025-06-03,1.1853959222380275,ecb_daily,ECB reference rate: 1 EUR = 0.8436 GBP
GBP,2025-06-04,1.187507421921387,ecb_daily,ECB reference rate: 1 EUR = 0.8421 GBP
GBP,2025-06-05,1.1877895236964011,ecb_daily,ECB reference rate: 1 EUR = 0.8419 GBP
GBP,2025-06-06,1.1868027533823877,ecb_daily,ECB reference rate: 1 EUR = 0.8426 GBP
GBP,2025-06-09,1.1870845204178537,ecb_daily,ECB reference rate: 1 EUR = 0.8424 GBP
GBP,2025-06-10,1.1814744801512287,ecb_daily,ECB reference rate: 1 EUR = 0.8464 GBP
GBP,2025-06-11,1.1798017932987257,ecb_daily,ECB reference rate: 1 EUR = 0.8476 GBP
GBP,2025-06-12,1.1712344811431248,ecb_daily,ECB reference rate: 1 EUR = 0.8538 GBP
GBP,2025-06-13,1.1757789535567313,ecb_daily,ECB reference rate: 1 EUR = 0.8505 GBP
GBP,2025-06-16,1.1732957878681216,ecb_daily,ECB reference rate: 1 EUR = 0.8523 GBP
GBP,2025-06-17,1.1730205278592374,ecb_daily,ECB reference rate: 1 EUR = 0.8525 GBP
GBP,2025-06-18,1.1693171188026192,ecb_daily,ECB reference rate: 1 EUR = 0.8552 GBP
GBP,2025-06-19,1.1708230886313078,ecb_daily,ECB reference rate: 1 EUR = 0.8541 GBP
GBP,2025-06-20,1.1713716762328688,ecb_daily,ECB reference rate: 1 EUR = 0.8537 GBP
GBP,2025-06-23,1.1672697560406209,ecb_daily,ECB reference rate: 1 EUR = 0.8567 GBP
GBP,2025-06-24,1.172745396974317,ecb_daily,ECB reference rate: 1 EUR = 0.8527 GBP
GBP,2025-06-25,1.172882946281961,ecb_daily,ECB reference rate: 1 EUR = 0.8526 GBP
GBP,2025-06-26,1.1716461628588166,ecb_daily,ECB reference rate: 1 EUR = 0.8535 GBP
GBP,2025-06-27,1.1724703951225233,ecb_daily,ECB reference rate: 1 EUR = 0.8529 GBP
GBP,2025-06-30,1.168907071887785,ecb_daily,ECB reference rate: 1 EUR = 0.8555 GBP
GBP,2025-07-01,1.1644154634373545,ecb_daily,ECB reference rate: 1 EUR = 0.8588 GBP
GBP,2025-07-02,1.1621150493898895,ecb_daily,ECB reference rate: 1 EUR = 0.8605 GBP
GBP,2025-07-03,1.158882836945185,ecb_daily,ECB reference rate: 1 EUR = 0.8629 GBP
GBP,2025-07-04,1.1594202898550725,ecb_daily,ECB reference rate: 1 EUR = 0.8625 GBP
GBP,2025-07-07,1.1613053071652537,ecb_daily,ECB reference rate: 1 EUR = 0.8611 GBP
GBP,2025-07-08,1.1584800741427248,ecb_daily,ECB reference rate: 1 EUR = 0.8632 GBP
GBP,2025-07-09,1.1610356437942646,ecb_daily,ECB reference rate: 1 EUR = 0.8613 GBP
GBP,2025-07-10,1.159151501101194,ecb_daily,ECB reference rate: 1 EUR = 0.8627 GBP
GBP,2025-07-11,1.1551345731777751,ecb_daily,ECB reference rate: 1 EUR = 0.8657 GBP
GBP,2025-07-14,1.1538017768547364,ecb_daily,ECB reference rate: 1 EUR = 0.8667 GBP
GBP,2025-07-15,1.1522064754003918,ecb_daily,ECB reference rate: 1 EUR = 0.8679 GBP
GBP,2025-07-16,1.1548677676406052,ecb_daily,ECB reference rate: 1 EUR = 0.8659 GBP
GBP,2025-07-17,1.1568718186024989,ecb_daily,ECB reference rate: 1 EUR = 0.8644 GBP
GBP,2025-07-18,1.155268022181146,ecb_daily,ECB reference rate: 1 EUR = 0.8656 GBP
GBP,2025-07-21,1.155268022181146,ecb_daily,ECB reference rate: 1 EUR = 0.8656 GBP
GBP,2025-07-22,1.1527377521613833,ecb_daily,ECB reference rate: 1 EUR = 0.8675 GBP
GBP,2025-07-23,1.154068090017311,ecb_daily,ECB reference rate: 1 EUR = 0.8665 GBP
GBP,2025-07-24,1.1527377521613833,ecb_daily,ECB reference rate: 1 EUR = 0.8675 GBP
GBP,2025-07-25,1.1474469305794606,ecb_daily,ECB reference rate: 1 EUR = 0.8715 GBP
GBP,2025-07-28,1.1522064754003918,ecb_daily,ECB reference rate: 1 EUR = 0.8679 GBP
GBP,2025-07-29,1.1560693641618498,ecb_daily,ECB reference rate: 1 EUR = 0.865 GBP
GBP,2025-07-30,1.1598237067965669,ecb_daily,ECB reference rate: 1 EUR = 0.8622 GBP
GBP,2025-07-31,1.1562030292519367,ecb_daily,ECB reference rate: 1 EUR = 0.8649 GBP
GBP,2025-08-01,1.154068090017311,ecb_daily,ECB reference rate: 1 EUR = 0.8665 GBP
GBP,2025-08-04,1.1488970588235294,ecb_daily,ECB reference rate: 1 EUR = 0.8704 GBP
GBP,2025-08-05,1.1503508570113885,ecb_daily,ECB reference rate: 1 EUR = 0.8693 GBP
GBP,2025-08-06,1.1471836641046231,ecb_daily,ECB reference rate: 1 EUR = 0.8717 GBP
GBP,2025-08-07,1.1530035743110805,ecb_daily,ECB reference rate: 1 EUR = 0.8673 GBP
GBP,2025-08-08,1.1532695190866105,ecb_daily,ECB reference rate: 1 EUR = 0.8671 GBP
GBP,2025-08-11,1.155268022181146,ecb_daily,ECB reference rate: 1 EUR = 0.8656 GBP
GBP,2025-08-12,1.1599582415033058,ecb_daily,ECB reference rate: 1 EUR = 0.8621 GBP
GBP,2025-08-13,1.1586142973004288,ecb_daily,ECB reference rate: 1 EUR = 0.8631 GBP
GBP,2025-08-14,1.1614401858304297,ecb_daily,ECB reference rate: 1 EUR = 0.861 GBP
GBP,2025-08-15,1.1598237067965669,ecb_daily,ECB reference rate: 1 EUR = 0.8622 GBP
GBP,2025-08-18,1.1599582415033058,ecb_daily,ECB reference rate: 1 EUR = 0.8621 GBP
GBP,2025-08-19,1.1574074074074074,ecb_daily,ECB reference rate: 1 EUR = 0.864 GBP
GBP,2025-08-20,1.156737998843262,ecb_daily,ECB reference rate: 1 EUR = 0.8645 GBP
GBP,2025-08-21,1.1555350127108852,ecb_daily,ECB reference rate: 1 EUR = 0.8654 GBP
GBP,2025-08-22,1.1556685542586387,ecb_daily,ECB reference rate: 1 EUR = 0.8653 GBP
GBP,2025-08-25,1.1548677676406052,ecb_daily,ECB reference rate: 1 EUR = 0.8659 GBP
GBP,2025-08-26,1.1571395510298543,ecb_daily,ECB reference rate: 1 EUR = 0.8642 GBP
GBP,2025-08-27,1.1592858798979828,ecb_daily,ECB reference rate: 1 EUR = 0.8626 GBP
GBP,2025-08-28,1.157809424568716,ecb_daily,ECB reference rate: 1 EUR = 0.8637 GBP
GBP,2025-08-29,1.1536686663590217,ecb_daily,ECB reference rate: 1 EUR = 0.8668 GBP
GBP,2025-09-01,1.1544677903486493,ecb_daily,ECB reference rate: 1 EUR = 0.8662 GBP
GBP,2025-09-02,1.1491611123879568,ecb_daily,ECB reference rate: 1 EUR = 0.8702 GBP
GBP,2025-09-03,1.1511453896627144,ecb_daily,ECB reference rate: 1 EUR = 0.8687 GBP
GBP,2025-09-04,1.154334526145677,ecb_daily,ECB reference rate: 1 EUR = 0.8663 GBP
GBP,2025-09-05,1.1523392486748099,ecb_daily,ECB reference rate: 1 EUR = 0.8678 GBP
GBP,2025-09-08,1.1535355865728458,ecb_daily,ECB reference rate: 1 EUR = 0.8669 GBP
GBP,2025-09-09,1.154334526145677,ecb_daily,ECB reference rate: 1 EUR = 0.8663 GBP
GBP,2025-09-10,1.1560693641618498,ecb_daily,ECB reference rate: 1 EUR = 0.865 GBP
GBP,2025-09-11,1.1564704521799467,ecb_daily,ECB reference rate: 1 EUR = 0.8647 GBP
GBP,2025-09-12,1.1556685542586387,ecb_daily,ECB reference rate: 1 EUR = 0.8653 GBP
GBP,2025-09-15,1.157273463719477,ecb_daily,ECB reference rate: 1 EUR = 0.8641 GBP
GBP,2025-09-16,1.155268022181146,ecb_daily,ECB reference rate: 1 EUR = 0.8656 GBP
GBP,2025-09-17,1.1527377521613833,ecb_daily,ECB reference rate: 1 EUR = 0.8675 GBP
GBP,2025-09-18,1.1520737327188941,ecb_daily,ECB reference rate: 1 EUR = 0.868 GBP
GBP,2025-09-19,1.148369315571888,ecb_daily,ECB reference rate: 1 EUR = 0.8708 GBP
GBP,2025-09-22,1.1456065986940085,ecb_daily,ECB reference rate: 1 EUR = 0.8729 GBP
GBP,2025-09-23,1.1456065986940085,ecb_daily,ECB reference rate: 1 EUR = 0.8729 GBP
GBP,2025-09-24,1.1453441759248655,ecb_daily,ECB reference rate: 1 EUR = 0.8731 GBP
GBP,2025-09-25,1.1431184270690444,ecb_daily,ECB reference rate: 1 EUR = 0.8748 GBP
GBP,2025-09-26,1.1441647597254005,ecb_daily,ECB reference rate: 1 EUR = 0.874 GBP
GBP,2025-09-29,1.14639458901754,ecb_daily,ECB reference rate: 1 EUR = 0.8723 GBP
GBP,2025-09-30,1.144950767117014,ecb_daily,ECB reference rate: 1 EUR = 0.8734 GBP
GBP,2025-10-01,1.1488970588235294,ecb_daily,ECB reference rate: 1 EUR = 0.8704 GBP
GBP,2025-10-02,1.1466574934067195,ecb_daily,ECB reference rate: 1 EUR = 0.8721 GBP
GBP,2025-10-03,1.1460004584001833,ecb_daily,ECB reference rate: 1 EUR = 0.8726 GBP
GBP,2025-10-06,1.1500862564692351,ecb_daily,ECB reference rate: 1 EUR = 0.8695 GBP
GBP,2025-10-07,1.149029070435482,ecb_daily,ECB reference rate: 1 EUR = 0.8703 GBP
GBP,2025-10-08,1.1532695190866105,ecb_daily,ECB reference rate: 1 EUR = 0.8671 GBP
GBP,2025-10-09,1.1516756881262238,ecb_daily,ECB reference rate: 1 EUR = 0.8683 GBP
GBP,2025-10-10,1.1482374555057986,ecb_daily,ECB reference rate: 1 EUR = 0.8709 GBP
GBP,2025-10-13,1.1524720525527257,ecb_daily,ECB reference rate: 1 EUR = 0.8677 GBP
GBP,2025-10-14,1.1478420569329661,ecb_daily,ECB reference rate: 1 EUR = 0.8712 GBP
GBP,2025-10-15,1.1487650775416427,ecb_daily,ECB reference rate: 1 EUR = 0.8705 GBP
GBP,2025-10-16,1.152604887044721,ecb_daily,ECB reference rate: 1 EUR = 0.8676 GBP
GBP,2025-10-17,1.1500862564692351,ecb_daily,ECB reference rate: 1 EUR = 0.8695 GBP
GBP,2025-10-20,1.1506155793349442,ecb_daily,ECB reference rate: 1 EUR = 0.8691 GBP
GBP,2025-10-21,1.1523392486748099,ecb_daily,ECB reference rate: 1 EUR = 0.8678 GBP
GBP,2025-10-22,1.1508804235239958,ecb_daily,ECB reference rate: 1 EUR = 0.8689 GBP
GBP,2025-10-23,1.1506155793349442,ecb_daily,ECB reference rate: 1 EUR = 0.8691 GBP
GBP,2025-10-24,1.1460004584001833,ecb_daily,ECB reference rate: 1 EUR = 0.8726 GBP
GBP,2025-10-27,1.1466574934067195,ecb_daily,ECB reference rate: 1 EUR = 0.8721 GBP
GBP,2025-10-28,1.1415525114155252,ecb_daily,ECB reference rate: 1 EUR = 0.876 GBP
GBP,2025-10-29,1.1354604292040422,ecb_daily,ECB reference rate: 1 EUR = 0.8807 GBP
GBP,2025-10-30,1.1362345188046814,ecb_daily,ECB reference rate: 1 EUR = 0.8801 GBP
GBP,2025-10-31,1.134301270417423,ecb_daily,ECB reference rate: 1 EUR = 0.8816 GBP
GBP,2025-11-03,1.140901312036509,ecb_daily,ECB reference rate: 1 EUR = 0.8765 GBP
GBP,2025-11-04,1.137009664582149,ecb_daily,ECB reference rate: 1 EUR = 0.8795 GBP
GBP,2025-11-05,1.1350737797956867,ecb_daily,ECB reference rate: 1 EUR = 0.881 GBP
GBP,2025-11-06,1.1354604292040422,ecb_daily,ECB reference rate: 1 EUR = 0.8807 GBP
GBP,2025-11-07,1.1349449551696742,ecb_daily,ECB reference rate: 1 EUR = 0.8811 GBP
GBP,2025-11-10,1.139211665527455,ecb_daily,ECB reference rate: 1 EUR = 0.8778 GBP
GBP,2025-11-11,1.1358473421172195,ecb_daily,ECB reference rate: 1 EUR = 0.8804 GBP
GBP,2025-11-12,1.1334013374135783,ecb_daily,ECB reference rate: 1 EUR = 0.8823 GBP
GBP,2025-11-13,1.1339154099104207,ecb_daily,ECB reference rate: 1 EUR = 0.8819 GBP
GBP,2025-11-14,1.1304544426859597,ecb_daily,ECB reference rate: 1 EUR = 0.8846 GBP
GBP,2025-11-17,1.137009664582149,ecb_daily,ECB reference rate: 1 EUR = 0.8795 GBP
GBP,2025-11-18,1.1336583153837434,ecb_daily,ECB reference rate: 1 EUR = 0.8821 GBP
GBP,2025-11-19,1.1328877308258751,ecb_daily,ECB reference rate: 1 EUR = 0.8827 GBP
GBP,2025-11-20,1.1344299489506524,ecb_daily,ECB reference rate: 1 EUR = 0.8815 GBP
GBP,2025-11-21,1.1359763716914688,ecb_daily,ECB reference rate: 1 EUR = 0.8803 GBP
GBP,2025-11-24,1.1358473421172195,ecb_daily,ECB reference rate: 1 EUR = 0.8804 GBP
GBP,2025-11-25,1.137915339098771,ecb_daily,ECB reference rate: 1 EUR = 0.8788 GBP
GBP,2025-11-26,1.1394712853236098,ecb_daily,ECB reference rate: 1 EUR = 0.8776 GBP
GBP,2025-11-27,1.142334932602239,ecb_daily,ECB reference rate: 1 EUR = 0.8754 GBP
GBP,2025-11-28,1.1425959780621573,ecb_daily,ECB reference rate: 1 EUR = 0.8752 GBP
GBP,2025-12-01,1.139211665527455,ecb_daily,ECB reference rate: 1 EUR = 0.8778 GBP
GBP,2025-12-02,1.1368804001819008,ecb_daily,ECB reference rate: 1 EUR = 0.8796 GBP
GBP,2025-12-03,1.1407711613050422,ecb_daily,ECB reference rate: 1 EUR = 0.8766 GBP
GBP,2025-12-04,1.1435105774728416,ecb_daily,ECB reference rate: 1 EUR = 0.8745 GBP
GBP,2025-12-05,1.1458691417440128,ecb_daily,ECB reference rate: 1 EUR = 0.8727 GBP
GBP,2025-12-08,1.143379830779785,ecb_daily,ECB reference rate: 1 EUR = 0.8746 GBP
GBP,2025-12-09,1.1448196908986834,ecb_daily,ECB reference rate: 1 EUR = 0.8735 GBP
GBP,2025-12-10,1.1440338634023568,ecb_daily,ECB reference rate: 1 EUR = 0.8741 GBP
GBP,2025-12-11,1.142726545537653,ecb_daily,ECB reference rate: 1 EUR = 0.8751 GBP
GBP,2025-12-12,1.1406410402646288,ecb_daily,ECB reference rate: 1 EUR = 0.8767 GBP
GBP,2025-12-15,1.1390818999886092,ecb_daily,ECB reference rate: 1 EUR = 0.8779 GBP
GBP,2025-12-16,1.1410314924691922,ecb_daily,ECB reference rate: 1 EUR = 0.8764 GBP
GBP,2025-12-17,1.1383039271485487,ecb_daily,ECB reference rate: 1 EUR = 0.8785 GBP
GBP,2025-12-18,1.143379830779785,ecb_daily,ECB reference rate: 1 EUR = 0.8746 GBP
GBP,2025-12-19,1.1415525114155252,ecb_daily,ECB reference rate: 1 EUR = 0.876 GBP
GBP,2025-12-22,1.1439029970258523,ecb_daily,ECB reference rate: 1 EUR = 0.8742 GBP
GBP,2025-12-23,1.1456065986940085,ecb_daily,ECB reference rate: 1 EUR = 0.8729 GBP
GBP,2025-12-24,1.1456065986940085,ecb_daily,ECB reference rate: 1 EUR = 0.8729 GBP
GBP,2025-12-29,1.1460004584001833,ecb_daily,ECB reference rate: 1 EUR = 0.8726 GBP
GBP,2025-12-30,1.1478420569329661,ecb_daily,ECB reference rate: 1 EUR = 0.8712 GBP
GBP,2025-12-31,1.1460004584001833,ecb_daily,ECB reference rate: 1 EUR = 0.8726 GBP
GBP,2026-01-02,1.1469205184080744,ecb_daily,ECB reference rate: 1 EUR = 0.8719 GBP
GBP,2026-01-05,1.152604887044721,ecb_daily,ECB reference rate: 1 EUR = 0.8676 GBP
GBP,2026-01-06,1.154334526145677,ecb_daily,ECB reference rate: 1 EUR = 0.8663 GBP
GBP,2026-01-07,1.154201292705448,ecb_daily,ECB reference rate: 1 EUR = 0.8664 GBP
GBP,2026-01-08,1.1511453896627144,ecb_daily,ECB reference rate: 1 EUR = 0.8687 GBP
GBP,2026-01-09,1.1524720525527257,ecb_daily,ECB reference rate: 1 EUR = 0.8677 GBP
GBP,2026-01-12,1.1528706479133042,ecb_daily,ECB reference rate: 1 EUR = 0.8674 GBP
GBP,2026-01-13,1.1547344110854503,ecb_daily,ECB reference rate: 1 EUR = 0.866 GBP
GBP,2026-01-14,1.1536686663590217,ecb_daily,ECB reference rate: 1 EUR = 0.8668 GBP
GBP,2026-01-15,1.1528706479133042,ecb_daily,ECB reference rate: 1 EUR = 0.8674 GBP
GBP,2026-01-16,1.1534025374855825,ecb_daily,ECB reference rate: 1 EUR = 0.867 GBP
GBP,2026-01-19,1.1532695190866105,ecb_daily,ECB reference rate: 1 EUR = 0.8671 GBP
GBP,2026-01-20,1.1465260261407935,ecb_daily,ECB reference rate: 1 EUR = 0.8722 GBP
GBP,2026-01-21,1.1436413540713632,ecb_daily,ECB reference rate: 1 EUR = 0.8744 GBP
GBP,2026-01-22,1.1465260261407935,ecb_daily,ECB reference rate: 1 EUR = 0.8722 GBP
GBP,2026-01-23,1.1519410206197442,ecb_daily,ECB reference rate: 1 EUR = 0.8681 GBP
GBP,2026-01-26,1.1527377521613833,ecb_daily,ECB reference rate: 1 EUR = 0.8675 GBP
GBP,2026-01-27,1.1516756881262238,ecb_daily,ECB reference rate: 1 EUR = 0.8683 GBP
GBP,2026-01-28,1.1514104778353482,ecb_daily,ECB reference rate: 1 EUR = 0.8685 GBP
GBP,2026-01-29,1.1544677903486493,ecb_daily,ECB reference rate: 1 EUR = 0.8662 GBP
GBP,2026-01-30,1.1544677903486493,ecb_daily,ECB reference rate: 1 EUR = 0.8662 GBP
GBP,2026-02-02,1.155001155001155,ecb_daily,ECB reference rate: 1 EUR = 0.8658 GBP
GBP,2026-02-03,1.1596892032935173,ecb_daily,ECB reference rate: 1 EUR = 0.8623 GBP
GBP,2026-02-04,1.160631383472609,ecb_daily,ECB reference rate: 1 EUR = 0.8616 GBP
GBP,2026-02-05,1.1506155793349442,ecb_daily,ECB reference rate: 1 EUR = 0.8691 GBP
GBP,2026-02-06,1.1522064754003918,ecb_daily,ECB reference rate: 1 EUR = 0.8679 GBP
GBP,2026-02-09,1.1492931846914147,ecb_daily,ECB reference rate: 1 EUR = 0.8701 GBP
GBP,2026-02-10,1.1500862564692351,ecb_daily,ECB reference rate: 1 EUR = 0.8695 GBP
GBP,2026-02-11,1.1495574203931487,ecb_daily,ECB reference rate: 1 EUR = 0.8699 GBP
GBP,2026-02-12,1.1479738261967627,ecb_daily,ECB reference rate: 1 EUR = 0.8711 GBP
GBP,2026-02-13,1.1473152822395594,ecb_daily,ECB reference rate: 1 EUR = 0.8716 GBP
GBP,2026-02-16,1.1507479861910241,ecb_daily,ECB reference rate: 1 EUR = 0.869 GBP
GBP,2026-02-17,1.145081873353945,ecb_daily,ECB reference rate: 1 EUR = 0.8733 GBP
GBP,2026-02-18,1.1462631820265934,ecb_daily,ECB reference rate: 1 EUR = 0.8724 GBP
GBP,2026-02-19,1.1444266422522316,ecb_daily,ECB reference rate: 1 EUR = 0.8738 GBP
GBP,2026-02-20,1.1457378551787352,ecb_daily,ECB reference rate: 1 EUR = 0.8728 GBP
GBP,2026-02-23,1.144950767117014,ecb_daily,ECB reference rate: 1 EUR = 0.8734 GBP
GBP,2026-02-24,1.1453441759248655,ecb_daily,ECB reference rate: 1 EUR = 0.8731 GBP
GBP,2026-02-25,1.1475786091347258,ecb_daily,ECB reference rate: 1 EUR = 0.8714 GBP
GBP,2026-02-26,1.1469205184080744,ecb_daily,ECB reference rate: 1 EUR = 0.8719 GBP
GBP,2026-02-27,1.1411617026132603,ecb_daily,ECB reference rate: 1 EUR = 0.8763 GBP
GBP,2026-03-02,1.1442956860052638,ecb_daily,ECB reference rate: 1 EUR = 0.8739 GBP
GBP,2026-03-03,1.1471836641046231,ecb_daily,ECB reference rate: 1 EUR = 0.8717 GBP
GBP,2026-03-04,1.1487650775416427,ecb_daily,ECB reference rate: 1 EUR = 0.8705 GBP
GBP,2026-03-05,1.1500862564692351,ecb_daily,ECB reference rate: 1 EUR = 0.8695 GBP
GBP,2026-03-06,1.1534956686237643,ecb_daily,ECB reference rate: 1 EUR = 0.86693 GBP
GBP,2026-03-09,1.1556685542586387,ecb_daily,ECB reference rate: 1 EUR = 0.8653 GBP
GBP,2026-03-10,1.1554682535097347,ecb_daily,ECB reference rate: 1 EUR = 0.86545 GBP
GBP,2026-03-11,1.1579032687609276,ecb_daily,ECB reference rate: 1 EUR = 0.86363 GBP
GBP,2026-03-12,1.1595143953712186,ecb_daily,ECB reference rate: 1 EUR = 0.86243 GBP
GBP,2026-03-13,1.1560292706611333,ecb_daily,ECB reference rate: 1 EUR = 0.86503 GBP
GBP,2026-03-16,1.157300249976854,ecb_daily,ECB reference rate: 1 EUR = 0.86408 GBP
GBP,2026-03-17,1.1570056693277797,ecb_daily,ECB reference rate: 1 EUR = 0.8643 GBP
GBP,2026-03-18,1.1575011864387161,ecb_daily,ECB reference rate: 1 EUR = 0.86393 GBP
GBP,2026-03-19,1.157568180765847,ecb_daily,ECB reference rate: 1 EUR = 0.86388 GBP
GBP,2026-03-20,1.1568985862699275,ecb_daily,ECB reference rate: 1 EUR = 0.86438 GBP
GBP,2026-03-23,1.1571395510298543,ecb_daily,ECB reference rate: 1 EUR = 0.8642 GBP
GBP,2026-03-24,1.1555216602535214,ecb_daily,ECB reference rate: 1 EUR = 0.86541 GBP
GBP,2026-03-25,1.1552947156819704,ecb_daily,ECB reference rate: 1 EUR = 0.86558 GBP
GBP,2026-03-26,1.1558689244639657,ecb_daily,ECB reference rate: 1 EUR = 0.86515 GBP
PLN,2024-01-02,0.2287910679967054,ecb_daily,ECB reference rate: 1 EUR = 4.3708 PLN
PLN,2024-01-03,0.22915807323892018,ecb_daily,ECB reference rate: 1 EUR = 4.3638 PLN
PLN,2024-01-04,0.23009664058904739,ecb_daily,ECB reference rate: 1 EUR = 4.346 PLN
PLN,2024-01-05,0.22952625780389277,ecb_daily,ECB reference rate: 1 EUR = 4.3568 PLN
PLN,2024-01-08,0.2300701714022777,ecb_daily,ECB reference rate: 1 EUR = 4.3465 PLN
PLN,2024-01-09,0.23016019149327932,ecb_daily,ECB reference rate: 1 EUR = 4.3448 PLN
PLN,2024-01-10,0.230361667818475,ecb_daily,ECB reference rate: 1 EUR = 4.341 PLN
PLN,2024-01-11,0.22993791676247413,ecb_daily,ECB reference rate: 1 EUR = 4.349 PLN
PLN,2024-01-12,0.2292105986980838,ecb_daily,ECB reference rate: 1 EUR = 4.3628 PLN
PLN,2024-01-15,0.22922636103151864,ecb_daily,ECB reference rate: 1 EUR = 4.3625 PLN
PLN,2024-01-16,0.22794620469569185,ecb_daily,ECB reference rate: 1 EUR = 4.387 PLN
PLN,2024-01-17,0.22730889005068988,ecb_daily,ECB reference rate: 1 EUR = 4.3993 PLN
PLN,2024-01-18,0.22732439190725165,ecb_daily,ECB reference rate: 1 EUR = 4.399 PLN
PLN,2024-01-19,0.22926314824155167,ecb_daily,ECB reference rate: 1 EUR = 4.3618 PLN
PLN,2024-01-22,0.22914757103574704,ecb_daily,ECB reference rate: 1 EUR = 4.364 PLN
PLN,2024-01-23,0.22815423226100845,ecb_daily,ECB reference rate: 1 EUR = 4.383 PLN
PLN,2024-01-24,0.22870211549456834,ecb_daily,ECB reference rate: 1 EUR = 4.3725 PLN
PLN,2024-01-25,0.22849308808408544,ecb_daily,ECB reference rate: 1 EUR = 4.3765 PLN
PLN,2024-01-26,0.22844089091947456,ecb_daily,ECB reference rate: 1 EUR = 4.3775 PLN
PLN,2024-01-29,0.22904260192395787,ecb_daily,ECB reference rate: 1 EUR = 4.366 PLN
PLN,2024-01-30,0.22926314824155167,ecb_daily,ECB reference rate: 1 EUR = 4.3618 PLN
PLN,2024-01-31,0.23078698361412414,ecb_daily,ECB reference rate: 1 EUR = 4.333 PLN
PLN,2024-02-01,0.23055818135706546,ecb_daily,ECB reference rate: 1 EUR = 4.3373 PLN
PLN,2024-02-02,0.23161551823972207,ecb_daily,ECB reference rate: 1 EUR = 4.3175 PLN
PLN,2024-02-05,0.23071776296057034,ecb_daily,ECB reference rate: 1 EUR = 4.3343 PLN
PLN,2024-02-06,0.2300807583461795,ecb_daily,ECB reference rate: 1 EUR = 4.3463 PLN
PLN,2024-02-07,0.2301337076841645,ecb_daily,ECB reference rate: 1 EUR = 4.3453 PLN
PLN,2024-02-08,0.23054755043227665,ecb_daily,ECB reference rate: 1 EUR = 4.3375 PLN
PLN,2024-02-09,0.23144933574040644,ecb_daily,ECB reference rate: 1 EUR = 4.3206 PLN
PLN,2024-02-12,0.23149219871290339,ecb_daily,ECB reference rate: 1 EUR = 4.3198 PLN
PLN,2024-02-13,0.23149219871290339,ecb_daily,ECB reference rate: 1 EUR = 4.3198 PLN
PLN,2024-02-14,0.23033513762524474,ecb_daily,ECB reference rate: 1 EUR = 4.3415 PLN
PLN,2024-02-15,0.2302025782688766,ecb_daily,ECB reference rate: 1 EUR = 4.344 PLN
PLN,2024-02-16,0.2304147465437788,ecb_daily,ECB reference rate: 1 EUR = 4.34 PLN
PLN,2024-02-19,0.2311337108517277,ecb_daily,ECB reference rate: 1 EUR = 4.3265 PLN
PLN,2024-02-20,0.23122456529781726,ecb_daily,ECB reference rate: 1 EUR = 4.3248 PLN
PLN,2024-02-21,0.23166917641607787,ecb_daily,ECB reference rate: 1 EUR = 4.3165 PLN
PLN,2024-02-22,0.23170675193475138,ecb_daily,ECB reference rate: 1 EUR = 4.3158 PLN
PLN,2024-02-23,0.23192170323298855,ecb_daily,ECB reference rate: 1 EUR = 4.3118 PLN
PLN,2024-02-26,0.2322718509743804,ecb_daily,ECB reference rate: 1 EUR = 4.3053 PLN
PLN,2024-02-27,0.23173359905452692,ecb_daily,ECB reference rate: 1 EUR = 4.3153 PLN
PLN,2024-02-28,0.2327475852438031,ecb_daily,ECB reference rate: 1 EUR = 4.2965 PLN
PLN,2024-02-29,0.231438622477319,ecb_daily,ECB reference rate: 1 EUR = 4.3208 PLN
PLN,2024-03-01,0.23158869847151461,ecb_daily,ECB reference rate: 1 EUR = 4.318 PLN
PLN,2024-03-04,0.23137436372049977,ecb_daily,ECB reference rate: 1 EUR = 4.322 PLN
PLN,2024-03-05,0.23122456529781726,ecb_daily,ECB reference rate: 1 EUR = 4.3248 PLN
PLN,2024-03-06,0.232460830350086,ecb_daily,ECB reference rate: 1 EUR = 4.3018 PLN
PLN,2024-03-07,0.23245002324500236,ecb_daily,ECB reference rate: 1 EUR = 4.302 PLN
PLN,2024-03-08,0.2322071287588529,ecb_daily,ECB reference rate: 1 EUR = 4.3065 PLN
PLN,2024-03-11,0.2336175680411167,ecb_daily,ECB reference rate: 1 EUR = 4.2805 PLN
PLN,2024-03-12,0.2332905633967106,ecb_daily,ECB reference rate: 1 EUR = 4.2865 PLN
PLN,2024-03-13,0.23331777881474572,ecb_daily,ECB reference rate: 1 EUR = 4.286 PLN
PLN,2024-03-14,0.23291021311284502,ecb_daily,ECB reference rate: 1 EUR = 4.2935 PLN
PLN,2024-03-15,0.23281260913091054,ecb_daily,ECB reference rate: 1 EUR = 4.2953 PLN
PLN,2024-03-18,0.23194860019019783,ecb_daily,ECB reference rate: 1 EUR = 4.3113 PLN
PLN,2024-03-19,0.23142791020597087,ecb_daily,ECB reference rate: 1 EUR = 4.321 PLN
PLN,2024-03-20,0.23122456529781726,ecb_daily,ECB reference rate: 1 EUR = 4.3248 PLN
PLN,2024-03-21,0.2324068048712466,ecb_daily,ECB reference rate: 1 EUR = 4.3028 PLN
PLN,2024-03-22,0.23164234422052352,ecb_daily,ECB reference rate: 1 EUR = 4.317 PLN
PLN,2024-03-25,0.23213705371651422,ecb_daily,ECB reference rate: 1 EUR = 4.3078 PLN
PLN,2024-03-26,0.23205625043510544,ecb_daily,ECB reference rate: 1 EUR = 4.3093 PLN
PLN,2024-03-27,0.23176045239640308,ecb_daily,ECB reference rate: 1 EUR = 4.3148 PLN
PLN,2024-03-28,0.2318948125130441,ecb_daily,ECB reference rate: 1 EUR = 4.3123 PLN
PLN,2024-04-02,0.2328939400996786,ecb_daily,ECB reference rate: 1 EUR = 4.2938 PLN
PLN,2024-04-03,0.23273133494693723,ecb_daily,ECB reference rate: 1 EUR = 4.2968 PLN
PLN,2024-04-04,0.23280176929344665,ecb_daily,ECB reference rate: 1 EUR = 4.2955 PLN
PLN,2024-04-05,0.2334539512081242,ecb_daily,ECB reference rate: 1 EUR = 4.2835 PLN
PLN,2024-04-08,0.23379234563860377,ecb_daily,ECB reference rate: 1 EUR = 4.2773 PLN
PLN,2024-04-09,0.2349348055914484,ecb_daily,ECB reference rate: 1 EUR = 4.2565 PLN
PLN,2024-04-10,0.23494584498273147,ecb_daily,ECB reference rate: 1 EUR = 4.2563 PLN
PLN,2024-04-11,0.23490721165139772,ecb_daily,ECB reference rate: 1 EUR = 4.257 PLN
PLN,2024-04-12,0.23472525409008754,ecb_daily,ECB reference rate: 1 EUR = 4.2603 PLN
PLN,2024-04-15,0.2328939400996786,ecb_daily,ECB reference rate: 1 EUR = 4.2938 PLN
PLN,2024-04-16,0.2302290779325429,ecb_daily,ECB reference rate: 1 EUR = 4.3435 PLN
PLN,2024-04-17,0.22984278753332724,ecb_daily,ECB reference rate: 1 EUR = 4.3508 PLN
PLN,2024-04-18,0.2311871459946827,ecb_daily,ECB reference rate: 1 EUR = 4.3255 PLN
PLN,2024-04-19,0.23094688221709006,ecb_daily,ECB reference rate: 1 EUR = 4.33 PLN
PLN,2024-04-22,0.23154579975919234,ecb_daily,ECB reference rate: 1 EUR = 4.3188 PLN
PLN,2024-04-23,0.23170675193475138,ecb_daily,ECB reference rate: 1 EUR = 4.3158 PLN
PLN,2024-04-24,0.23151899613363275,ecb_daily,ECB reference rate: 1 EUR = 4.3193 PLN
PLN,2024-04-25,0.23166917641607787,ecb_daily,ECB reference rate: 1 EUR = 4.3165 PLN
PLN,2024-04-26,0.23145469274389538,ecb_daily,ECB reference rate: 1 EUR = 4.3205 PLN
PLN,2024-04-29,0.2311871459946827,ecb_daily,ECB reference rate: 1 EUR = 4.3255 PLN
PLN,2024-04-30,0.23159942563342442,ecb_daily,ECB reference rate: 1 EUR = 4.3178 PLN
PLN,2024-05-02,0.23106428208327556,ecb_daily,ECB reference rate: 1 EUR = 4.3278 PLN
PLN,2024-05-03,0.231000231000231,ecb_daily,ECB reference rate: 1 EUR = 4.329 PLN
PLN,2024-05-06,0.2315618849137432,ecb_daily,ECB reference rate: 1 EUR = 4.3185 PLN
PLN,2024-05-07,0.2318141777551115,ecb_daily,ECB reference rate: 1 EUR = 4.3138 PLN
PLN,2024-05-08,0.2321532211259431,ecb_daily,ECB reference rate: 1 EUR = 4.3075 PLN
PLN,2024-05-09,0.23299161230195714,ecb_daily,ECB reference rate: 1 EUR = 4.292 PLN
PLN,2024-05-10,0.23273133494693723,ecb_daily,ECB reference rate: 1 EUR = 4.2968 PLN
PLN,2024-05-13,0.23331777881474572,ecb_daily,ECB reference rate: 1 EUR = 4.286 PLN
PLN,2024-05-14,0.23421946363742827,ecb_daily,ECB reference rate: 1 EUR = 4.2695 PLN
PLN,2024-05-15,0.23424689622862496,ecb_daily,ECB reference rate: 1 EUR = 4.269 PLN
PLN,2024-05-16,0.23447758394297505,ecb_daily,ECB reference rate: 1 EUR = 4.2648 PLN
PLN,2024-05-17,0.2344665885111372,ecb_daily,ECB reference rate: 1 EUR = 4.265 PLN
PLN,2024-05-20,0.23511156043542658,ecb_daily,ECB reference rate: 1 EUR = 4.2533 PLN
PLN,2024-05-21,0.23500105750475878,ecb_daily,ECB reference rate: 1 EUR = 4.2553 PLN
PLN,2024-05-22,0.2342688469287354,ecb_daily,ECB reference rate: 1 EUR = 4.2686 PLN
PLN,2024-05-23,0.23457658925639222,ecb_daily,ECB reference rate: 1 EUR = 4.263 PLN
PLN,2024-05-24,0.23500105750475878,ecb_daily,ECB reference rate: 1 EUR = 4.2553 PLN
PLN,2024-05-27,0.23500105750475878,ecb_daily,ECB reference rate: 1 EUR = 4.2553 PLN
PLN,2024-05-28,0.2353882729562413,ecb_daily,ECB reference rate: 1 EUR = 4.2483 PLN
PLN,2024-05-29,0.2345215759849906,ecb_daily,ECB reference rate: 1 EUR = 4.264 PLN
PLN,2024-05-30,0.2333831217326363,ecb_daily,ECB reference rate: 1 EUR = 4.2848 PLN
PLN,2024-05-31,0.23449407902450464,ecb_daily,ECB reference rate: 1 EUR = 4.2645 PLN
PLN,2024-06-03,0.23356300362022653,ecb_daily,ECB reference rate: 1 EUR = 4.2815 PLN
PLN,2024-06-04,0.23253110103476338,ecb_daily,ECB reference rate: 1 EUR = 4.3005 PLN
PLN,2024-06-05,0.2323150191659891,ecb_daily,ECB reference rate: 1 EUR = 4.3045 PLN
PLN,2024-06-06,0.23247704289201443,ecb_daily,ECB reference rate: 1 EUR = 4.3015 PLN
PLN,2024-06-07,0.23320895522388058,ecb_daily,ECB reference rate: 1 EUR = 4.288 PLN
PLN,2024-06-10,0.23126734505087881,ecb_daily,ECB reference rate: 1 EUR = 4.324 PLN
PLN,2024-06-11,0.23034574896920276,ecb_daily,ECB reference rate: 1 EUR = 4.3413 PLN
PLN,2024-06-12,0.23049441051054512,ecb_daily,ECB reference rate: 1 EUR = 4.3385 PLN
PLN,2024-06-13,0.23002783336783753,ecb_daily,ECB reference rate: 1 EUR = 4.3473 PLN
PLN,2024-06-14,0.22866027942286143,ecb_daily,ECB reference rate: 1 EUR = 4.3733 PLN
PLN,2024-06-17,0.2293577981651376,ecb_daily,ECB reference rate: 1 EUR = 4.36 PLN
PLN,2024-06-18,0.2298692044226835,ecb_daily,ECB reference rate: 1 EUR = 4.3503 PLN
PLN,2024-06-19,0.23094688221709006,ecb_daily,ECB reference rate: 1 EUR = 4.33 PLN
PLN,2024-06-20,0.23142791020597087,ecb_daily,ECB reference rate: 1 EUR = 4.321 PLN
PLN,2024-06-21,0.23137436372049977,ecb_daily,ECB reference rate: 1 EUR = 4.322 PLN
PLN,2024-06-24,0.2325419156803014,ecb_daily,ECB reference rate: 1 EUR = 4.3003 PLN
PLN,2024-06-25,0.23258518432375858,ecb_daily,ECB reference rate: 1 EUR = 4.2995 PLN
PLN,2024-06-26,0.2321532211259431,ecb_daily,ECB reference rate: 1 EUR = 4.3075 PLN
PLN,2024-06-27,0.23154579975919234,ecb_daily,ECB reference rate: 1 EUR = 4.3188 PLN
PLN,2024-06-28,0.23207240659085634,ecb_daily,ECB reference rate: 1 EUR = 4.309 PLN
PLN,2024-07-01,0.23251488095238096,ecb_daily,ECB reference rate: 1 EUR = 4.3008 PLN
PLN,2024-07-02,0.23121387283236994,ecb_daily,ECB reference rate: 1 EUR = 4.325 PLN
PLN,2024-07-03,0.232460830350086,ecb_daily,ECB reference rate: 1 EUR = 4.3018 PLN
PLN,2024-07-04,0.23300246982618014,ecb_daily,ECB reference rate: 1 EUR = 4.2918 PLN
PLN,2024-07-05,0.23365577830739756,ecb_daily,ECB reference rate: 1 EUR = 4.2798 PLN
PLN,2024-07-08,0.2337650194024966,ecb_daily,ECB reference rate: 1 EUR = 4.2778 PLN
PLN,2024-07-09,0.23450507703491777,ecb_daily,ECB reference rate: 1 EUR = 4.2643 PLN
PLN,2024-07-10,0.23499001292445074,ecb_daily,ECB reference rate: 1 EUR = 4.2555 PLN
PLN,2024-07-11,0.2350452462098954,ecb_daily,ECB reference rate: 1 EUR = 4.2545 PLN
PLN,2024-07-12,0.23502867349816675,ecb_daily,ECB reference rate: 1 EUR = 4.2548 PLN
PLN,2024-07-15,0.23532180256500762,ecb_daily,ECB reference rate: 1 EUR = 4.2495 PLN
PLN,2024-07-16,0.23428531265374974,ecb_daily,ECB reference rate: 1 EUR = 4.2683 PLN
PLN,2024-07-17,0.2328397131414734,ecb_daily,ECB reference rate: 1 EUR = 4.2948 PLN
PLN,2024-07-18,0.23300246982618014,ecb_daily,ECB reference rate: 1 EUR = 4.2918 PLN
PLN,2024-07-19,0.23335589106947002,ecb_daily,ECB reference rate: 1 EUR = 4.2853 PLN
PLN,2024-07-22,0.2337103860895578,ecb_daily,ECB reference rate: 1 EUR = 4.2788 PLN
PLN,2024-07-23,0.2338087444470423,ecb_daily,ECB reference rate: 1 EUR = 4.277 PLN
PLN,2024-07-24,0.23315458148752624,ecb_daily,ECB reference rate: 1 EUR = 4.289 PLN
PLN,2024-07-25,0.23273133494693723,ecb_daily,ECB reference rate: 1 EUR = 4.2968 PLN
PLN,2024-07-26,0.2339728591483388,ecb_daily,ECB reference rate: 1 EUR = 4.274 PLN
PLN,2024-07-29,0.2328939400996786,ecb_daily,ECB reference rate: 1 EUR = 4.2938 PLN
PLN,2024-07-30,0.23343760212895093,ecb_daily,ECB reference rate: 1 EUR = 4.2838 PLN
PLN,2024-07-31,0.23305677262981261,ecb_daily,ECB reference rate: 1 EUR = 4.2908 PLN
PLN,2024-08-01,0.2327855114297686,ecb_daily,ECB reference rate: 1 EUR = 4.2958 PLN
PLN,2024-08-02,0.23315458148752624,ecb_daily,ECB reference rate: 1 EUR = 4.289 PLN
PLN,2024-08-05,0.23186792802819514,ecb_daily,ECB reference rate: 1 EUR = 4.3128 PLN
PLN,2024-08-06,0.23199164830066116,ecb_daily,ECB reference rate: 1 EUR = 4.3105 PLN
PLN,2024-08-07,0.23162624788641048,ecb_daily,ECB reference rate: 1 EUR = 4.3173 PLN
PLN,2024-08-08,0.23153507756425099,ecb_daily,ECB reference rate: 1 EUR = 4.319 PLN
PLN,2024-08-09,0.23119783598825513,ecb_daily,ECB reference rate: 1 EUR = 4.3253 PLN
PLN,2024-08-12,0.23224487900041807,ecb_daily,ECB reference rate: 1 EUR = 4.3058 PLN
PLN,2024-08-13,0.23315458148752624,ecb_daily,ECB reference rate: 1 EUR = 4.289 PLN
PLN,2024-08-14,0.23269342641070387,ecb_daily,ECB reference rate: 1 EUR = 4.2975 PLN
PLN,2024-08-15,0.23356300362022653,ecb_daily,ECB reference rate: 1 EUR = 4.2815 PLN
PLN,2024-08-16,0.2341755848535232,ecb_daily,ECB reference rate: 1 EUR = 4.2703 PLN
PLN,2024-08-19,0.23425787106446777,ecb_daily,ECB reference rate: 1 EUR = 4.2688 PLN
PLN,2024-08-20,0.23450507703491777,ecb_daily,ECB reference rate: 1 EUR = 4.2643 PLN
PLN,2024-08-21,0.23332866675999814,ecb_daily,ECB reference rate: 1 EUR = 4.2858 PLN
PLN,2024-08-22,0.23356300362022653,ecb_daily,ECB reference rate: 1 EUR = 4.2815 PLN
PLN,2024-08-23,0.23378141437755698,ecb_daily,ECB reference rate: 1 EUR = 4.2775 PLN
PLN,2024-08-26,0.23356300362022653,ecb_daily,ECB reference rate: 1 EUR = 4.2815 PLN
PLN,2024-08-27,0.233737699553561,ecb_daily,ECB reference rate: 1 EUR = 4.2783 PLN
PLN,2024-08-28,0.2325419156803014,ecb_daily,ECB reference rate: 1 EUR = 4.3003 PLN
PLN,2024-08-29,0.23311110075061778,ecb_daily,ECB reference rate: 1 EUR = 4.2898 PLN
PLN,2024-08-30,0.2338470172812946,ecb_daily,ECB reference rate: 1 EUR = 4.2763 PLN
PLN,2024-09-02,0.23391812865497075,ecb_daily,ECB reference rate: 1 EUR = 4.275 PLN
PLN,2024-09-03,0.233737699553561,ecb_daily,ECB reference rate: 1 EUR = 4.2783 PLN
PLN,2024-09-04,0.2337103860895578,ecb_daily,ECB reference rate: 1 EUR = 4.2788 PLN
PLN,2024-09-05,0.23428531265374974,ecb_daily,ECB reference rate: 1 EUR = 4.2683 PLN
PLN,2024-09-06,0.2336448598130841,ecb_daily,ECB reference rate: 1 EUR = 4.28 PLN
PLN,2024-09-09,0.2337540906965872,ecb_daily,ECB reference rate: 1 EUR = 4.278 PLN
PLN,2024-09-10,0.2334648518665515,ecb_daily,ECB reference rate: 1 EUR = 4.2833 PLN
PLN,2024-09-11,0.23324703193151866,ecb_daily,ECB reference rate: 1 EUR = 4.2873 PLN
PLN,2024-09-12,0.23267718367536883,ecb_daily,ECB reference rate: 1 EUR = 4.2978 PLN
PLN,2024-09-13,0.23311110075061778,ecb_daily,ECB reference rate: 1 EUR = 4.2898 PLN
PLN,2024-09-16,0.2341481689613187,ecb_daily,ECB reference rate: 1 EUR = 4.2708 PLN
PLN,2024-09-17,0.23428531265374974,ecb_daily,ECB reference rate: 1 EUR = 4.2683 PLN
PLN,2024-09-18,0.234192037470726,ecb_daily,ECB reference rate: 1 EUR = 4.27 PLN
PLN,2024-09-19,0.23442261709409726,ecb_daily,ECB reference rate: 1 EUR = 4.2658 PLN
PLN,2024-09-20,0.2338470172812946,ecb_daily,ECB reference rate: 1 EUR = 4.2763 PLN
PLN,2024-09-23,0.23391812865497075,ecb_daily,ECB reference rate: 1 EUR = 4.275 PLN
PLN,2024-09-24,0.23438415563107937,ecb_daily,ECB reference rate: 1 EUR = 4.2665 PLN
PLN,2024-09-25,0.23450507703491777,ecb_daily,ECB reference rate: 1 EUR = 4.2643 PLN
PLN,2024-09-26,0.23413720440177946,ecb_daily,ECB reference rate: 1 EUR = 4.271 PLN
PLN,2024-09-27,0.23398380832046425,ecb_daily,ECB reference rate: 1 EUR = 4.2738 PLN
PLN,2024-09-30,0.2337103860895578,ecb_daily,ECB reference rate: 1 EUR = 4.2788 PLN
PLN,2024-10-01,0.23335589106947002,ecb_daily,ECB reference rate: 1 EUR = 4.2853 PLN
PLN,2024-10-02,0.23282887077997672,ecb_daily,ECB reference rate: 1 EUR = 4.295 PLN
PLN,2024-10-03,0.23224487900041807,ecb_daily,ECB reference rate: 1 EUR = 4.3058 PLN
PLN,2024-10-04,0.23177656738903699,ecb_daily,ECB reference rate: 1 EUR = 4.3145 PLN
PLN,2024-10-07,0.2314011338655559,ecb_daily,ECB reference rate: 1 EUR = 4.3215 PLN
PLN,2024-10-08,0.23211011303762505,ecb_daily,ECB reference rate: 1 EUR = 4.3083 PLN
PLN,2024-10-09,0.23267718367536883,ecb_daily,ECB reference rate: 1 EUR = 4.2978 PLN
PLN,2024-10-10,0.23229882921390074,ecb_daily,ECB reference rate: 1 EUR = 4.3048 PLN
PLN,2024-10-11,0.23311110075061778,ecb_daily,ECB reference rate: 1 EUR = 4.2898 PLN
PLN,2024-10-14,0.23313827431049355,ecb_daily,ECB reference rate: 1 EUR = 4.2893 PLN
PLN,2024-10-15,0.2328939400996786,ecb_daily,ECB reference rate: 1 EUR = 4.2938 PLN
PLN,2024-10-16,0.23255813953488372,ecb_daily,ECB reference rate: 1 EUR = 4.3 PLN
PLN,2024-10-17,0.23194860019019783,ecb_daily,ECB reference rate: 1 EUR = 4.3113 PLN
PLN,2024-10-18,0.2320993385168852,ecb_daily,ECB reference rate: 1 EUR = 4.3085 PLN
PLN,2024-10-21,0.23161551823972207,ecb_daily,ECB reference rate: 1 EUR = 4.3175 PLN
PLN,2024-10-22,0.23164234422052352,ecb_daily,ECB reference rate: 1 EUR = 4.317 PLN
PLN,2024-10-23,0.23023967950636612,ecb_daily,ECB reference rate: 1 EUR = 4.3433 PLN
PLN,2024-10-24,0.2302290779325429,ecb_daily,ECB reference rate: 1 EUR = 4.3435 PLN
PLN,2024-10-25,0.23000138000828002,ecb_daily,ECB reference rate: 1 EUR = 4.3478 PLN
PLN,2024-10-28,0.2298850574712644,ecb_daily,ECB reference rate: 1 EUR = 4.35 PLN
PLN,2024-10-29,0.22999080036798528,ecb_daily,ECB reference rate: 1 EUR = 4.348 PLN
PLN,2024-10-30,0.2300807583461795,ecb_daily,ECB reference rate: 1 EUR = 4.3463 PLN
PLN,2024-10-31,0.22984278753332724,ecb_daily,ECB reference rate: 1 EUR = 4.3508 PLN
PLN,2024-11-01,0.22965803917966146,ecb_daily,ECB reference rate: 1 EUR = 4.3543 PLN
PLN,2024-11-04,0.23029270202427285,ecb_daily,ECB reference rate: 1 EUR = 4.3423 PLN
PLN,2024-11-05,0.2294630564479119,ecb_daily,ECB reference rate: 1 EUR = 4.358 PLN
PLN,2024-11-06,0.22992205642287264,ecb_daily,ECB reference rate: 1 EUR = 4.3493 PLN
PLN,2024-11-07,0.23119783598825513,ecb_daily,ECB reference rate: 1 EUR = 4.3253 PLN
PLN,2024-11-08,0.2311871459946827,ecb_daily,ECB reference rate: 1 EUR = 4.3255 PLN
PLN,2024-11-11,0.2302025782688766,ecb_daily,ECB reference rate: 1 EUR = 4.344 PLN
PLN,2024-11-12,0.2298692044226835,ecb_daily,ECB reference rate: 1 EUR = 4.3503 PLN
PLN,2024-11-13,0.23028209556706963,ecb_daily,ECB reference rate: 1 EUR = 4.3425 PLN
PLN,2024-11-14,0.23050503653504828,ecb_daily,ECB reference rate: 1 EUR = 4.3383 PLN
PLN,2024-11-15,0.23148148148148145,ecb_daily,ECB reference rate: 1 EUR = 4.32 PLN
PLN,2024-11-18,0.23106428208327556,ecb_daily,ECB reference rate: 1 EUR = 4.3278 PLN
PLN,2024-11-19,0.2309308823869016,ecb_daily,ECB reference rate: 1 EUR = 4.3303 PLN
PLN,2024-11-20,0.23090422092915858,ecb_daily,ECB reference rate: 1 EUR = 4.3308 PLN
PLN,2024-11-21,0.23031922244230502,ecb_daily,ECB reference rate: 1 EUR = 4.3418 PLN
PLN,2024-11-22,0.23055818135706546,ecb_daily,ECB reference rate: 1 EUR = 4.3373 PLN
PLN,2024-11-25,0.2315618849137432,ecb_daily,ECB reference rate: 1 EUR = 4.3185 PLN
PLN,2024-11-26,0.23199164830066116,ecb_daily,ECB reference rate: 1 EUR = 4.3105 PLN
PLN,2024-11-27,0.23191094619666047,ecb_daily,ECB reference rate: 1 EUR = 4.312 PLN
PLN,2024-11-28,0.2320185614849188,ecb_daily,ECB reference rate: 1 EUR = 4.31 PLN
PLN,2024-11-29,0.23277467411545621,ecb_daily,ECB reference rate: 1 EUR = 4.296 PLN
PLN,2024-12-02,0.23307306840694558,ecb_daily,ECB reference rate: 1 EUR = 4.2905 PLN
PLN,2024-12-03,0.2327042561608452,ecb_daily,ECB reference rate: 1 EUR = 4.2973 PLN
PLN,2024-12-04,0.23327423719324436,ecb_daily,ECB reference rate: 1 EUR = 4.2868 PLN
PLN,2024-12-05,0.23394549070066675,ecb_daily,ECB reference rate: 1 EUR = 4.2745 PLN
PLN,2024-12-06,0.2343566908835247,ecb_daily,ECB reference rate: 1 EUR = 4.267 PLN
PLN,2024-12-09,0.23478036297044116,ecb_daily,ECB reference rate: 1 EUR = 4.2593 PLN
PLN,2024-12-10,0.23431276067294624,ecb_daily,ECB reference rate: 1 EUR = 4.2678 PLN
PLN,2024-12-11,0.23450507703491777,ecb_daily,ECB reference rate: 1 EUR = 4.2643 PLN
PLN,2024-12-12,0.23387436269236164,ecb_daily,ECB reference rate: 1 EUR = 4.2758 PLN
PLN,2024-12-13,0.23450507703491777,ecb_daily,ECB reference rate: 1 EUR = 4.2643 PLN
PLN,2024-12-16,0.2345215759849906,ecb_daily,ECB reference rate: 1 EUR = 4.264 PLN
PLN,2024-12-17,0.23454907939486339,ecb_daily,ECB reference rate: 1 EUR = 4.2635 PLN
PLN,2024-12-18,0.23486307482737567,ecb_daily,ECB reference rate: 1 EUR = 4.2578 PLN
PLN,2024-12-19,0.23529411764705882,ecb_daily,ECB reference rate: 1 EUR = 4.25 PLN
PLN,2024-12-20,0.2346151139056378,ecb_daily,ECB reference rate: 1 EUR = 4.2623 PLN
PLN,2024-12-23,0.2339017144995673,ecb_daily,ECB reference rate: 1 EUR = 4.2753 PLN
PLN,2024-12-24,0.2341097974950252,ecb_daily,ECB reference rate: 1 EUR = 4.2715 PLN
PLN,2024-12-27,0.2339017144995673,ecb_daily,ECB reference rate: 1 EUR = 4.2753 PLN
PLN,2024-12-30,0.234439104442621,ecb_daily,ECB reference rate: 1 EUR = 4.2655 PLN
PLN,2024-12-31,0.23391812865497075,ecb_daily,ECB reference rate: 1 EUR = 4.275 PLN
PLN,2025-01-02,0.2339017144995673,ecb_daily,ECB reference rate: 1 EUR = 4.2753 PLN
PLN,2025-01-03,0.23405500292568754,ecb_daily,ECB reference rate: 1 EUR = 4.2725 PLN
PLN,2025-01-06,0.2351945058563432,ecb_daily,ECB reference rate: 1 EUR = 4.2518 PLN
PLN,2025-01-07,0.23483549773383744,ecb_daily,ECB reference rate: 1 EUR = 4.2583 PLN
PLN,2025-01-08,0.23383608090728397,ecb_daily,ECB reference rate: 1 EUR = 4.2765 PLN
PLN,2025-01-09,0.23406595978746808,ecb_daily,ECB reference rate: 1 EUR = 4.2723 PLN
PLN,2025-01-10,0.23441162681669012,ecb_daily,ECB reference rate: 1 EUR = 4.266 PLN
PLN,2025-01-13,0.2341097974950252,ecb_daily,ECB reference rate: 1 EUR = 4.2715 PLN
PLN,2025-01-14,0.23428531265374974,ecb_daily,ECB reference rate: 1 EUR = 4.2683 PLN
PLN,2025-01-15,0.2346701710745547,ecb_daily,ECB reference rate: 1 EUR = 4.2613 PLN
PLN,2025-01-16,0.23425787106446777,ecb_daily,ECB reference rate: 1 EUR = 4.2688 PLN
PLN,2025-01-17,0.23482446870963955,ecb_daily,ECB reference rate: 1 EUR = 4.2585 PLN
PLN,2025-01-20,0.23491824844953954,ecb_daily,ECB reference rate: 1 EUR = 4.2568 PLN
PLN,2025-01-21,0.23508392496121114,ecb_daily,ECB reference rate: 1 EUR = 4.2538 PLN
PLN,2025-01-22,0.23640661938534277,ecb_daily,ECB reference rate: 1 EUR = 4.23 PLN
PLN,2025-01-23,0.23747328425552125,ecb_daily,ECB reference rate: 1 EUR = 4.211 PLN
PLN,2025-01-24,0.23731548720869525,ecb_daily,ECB reference rate: 1 EUR = 4.2138 PLN
PLN,2025-01-27,0.2370061384589861,ecb_daily,ECB reference rate: 1 EUR = 4.2193 PLN
PLN,2025-01-28,0.23765388088787492,ecb_daily,ECB reference rate: 1 EUR = 4.2078 PLN
PLN,2025-01-29,0.23733238400379733,ecb_daily,ECB reference rate: 1 EUR = 4.2135 PLN
PLN,2025-01-30,0.2377386301500131,ecb_daily,ECB reference rate: 1 EUR = 4.2063 PLN
PLN,2025-01-31,0.23736055067647757,ecb_daily,ECB reference rate: 1 EUR = 4.213 PLN
PLN,2025-02-03,0.23665838362323985,ecb_daily,ECB reference rate: 1 EUR = 4.2255 PLN
PLN,2025-02-04,0.2370061384589861,ecb_daily,ECB reference rate: 1 EUR = 4.2193 PLN
PLN,2025-02-05,0.2382767823103317,ecb_daily,ECB reference rate: 1 EUR = 4.1968 PLN
PLN,2025-02-06,0.2377273267562106,ecb_daily,ECB reference rate: 1 EUR = 4.2065 PLN
PLN,2025-02-07,0.23818030248898414,ecb_daily,ECB reference rate: 1 EUR = 4.1985 PLN
PLN,2025-02-10,0.23947507064514587,ecb_daily,ECB reference rate: 1 EUR = 4.1758 PLN
PLN,2025-02-11,0.2393203302620558,ecb_daily,ECB reference rate: 1 EUR = 4.1785 PLN
PLN,2025-02-12,0.23973341644091772,ecb_daily,ECB reference rate: 1 EUR = 4.1713 PLN
PLN,2025-02-13,0.23987718288236423,ecb_daily,ECB reference rate: 1 EUR = 4.1688 PLN
PLN,2025-02-14,0.24007874582863178,ecb_daily,ECB reference rate: 1 EUR = 4.1653 PLN
PLN,2025-02-17,0.24035572647518327,ecb_daily,ECB reference rate: 1 EUR = 4.1605 PLN
PLN,2025-02-18,0.24003840614498317,ecb_daily,ECB reference rate: 1 EUR = 4.166 PLN
PLN,2025-02-19,0.23957834211787252,ecb_daily,ECB reference rate: 1 EUR = 4.174 PLN
PLN,2025-02-20,0.24035572647518327,ecb_daily,ECB reference rate: 1 EUR = 4.1605 PLN
PLN,2025-02-21,0.23990595686490893,ecb_daily,ECB reference rate: 1 EUR = 4.1683 PLN
PLN,2025-02-24,0.24128362890577876,ecb_daily,ECB reference rate: 1 EUR = 4.1445 PLN
PLN,2025-02-25,0.2415867417196144,ecb_daily,ECB reference rate: 1 EUR = 4.1393 PLN
PLN,2025-02-26,0.2413127413127413,ecb_daily,ECB reference rate: 1 EUR = 4.144 PLN
PLN,2025-02-27,0.24208385784835867,ecb_daily,ECB reference rate: 1 EUR = 4.1308 PLN
PLN,2025-02-28,0.24094643760692,ecb_daily,ECB reference rate: 1 EUR = 4.1503 PLN
PLN,2025-03-03,0.23976215594130623,ecb_daily,ECB reference rate: 1 EUR = 4.1708 PLN
PLN,2025-03-04,0.24042507152645878,ecb_daily,ECB reference rate: 1 EUR = 4.1593 PLN
PLN,2025-03-05,0.24096385542168672,ecb_daily,ECB reference rate: 1 EUR = 4.15 PLN
PLN,2025-03-06,0.23940627244433807,ecb_daily,ECB reference rate: 1 EUR = 4.177 PLN
PLN,2025-03-07,0.23930314922944387,ecb_daily,ECB reference rate: 1 EUR = 4.1788 PLN
PLN,2025-03-10,0.23832221163012393,ecb_daily,ECB reference rate: 1 EUR = 4.196 PLN
PLN,2025-03-11,0.23807823250720184,ecb_daily,ECB reference rate: 1 EUR = 4.2003 PLN
PLN,2025-03-12,0.23835061375283043,ecb_daily,ECB reference rate: 1 EUR = 4.1955 PLN
PLN,2025-03-13,0.23829381627546764,ecb_daily,ECB reference rate: 1 EUR = 4.1965 PLN
PLN,2025-03-14,0.23967595810464254,ecb_daily,ECB reference rate: 1 EUR = 4.1723 PLN
PLN,2025-03-17,0.23887442371545278,ecb_daily,ECB reference rate: 1 EUR = 4.1863 PLN
PLN,2025-03-18,0.23952095808383234,ecb_daily,ECB reference rate: 1 EUR = 4.175 PLN
PLN,2025-03-19,0.23874895547331978,ecb_daily,ECB reference rate: 1 EUR = 4.1885 PLN
PLN,2025-03-20,0.23807823250720184,ecb_daily,ECB reference rate: 1 EUR = 4.2003 PLN
PLN,2025-03-21,0.23796492397020677,ecb_daily,ECB reference rate: 1 EUR = 4.2023 PLN
PLN,2025-03-24,0.23946360153256704,ecb_daily,ECB reference rate: 1 EUR = 4.176 PLN
PLN,2025-03-25,0.24018253872943437,ecb_daily,ECB reference rate: 1 EUR = 4.1635 PLN
PLN,2025-03-26,0.2394922763740869,ecb_daily,ECB reference rate: 1 EUR = 4.1755 PLN
PLN,2025-03-27,0.2382767823103317,ecb_daily,ECB reference rate: 1 EUR = 4.1968 PLN
PLN,2025-03-28,0.23937761819269898,ecb_daily,ECB reference rate: 1 EUR = 4.1775 PLN
PLN,2025-03-31,0.2390057361376673,ecb_daily,ECB reference rate: 1 EUR = 4.184 PLN
PLN,2025-04-01,0.23887442371545278,ecb_daily,ECB reference rate: 1 EUR = 4.1863 PLN
PLN,2025-04-02,0.23937761819269898,ecb_daily,ECB reference rate: 1 EUR = 4.1775 PLN
PLN,2025-04-03,0.23832221163012393,ecb_daily,ECB reference rate: 1 EUR = 4.196 PLN
PLN,2025-04-04,0.2346041055718475,ecb_daily,ECB reference rate: 1 EUR = 4.2625 PLN
PLN,2025-04-07,0.2328830926874709,ecb_daily,ECB reference rate: 1 EUR = 4.294 PLN
PLN,2025-04-08,0.23424689622862496,ecb_daily,ECB reference rate: 1 EUR = 4.269 PLN
PLN,2025-04-09,0.23281260913091054,ecb_daily,ECB reference rate: 1 EUR = 4.2953 PLN
PLN,2025-04-10,0.2350562959828879,ecb_daily,ECB reference rate: 1 EUR = 4.2543 PLN
PLN,2025-04-11,0.23281260913091054,ecb_daily,ECB reference rate: 1 EUR = 4.2953 PLN
PLN,2025-04-14,0.23331777881474572,ecb_daily,ECB reference rate: 1 EUR = 4.286 PLN
PLN,2025-04-15,0.23340491083932408,ecb_daily,ECB reference rate: 1 EUR = 4.2844 PLN
PLN,2025-04-16,0.23292106305173174,ecb_daily,ECB reference rate: 1 EUR = 4.2933 PLN
PLN,2025-04-17,0.2339564373113726,ecb_daily,ECB reference rate: 1 EUR = 4.2743 PLN
PLN,2025-04-22,0.2336448598130841,ecb_daily,ECB reference rate: 1 EUR = 4.28 PLN
PLN,2025-04-23,0.2330187580100198,ecb_daily,ECB reference rate: 1 EUR = 4.2915 PLN
PLN,2025-04-24,0.2339290727051558,ecb_daily,ECB reference rate: 1 EUR = 4.2748 PLN
PLN,2025-04-25,0.23428531265374974,ecb_daily,ECB reference rate: 1 EUR = 4.2683 PLN
PLN,2025-04-28,0.2338907730090048,ecb_daily,ECB reference rate: 1 EUR = 4.2755 PLN
PLN,2025-04-29,0.2341481689613187,ecb_daily,ECB reference rate: 1 EUR = 4.2708 PLN
PLN,2025-04-30,0.2339017144995673,ecb_daily,ECB reference rate: 1 EUR = 4.2753 PLN
PLN,2025-05-02,0.23391812865497075,ecb_daily,ECB reference rate: 1 EUR = 4.275 PLN
PLN,2025-05-05,0.23401118573467813,ecb_daily,ECB reference rate: 1 EUR = 4.2733 PLN
PLN,2025-05-06,0.2339290727051558,ecb_daily,ECB reference rate: 1 EUR = 4.2748 PLN
PLN,2025-05-07,0.2339017144995673,ecb_daily,ECB reference rate: 1 EUR = 4.2753 PLN
PLN,2025-05-08,0.234192037470726,ecb_daily,ECB reference rate: 1 EUR = 4.27 PLN
PLN,2025-05-09,0.2358880003774208,ecb_daily,ECB reference rate: 1 EUR = 4.2393 PLN
PLN,2025-05-12,0.23583237035115437,ecb_daily,ECB reference rate: 1 EUR = 4.2403 PLN
PLN,2025-05-13,0.2351945058563432,ecb_daily,ECB reference rate: 1 EUR = 4.2518 PLN
PLN,2025-05-14,0.23571007660577492,ecb_daily,ECB reference rate: 1 EUR = 4.2425 PLN
PLN,2025-05-15,0.2357211889776772,ecb_daily,ECB reference rate: 1 EUR = 4.2423 PLN
PLN,2025-05-16,0.2347417840375587,ecb_daily,ECB reference rate: 1 EUR = 4.26 PLN
PLN,2025-05-19,0.23425787106446777,ecb_daily,ECB reference rate: 1 EUR = 4.2688 PLN
PLN,2025-05-20,0.23536057239691205,ecb_daily,ECB reference rate: 1 EUR = 4.2488 PLN
PLN,2025-05-21,0.23573785950023574,ecb_daily,ECB reference rate: 1 EUR = 4.242 PLN
PLN,2025-05-22,0.2355157795572303,ecb_daily,ECB reference rate: 1 EUR = 4.246 PLN
PLN,2025-05-23,0.23472525409008754,ecb_daily,ECB reference rate: 1 EUR = 4.2603 PLN
PLN,2025-05-26,0.23559901048415594,ecb_daily,ECB reference rate: 1 EUR = 4.2445 PLN
PLN,2025-05-27,0.23543260741612715,ecb_daily,ECB reference rate: 1 EUR = 4.2475 PLN
PLN,2025-05-28,0.2357656489449487,ecb_daily,ECB reference rate: 1 EUR = 4.2415 PLN
PLN,2025-05-29,0.23607176581680833,ecb_daily,ECB reference rate: 1 EUR = 4.236 PLN
PLN,2025-05-30,0.23530519083250978,ecb_daily,ECB reference rate: 1 EUR = 4.2498 PLN
PLN,2025-06-02,0.23486307482737567,ecb_daily,ECB reference rate: 1 EUR = 4.2578 PLN
PLN,2025-06-03,0.23365577830739756,ecb_daily,ECB reference rate: 1 EUR = 4.2798 PLN
PLN,2025-06-04,0.23348120476301656,ecb_daily,ECB reference rate: 1 EUR = 4.283 PLN
PLN,2025-06-05,0.2334267040149393,ecb_daily,ECB reference rate: 1 EUR = 4.284 PLN
PLN,2025-06-06,0.23326335432703524,ecb_daily,ECB reference rate: 1 EUR = 4.287 PLN
PLN,2025-06-09,0.234192037470726,ecb_daily,ECB reference rate: 1 EUR = 4.27 PLN
PLN,2025-06-10,0.23511156043542658,ecb_daily,ECB reference rate: 1 EUR = 4.2533 PLN
PLN,2025-06-11,0.2347142354183781,ecb_daily,ECB reference rate: 1 EUR = 4.2605 PLN
PLN,2025-06-12,0.23424689622862496,ecb_daily,ECB reference rate: 1 EUR = 4.269 PLN
PLN,2025-06-13,0.23394549070066675,ecb_daily,ECB reference rate: 1 EUR = 4.2745 PLN
PLN,2025-06-16,0.23450507703491777,ecb_daily,ECB reference rate: 1 EUR = 4.2643 PLN
PLN,2025-06-17,0.2337650194024966,ecb_daily,ECB reference rate: 1 EUR = 4.2778 PLN
PLN,2025-06-18,0.23401118573467813,ecb_daily,ECB reference rate: 1 EUR = 4.2733 PLN
PLN,2025-06-19,0.23379234563860377,ecb_daily,ECB reference rate: 1 EUR = 4.2773 PLN
PLN,2025-06-20,0.23443360840210054,ecb_daily,ECB reference rate: 1 EUR = 4.2656 PLN
PLN,2025-06-23,0.2338907730090048,ecb_daily,ECB reference rate: 1 EUR = 4.2755 PLN
PLN,2025-06-24,0.23508392496121114,ecb_daily,ECB reference rate: 1 EUR = 4.2538 PLN
PLN,2025-06-25,0.2354159800367249,ecb_daily,ECB reference rate: 1 EUR = 4.2478 PLN
PLN,2025-06-26,0.23547141377036826,ecb_daily,ECB reference rate: 1 EUR = 4.2468 PLN
PLN,2025-06-27,0.23597149464344708,ecb_daily,ECB reference rate: 1 EUR = 4.2378 PLN
PLN,2025-06-30,0.2357211889776772,ecb_daily,ECB reference rate: 1 EUR = 4.2423 PLN
PLN,2025-07-01,0.2356101123860236,ecb_daily,ECB reference rate: 1 EUR = 4.2443 PLN
PLN,2025-07-02,0.23533287835643518,ecb_daily,ECB reference rate: 1 EUR = 4.2493 PLN
PLN,2025-07-03,0.23537719195010004,ecb_daily,ECB reference rate: 1 EUR = 4.2485 PLN
PLN,2025-07-04,0.2355268736162796,ecb_daily,ECB reference rate: 1 EUR = 4.2458 PLN
PLN,2025-07-07,0.23533287835643518,ecb_daily,ECB reference rate: 1 EUR = 4.2493 PLN
PLN,2025-07-08,0.23563787171874262,ecb_daily,ECB reference rate: 1 EUR = 4.2438 PLN
PLN,2025-07-09,0.23587687227267368,ecb_daily,ECB reference rate: 1 EUR = 4.2395 PLN
PLN,2025-07-10,0.23543260741612715,ecb_daily,ECB reference rate: 1 EUR = 4.2475 PLN
PLN,2025-07-11,0.23487962419260128,ecb_daily,ECB reference rate: 1 EUR = 4.2575 PLN
PLN,2025-07-14,0.23482446870963955,ecb_daily,ECB reference rate: 1 EUR = 4.2585 PLN
PLN,2025-07-15,0.23501762632197415,ecb_daily,ECB reference rate: 1 EUR = 4.255 PLN
PLN,2025-07-16,0.23478036297044116,ecb_daily,ECB reference rate: 1 EUR = 4.2593 PLN
PLN,2025-07-17,0.23505077096652874,ecb_daily,ECB reference rate: 1 EUR = 4.2544 PLN
PLN,2025-07-18,0.23533287835643518,ecb_daily,ECB reference rate: 1 EUR = 4.2493 PLN
PLN,2025-07-21,0.23571007660577492,ecb_daily,ECB reference rate: 1 EUR = 4.2425 PLN
PLN,2025-07-22,0.2349348055914484,ecb_daily,ECB reference rate: 1 EUR = 4.2565 PLN
PLN,2025-07-23,0.2350452462098954,ecb_daily,ECB reference rate: 1 EUR = 4.2545 PLN
PLN,2025-07-24,0.23500105750475878,ecb_daily,ECB reference rate: 1 EUR = 4.2553 PLN
PLN,2025-07-25,0.2350562959828879,ecb_daily,ECB reference rate: 1 EUR = 4.2543 PLN
PLN,2025-07-28,0.23476933912431036,ecb_daily,ECB reference rate: 1 EUR = 4.2595 PLN
PLN,2025-07-29,0.2336175680411167,ecb_daily,ECB reference rate: 1 EUR = 4.2805 PLN
PLN,2025-07-30,0.23432923257176333,ecb_daily,ECB reference rate: 1 EUR = 4.2675 PLN
PLN,2025-07-31,0.23403856955626287,ecb_daily,ECB reference rate: 1 EUR = 4.2728 PLN
PLN,2025-08-01,0.2338907730090048,ecb_daily,ECB reference rate: 1 EUR = 4.2755 PLN
PLN,2025-08-04,0.23387436269236164,ecb_daily,ECB reference rate: 1 EUR = 4.2758 PLN
PLN,2025-08-05,0.23383608090728397,ecb_daily,ECB reference rate: 1 EUR = 4.2765 PLN
PLN,2025-08-06,0.2337540906965872,ecb_daily,ECB reference rate: 1 EUR = 4.278 PLN
PLN,2025-08-07,0.23478036297044116,ecb_daily,ECB reference rate: 1 EUR = 4.2593 PLN
PLN,2025-08-08,0.23523876734885907,ecb_daily,ECB reference rate: 1 EUR = 4.251 PLN
PLN,2025-08-11,0.23510050546608677,ecb_daily,ECB reference rate: 1 EUR = 4.2535 PLN
PLN,2025-08-12,0.23472525409008754,ecb_daily,ECB reference rate: 1 EUR = 4.2603 PLN
PLN,2025-08-13,0.2347417840375587,ecb_daily,ECB reference rate: 1 EUR = 4.26 PLN
PLN,2025-08-14,0.2347142354183781,ecb_daily,ECB reference rate: 1 EUR = 4.2605 PLN
PLN,2025-08-15,0.23480792711561943,ecb_daily,ECB reference rate: 1 EUR = 4.2588 PLN
PLN,2025-08-18,0.23529411764705882,ecb_daily,ECB reference rate: 1 EUR = 4.25 PLN
PLN,2025-08-19,0.2355823595929137,ecb_daily,ECB reference rate: 1 EUR = 4.2448 PLN
PLN,2025-08-20,0.2353882729562413,ecb_daily,ECB reference rate: 1 EUR = 4.2483 PLN
PLN,2025-08-21,0.2351945058563432,ecb_daily,ECB reference rate: 1 EUR = 4.2518 PLN
PLN,2025-08-22,0.23458759500797596,ecb_daily,ECB reference rate: 1 EUR = 4.2628 PLN
PLN,2025-08-25,0.23465365121081286,ecb_daily,ECB reference rate: 1 EUR = 4.2616 PLN
PLN,2025-08-26,0.23469770935035675,ecb_daily,ECB reference rate: 1 EUR = 4.2608 PLN
PLN,2025-08-27,0.23420300716661202,ecb_daily,ECB reference rate: 1 EUR = 4.2698 PLN
PLN,2025-08-28,0.2346426392604064,ecb_daily,ECB reference rate: 1 EUR = 4.2618 PLN
PLN,2025-08-29,0.23438415563107937,ecb_daily,ECB reference rate: 1 EUR = 4.2665 PLN
PLN,2025-09-01,0.23500105750475878,ecb_daily,ECB reference rate: 1 EUR = 4.2553 PLN
PLN,2025-09-02,0.2344500972967904,ecb_daily,ECB reference rate: 1 EUR = 4.2653 PLN
PLN,2025-09-03,0.23516685088069986,ecb_daily,ECB reference rate: 1 EUR = 4.2523 PLN
PLN,2025-09-04,0.23523876734885907,ecb_daily,ECB reference rate: 1 EUR = 4.251 PLN
PLN,2025-09-05,0.2352664392424421,ecb_daily,ECB reference rate: 1 EUR = 4.2505 PLN
PLN,2025-09-08,0.23532180256500762,ecb_daily,ECB reference rate: 1 EUR = 4.2495 PLN
PLN,2025-09-09,0.23497344800037598,ecb_daily,ECB reference rate: 1 EUR = 4.2558 PLN
PLN,2025-09-10,0.23449407902450464,ecb_daily,ECB reference rate: 1 EUR = 4.2645 PLN
PLN,2025-09-11,0.2344500972967904,ecb_daily,ECB reference rate: 1 EUR = 4.2653 PLN
PLN,2025-09-12,0.23487962419260128,ecb_daily,ECB reference rate: 1 EUR = 4.2575 PLN
PLN,2025-09-15,0.2352664392424421,ecb_daily,ECB reference rate: 1 EUR = 4.2505 PLN
PLN,2025-09-16,0.23522216733704987,ecb_daily,ECB reference rate: 1 EUR = 4.2513 PLN
PLN,2025-09-17,0.23515579071134624,ecb_daily,ECB reference rate: 1 EUR = 4.2525 PLN
PLN,2025-09-18,0.2349624060150376,ecb_daily,ECB reference rate: 1 EUR = 4.256 PLN
PLN,2025-09-19,0.23457658925639222,ecb_daily,ECB reference rate: 1 EUR = 4.263 PLN
PLN,2025-09-22,0.234796900680911,ecb_daily,ECB reference rate: 1 EUR = 4.259 PLN
PLN,2025-09-23,0.23500105750475878,ecb_daily,ECB reference rate: 1 EUR = 4.2553 PLN
PLN,2025-09-24,0.2343402151243175,ecb_daily,ECB reference rate: 1 EUR = 4.2673 PLN
PLN,2025-09-25,0.23453257657488627,ecb_daily,ECB reference rate: 1 EUR = 4.2638 PLN
PLN,2025-09-26,0.23416461772626154,ecb_daily,ECB reference rate: 1 EUR = 4.2705 PLN
PLN,2025-09-29,0.23421946363742827,ecb_daily,ECB reference rate: 1 EUR = 4.2695 PLN
PLN,2025-09-30,0.23420300716661202,ecb_daily,ECB reference rate: 1 EUR = 4.2698 PLN
PLN,2025-10-01,0.23483549773383744,ecb_daily,ECB reference rate: 1 EUR = 4.2583 PLN
PLN,2025-10-02,0.2349348055914484,ecb_daily,ECB reference rate: 1 EUR = 4.2565 PLN
PLN,2025-10-03,0.23499001292445074,ecb_daily,ECB reference rate: 1 EUR = 4.2555 PLN
PLN,2025-10-06,0.23513920240782546,ecb_daily,ECB reference rate: 1 EUR = 4.2528 PLN
PLN,2025-10-07,0.23510050546608677,ecb_daily,ECB reference rate: 1 EUR = 4.2535 PLN
PLN,2025-10-08,0.2352498353251153,ecb_daily,ECB reference rate: 1 EUR = 4.2508 PLN
PLN,2025-10-09,0.23502867349816675,ecb_daily,ECB reference rate: 1 EUR = 4.2548 PLN
PLN,2025-10-10,0.23487410747839157,ecb_daily,ECB reference rate: 1 EUR = 4.2576 PLN
PLN,2025-10-13,0.23465915757362432,ecb_daily,ECB reference rate: 1 EUR = 4.2615 PLN
PLN,2025-10-14,0.2346041055718475,ecb_daily,ECB reference rate: 1 EUR = 4.2625 PLN
PLN,2025-10-15,0.2349624060150376,ecb_daily,ECB reference rate: 1 EUR = 4.256 PLN
PLN,2025-10-16,0.23522216733704987,ecb_daily,ECB reference rate: 1 EUR = 4.2513 PLN
PLN,2025-10-17,0.23557126030624262,ecb_daily,ECB reference rate: 1 EUR = 4.245 PLN
PLN,2025-10-20,0.23547141377036826,ecb_daily,ECB reference rate: 1 EUR = 4.2468 PLN
PLN,2025-10-21,0.2358880003774208,ecb_daily,ECB reference rate: 1 EUR = 4.2393 PLN
PLN,2025-10-22,0.23633957269805256,ecb_daily,ECB reference rate: 1 EUR = 4.2312 PLN
PLN,2025-10-23,0.2362558177995133,ecb_daily,ECB reference rate: 1 EUR = 4.2327 PLN
PLN,2025-10-24,0.23580456517638182,ecb_daily,ECB reference rate: 1 EUR = 4.2408 PLN
PLN,2025-10-27,0.23612750885478156,ecb_daily,ECB reference rate: 1 EUR = 4.235 PLN
PLN,2025-10-28,0.2359882005899705,ecb_daily,ECB reference rate: 1 EUR = 4.2375 PLN
PLN,2025-10-29,0.23574897449196097,ecb_daily,ECB reference rate: 1 EUR = 4.2418 PLN
PLN,2025-10-30,0.23557126030624262,ecb_daily,ECB reference rate: 1 EUR = 4.245 PLN
PLN,2025-10-31,0.2349624060150376,ecb_daily,ECB reference rate: 1 EUR = 4.256 PLN
PLN,2025-11-03,0.23507287259050308,ecb_daily,ECB reference rate: 1 EUR = 4.254 PLN
PLN,2025-11-04,0.23490721165139772,ecb_daily,ECB reference rate: 1 EUR = 4.257 PLN
PLN,2025-11-05,0.23483549773383744,ecb_daily,ECB reference rate: 1 EUR = 4.2583 PLN
PLN,2025-11-06,0.23513920240782546,ecb_daily,ECB reference rate: 1 EUR = 4.2528 PLN
PLN,2025-11-07,0.23540489642184556,ecb_daily,ECB reference rate: 1 EUR = 4.248 PLN
PLN,2025-11-10,0.23618327822390175,ecb_daily,ECB reference rate: 1 EUR = 4.234 PLN
PLN,2025-11-11,0.23640661938534277,ecb_daily,ECB reference rate: 1 EUR = 4.23 PLN
PLN,2025-11-12,0.23651844843897826,ecb_daily,ECB reference rate: 1 EUR = 4.228 PLN
PLN,2025-11-13,0.23651844843897826,ecb_daily,ECB reference rate: 1 EUR = 4.228 PLN
PLN,2025-11-14,0.23625023625023625,ecb_daily,ECB reference rate: 1 EUR = 4.2328 PLN
PLN,2025-11-17,0.23680969972530072,ecb_daily,ECB reference rate: 1 EUR = 4.2228 PLN
PLN,2025-11-18,0.235626767200754,ecb_daily,ECB reference rate: 1 EUR = 4.244 PLN
PLN,2025-11-19,0.23650166733675473,ecb_daily,ECB reference rate: 1 EUR = 4.2283 PLN
PLN,2025-11-20,0.23629489603024573,ecb_daily,ECB reference rate: 1 EUR = 4.232 PLN
PLN,2025-11-21,0.2355823595929137,ecb_daily,ECB reference rate: 1 EUR = 4.2448 PLN
PLN,2025-11-24,0.23638985414746,ecb_daily,ECB reference rate: 1 EUR = 4.2303 PLN
PLN,2025-11-25,0.23680969972530072,ecb_daily,ECB reference rate: 1 EUR = 4.2228 PLN
PLN,2025-11-26,0.2363339871906979,ecb_daily,ECB reference rate: 1 EUR = 4.2313 PLN
PLN,2025-11-27,0.2361553902467824,ecb_daily,ECB reference rate: 1 EUR = 4.2345 PLN
PLN,2025-11-28,0.23590469450342064,ecb_daily,ECB reference rate: 1 EUR = 4.239 PLN
PLN,2025-12-01,0.23650166733675473,ecb_daily,ECB reference rate: 1 EUR = 4.2283 PLN
PLN,2025-12-02,0.23596035865974513,ecb_daily,ECB reference rate: 1 EUR = 4.238 PLN
PLN,2025-12-03,0.23630606361359233,ecb_daily,ECB reference rate: 1 EUR = 4.2318 PLN
PLN,2025-12-04,0.2363339871906979,ecb_daily,ECB reference rate: 1 EUR = 4.2313 PLN
PLN,2025-12-05,0.23627814663421778,ecb_daily,ECB reference rate: 1 EUR = 4.2323 PLN
PLN,2025-12-08,0.23637867864318637,ecb_daily,ECB reference rate: 1 EUR = 4.2305 PLN
PLN,2025-12-09,0.23638985414746,ecb_daily,ECB reference rate: 1 EUR = 4.2303 PLN
PLN,2025-12-10,0.23669759515243324,ecb_daily,ECB reference rate: 1 EUR = 4.2248 PLN
PLN,2025-12-11,0.23657440264963328,ecb_daily,ECB reference rate: 1 EUR = 4.227 PLN
PLN,2025-12-12,0.23682652457075193,ecb_daily,ECB reference rate: 1 EUR = 4.2225 PLN
PLN,2025-12-15,0.23688262465948123,ecb_daily,ECB reference rate: 1 EUR = 4.2215 PLN
PLN,2025-12-16,0.2369219105382866,ecb_daily,ECB reference rate: 1 EUR = 4.2208 PLN
PLN,2025-12-17,0.23752969121140144,ecb_daily,ECB reference rate: 1 EUR = 4.21 PLN
PLN,2025-12-18,0.23779516324637956,ecb_daily,ECB reference rate: 1 EUR = 4.2053 PLN
PLN,2025-12-19,0.23750148438427743,ecb_daily,ECB reference rate: 1 EUR = 4.2105 PLN
PLN,2025-12-22,0.23731548720869525,ecb_daily,ECB reference rate: 1 EUR = 4.2138 PLN
PLN,2025-12-23,0.23629489603024573,ecb_daily,ECB reference rate: 1 EUR = 4.232 PLN
PLN,2025-12-24,0.23733238400379733,ecb_daily,ECB reference rate: 1 EUR = 4.2135 PLN
PLN,2025-12-29,0.23643456673365648,ecb_daily,ECB reference rate: 1 EUR = 4.2295 PLN
PLN,2025-12-30,0.23661358635212834,ecb_daily,ECB reference rate: 1 EUR = 4.2263 PLN
PLN,2025-12-31,0.2369106846718787,ecb_daily,ECB reference rate: 1 EUR = 4.221 PLN
PLN,2026-01-02,0.2373999952520001,ecb_daily,ECB reference rate: 1 EUR = 4.2123 PLN
PLN,2026-01-05,0.23709042628858645,ecb_daily,ECB reference rate: 1 EUR = 4.2178 PLN
PLN,2026-01-06,0.23750148438427743,ecb_daily,ECB reference rate: 1 EUR = 4.2105 PLN
PLN,2026-01-07,0.23725918193034068,ecb_daily,ECB reference rate: 1 EUR = 4.2148 PLN
PLN,2026-01-08,0.23756919202717794,ecb_daily,ECB reference rate: 1 EUR = 4.2093 PLN
PLN,2026-01-09,0.23731548720869525,ecb_daily,ECB reference rate: 1 EUR = 4.2138 PLN
PLN,2026-01-12,0.23756919202717794,ecb_daily,ECB reference rate: 1 EUR = 4.2093 PLN
PLN,2026-01-13,0.2374281779761622,ecb_daily,ECB reference rate: 1 EUR = 4.2118 PLN
PLN,2026-01-14,0.2370791844476055,ecb_daily,ECB reference rate: 1 EUR = 4.218 PLN
PLN,2026-01-15,0.23756919202717794,ecb_daily,ECB reference rate: 1 EUR = 4.2093 PLN
PLN,2026-01-16,0.23669759515243324,ecb_daily,ECB reference rate: 1 EUR = 4.2248 PLN
PLN,2026-01-19,0.23666958559155563,ecb_daily,ECB reference rate: 1 EUR = 4.2253 PLN
PLN,2026-01-20,0.23655761360679395,ecb_daily,ECB reference rate: 1 EUR = 4.2273 PLN
PLN,2026-01-21,0.23654642223536368,ecb_daily,ECB reference rate: 1 EUR = 4.2275 PLN
PLN,2026-01-22,0.2377386301500131,ecb_daily,ECB reference rate: 1 EUR = 4.2063 PLN
PLN,2026-01-23,0.23789699060306888,ecb_daily,ECB reference rate: 1 EUR = 4.2035 PLN
PLN,2026-01-26,0.23761435190685518,ecb_daily,ECB reference rate: 1 EUR = 4.2085 PLN
PLN,2026-01-27,0.23796492397020677,ecb_daily,ECB reference rate: 1 EUR = 4.2023 PLN
PLN,2026-01-28,0.23793661368611402,ecb_daily,ECB reference rate: 1 EUR = 4.2028 PLN
PLN,2026-01-29,0.23790831013727312,ecb_daily,ECB reference rate: 1 EUR = 4.2033 PLN
PLN,2026-01-30,0.2376821239274594,ecb_daily,ECB reference rate: 1 EUR = 4.2073 PLN
PLN,2026-02-02,0.2371185355559244,ecb_daily,ECB reference rate: 1 EUR = 4.2173 PLN
PLN,2026-02-03,0.23693875133278045,ecb_daily,ECB reference rate: 1 EUR = 4.2205 PLN
PLN,2026-02-04,0.23677045104770927,ecb_daily,ECB reference rate: 1 EUR = 4.2235 PLN
PLN,2026-02-05,0.23693875133278045,ecb_daily,ECB reference rate: 1 EUR = 4.2205 PLN
PLN,2026-02-06,0.23705108450871165,ecb_daily,ECB reference rate: 1 EUR = 4.2185 PLN
PLN,2026-02-09,0.2374281779761622,ecb_daily,ECB reference rate: 1 EUR = 4.2118 PLN
PLN,2026-02-10,0.23713540431586438,ecb_daily,ECB reference rate: 1 EUR = 4.217 PLN
PLN,2026-02-11,0.23733238400379733,ecb_daily,ECB reference rate: 1 EUR = 4.2135 PLN
PLN,2026-02-12,0.2372029033635372,ecb_daily,ECB reference rate: 1 EUR = 4.2158 PLN
PLN,2026-02-13,0.2372479240806643,ecb_daily,ECB reference rate: 1 EUR = 4.215 PLN
PLN,2026-02-16,0.23750148438427743,ecb_daily,ECB reference rate: 1 EUR = 4.2105 PLN
PLN,2026-02-17,0.23731548720869525,ecb_daily,ECB reference rate: 1 EUR = 4.2138 PLN
PLN,2026-02-18,0.23716352424997036,ecb_daily,ECB reference rate: 1 EUR = 4.2165 PLN
PLN,2026-02-19,0.23688262465948123,ecb_daily,ECB reference rate: 1 EUR = 4.2215 PLN
PLN,2026-02-20,0.2367536341682845,ecb_daily,ECB reference rate: 1 EUR = 4.2238 PLN
PLN,2026-02-23,0.2371185355559244,ecb_daily,ECB reference rate: 1 EUR = 4.2173 PLN
PLN,2026-02-24,0.2369499798592517,ecb_daily,ECB reference rate: 1 EUR = 4.2203 PLN
PLN,2026-02-25,0.23678166362796865,ecb_daily,ECB reference rate: 1 EUR = 4.2233 PLN
PLN,2026-02-26,0.23682652457075193,ecb_daily,ECB reference rate: 1 EUR = 4.2225 PLN
PLN,2026-02-27,0.23672561134389128,ecb_daily,ECB reference rate: 1 EUR = 4.2243 PLN
PLN,2026-03-02,0.235626767200754,ecb_daily,ECB reference rate: 1 EUR = 4.244 PLN
PLN,2026-03-03,0.2332905633967106,ecb_daily,ECB reference rate: 1 EUR = 4.2865 PLN
PLN,2026-03-04,0.23480792711561943,ecb_daily,ECB reference rate: 1 EUR = 4.2588 PLN
PLN,2026-03-05,0.23405500292568754,ecb_daily,ECB reference rate: 1 EUR = 4.2725 PLN
PLN,2026-03-06,0.23323615160349856,ecb_daily,ECB reference rate: 1 EUR = 4.2875 PLN
PLN,2026-03-09,0.23372677340189318,ecb_daily,ECB reference rate: 1 EUR = 4.2785 PLN
PLN,2026-03-10,0.23502867349816675,ecb_daily,ECB reference rate: 1 EUR = 4.2548 PLN
PLN,2026-03-11,0.23516685088069986,ecb_daily,ECB reference rate: 1 EUR = 4.2523 PLN
PLN,2026-03-12,0.23486307482737567,ecb_daily,ECB reference rate: 1 EUR = 4.2578 PLN
PLN,2026-03-13,0.23432923257176333,ecb_daily,ECB reference rate: 1 EUR = 4.2675 PLN
PLN,2026-03-16,0.23428531265374974,ecb_daily,ECB reference rate: 1 EUR = 4.2683 PLN
PLN,2026-03-17,0.23478036297044116,ecb_daily,ECB reference rate: 1 EUR = 4.2593 PLN
PLN,2026-03-18,0.23412075948774377,ecb_daily,ECB reference rate: 1 EUR = 4.2713 PLN
PLN,2026-03-19,0.23335589106947002,ecb_daily,ECB reference rate: 1 EUR = 4.2853 PLN
PLN,2026-03-20,0.233737699553561,ecb_daily,ECB reference rate: 1 EUR = 4.2783 PLN
PLN,2026-03-23,0.23450507703491777,ecb_daily,ECB reference rate: 1 EUR = 4.2643 PLN
PLN,2026-03-24,0.2339564373113726,ecb_daily,ECB reference rate: 1 EUR = 4.2743 PLN
PLN,2026-03-25,0.23409335643054452,ecb_daily,ECB reference rate: 1 EUR = 4.2718 PLN
PLN,2026-03-26,0.2339564373113726,ecb_daily,ECB reference rate: 1 EUR = 4.2743 PLN
RON,2024-01-02,0.20118700331958553,ecb_daily,ECB reference rate: 1 EUR = 4.9705 RON
RON,2024-01-03,0.20110608345902464,ecb_daily,ECB reference rate: 1 EUR = 4.9725 RON
RON,2024-01-04,0.2010737337381618,ecb_daily,ECB reference rate: 1 EUR = 4.9733 RON
RON,2024-01-05,0.20105756278022396,ecb_daily,ECB reference rate: 1 EUR = 4.9737 RON
RON,2024-01-08,0.2010939510939511,ecb_daily,ECB reference rate: 1 EUR = 4.9728 RON
RON,2024-01-09,0.2011424893394481,ecb_daily,ECB reference rate: 1 EUR = 4.9716 RON
RON,2024-01-10,0.2010939510939511,ecb_daily,ECB reference rate: 1 EUR = 4.9728 RON
RON,2024-01-11,0.20111821728812196,ecb_daily,ECB reference rate: 1 EUR = 4.9722 RON
RON,2024-01-12,0.2010818201926364,ecb_daily,ECB reference rate: 1 EUR = 4.9731 RON
RON,2024-01-15,0.20103331121966908,ecb_daily,ECB reference rate: 1 EUR = 4.9743 RON
RON,2024-01-16,0.20095251492072422,ecb_daily,ECB reference rate: 1 EUR = 4.9763 RON
RON,2024-01-17,0.20098482564566375,ecb_daily,ECB reference rate: 1 EUR = 4.9755 RON
RON,2024-01-18,0.20091617777063409,ecb_daily,ECB reference rate: 1 EUR = 4.9772 RON
RON,2024-01-19,0.20090003214400515,ecb_daily,ECB reference rate: 1 EUR = 4.9776 RON
RON,2024-01-22,0.20090003214400515,ecb_daily,ECB reference rate: 1 EUR = 4.9776 RON
RON,2024-01-23,0.20092828869376522,ecb_daily,ECB reference rate: 1 EUR = 4.9769 RON
RON,2024-01-24,0.20091214112068795,ecb_daily,ECB reference rate: 1 EUR = 4.9773 RON
RON,2024-01-25,0.2009323259926057,ecb_daily,ECB reference rate: 1 EUR = 4.9768 RON
RON,2024-01-26,0.20094443886265448,ecb_daily,ECB reference rate: 1 EUR = 4.9765 RON
RON,2024-01-29,0.20091214112068795,ecb_daily,ECB reference rate: 1 EUR = 4.9773 RON
RON,2024-01-30,0.2009323259926057,ecb_daily,ECB reference rate: 1 EUR = 4.9768 RON
RON,2024-01-31,0.20097270790626634,ecb_daily,ECB reference rate: 1 EUR = 4.9758 RON
RON,2024-02-01,0.2010454362685967,ecb_daily,ECB reference rate: 1 EUR = 4.974 RON
RON,2024-02-02,0.20109799505298934,ecb_daily,ECB reference rate: 1 EUR = 4.9727 RON
RON,2024-02-05,0.2010454362685967,ecb_daily,ECB reference rate: 1 EUR = 4.974 RON
RON,2024-02-06,0.20095251492072422,ecb_daily,ECB reference rate: 1 EUR = 4.9763 RON
RON,2024-02-07,0.20092828869376522,ecb_daily,ECB reference rate: 1 EUR = 4.9769 RON
RON,2024-02-08,0.20092021458278916,ecb_daily,ECB reference rate: 1 EUR = 4.9771 RON
RON,2024-02-09,0.20091214112068795,ecb_daily,ECB reference rate: 1 EUR = 4.9773 RON
RON,2024-02-12,0.20103331121966908,ecb_daily,ECB reference rate: 1 EUR = 4.9743 RON
RON,2024-02-13,0.2009686689845053,ecb_daily,ECB reference rate: 1 EUR = 4.9759 RON
RON,2024-02-14,0.200988865216867,ecb_daily,ECB reference rate: 1 EUR = 4.9754 RON
RON,2024-02-15,0.20092021458278916,ecb_daily,ECB reference rate: 1 EUR = 4.9771 RON
RON,2024-02-16,0.20092021458278916,ecb_daily,ECB reference rate: 1 EUR = 4.9771 RON
RON,2024-02-19,0.20092425155716293,ecb_daily,ECB reference rate: 1 EUR = 4.977 RON
RON,2024-02-20,0.2009323259926057,ecb_daily,ECB reference rate: 1 EUR = 4.9768 RON
RON,2024-02-21,0.20096463022508038,ecb_daily,ECB reference rate: 1 EUR = 4.976 RON
RON,2024-02-22,0.2009323259926057,ecb_daily,ECB reference rate: 1 EUR = 4.9768 RON
RON,2024-02-23,0.20102926986169187,ecb_daily,ECB reference rate: 1 EUR = 4.9744 RON
RON,2024-02-26,0.20111821728812196,ecb_daily,ECB reference rate: 1 EUR = 4.9722 RON
RON,2024-02-27,0.2013368768623661,ecb_daily,ECB reference rate: 1 EUR = 4.9668 RON
RON,2024-02-28,0.2012760904132198,ecb_daily,ECB reference rate: 1 EUR = 4.9683 RON
RON,2024-02-29,0.20118295577998632,ecb_daily,ECB reference rate: 1 EUR = 4.9706 RON
RON,2024-03-01,0.20122748767481638,ecb_daily,ECB reference rate: 1 EUR = 4.9695 RON
RON,2024-03-04,0.2011748611893458,ecb_daily,ECB reference rate: 1 EUR = 4.9708 RON
RON,2024-03-05,0.20113439800474678,ecb_daily,ECB reference rate: 1 EUR = 4.9718 RON
RON,2024-03-06,0.20118295577998632,ecb_daily,ECB reference rate: 1 EUR = 4.9706 RON
RON,2024-03-07,0.201178908403243,ecb_daily,ECB reference rate: 1 EUR = 4.9707 RON
RON,2024-03-08,0.20123558650111686,ecb_daily,ECB reference rate: 1 EUR = 4.9693 RON
RON,2024-03-11,0.20143421158649583,ecb_daily,ECB reference rate: 1 EUR = 4.9644 RON
RON,2024-03-12,0.2013368768623661,ecb_daily,ECB reference rate: 1 EUR = 4.9668 RON
RON,2024-03-13,0.2012760904132198,ecb_daily,ECB reference rate: 1 EUR = 4.9683 RON
RON,2024-03-14,0.20116676725005028,ecb_daily,ECB reference rate: 1 EUR = 4.971 RON
RON,2024-03-15,0.20116272052463238,ecb_daily,ECB reference rate: 1 EUR = 4.9711 RON
RON,2024-03-18,0.2011424893394481,ecb_daily,ECB reference rate: 1 EUR = 4.9716 RON
RON,2024-03-19,0.20103735274013912,ecb_daily,ECB reference rate: 1 EUR = 4.9742 RON
RON,2024-03-20,0.20112226222320548,ecb_daily,ECB reference rate: 1 EUR = 4.9721 RON
RON,2024-03-21,0.20106969075481562,ecb_daily,ECB reference rate: 1 EUR = 4.9734 RON
RON,2024-03-22,0.20109799505298934,ecb_daily,ECB reference rate: 1 EUR = 4.9727 RON
RON,2024-03-25,0.20115867396202125,ecb_daily,ECB reference rate: 1 EUR = 4.9712 RON
RON,2024-03-26,0.20119914691561708,ecb_daily,ECB reference rate: 1 EUR = 4.9702 RON
RON,2024-03-27,0.20112226222320548,ecb_daily,ECB reference rate: 1 EUR = 4.9721 RON
RON,2024-03-28,0.2010656479340505,ecb_daily,ECB reference rate: 1 EUR = 4.9735 RON
RON,2024-04-02,0.2012112919777058,ecb_daily,ECB reference rate: 1 EUR = 4.9699 RON
RON,2024-04-03,0.20125988689194357,ecb_daily,ECB reference rate: 1 EUR = 4.9687 RON
RON,2024-04-04,0.20125988689194357,ecb_daily,ECB reference rate: 1 EUR = 4.9687 RON
RON,2024-04-05,0.2013004005877972,ecb_daily,ECB reference rate: 1 EUR = 4.9677 RON
RON,2024-04-08,0.20128419315231175,ecb_daily,ECB reference rate: 1 EUR = 4.9681 RON
RON,2024-04-09,0.20128014170121974,ecb_daily,ECB reference rate: 1 EUR = 4.9682 RON
RON,2024-04-10,0.2012477359629704,ecb_daily,ECB reference rate: 1 EUR = 4.969 RON
RON,2024-04-11,0.20115462756220706,ecb_daily,ECB reference rate: 1 EUR = 4.9713 RON
RON,2024-04-12,0.2011384435907235,ecb_daily,ECB reference rate: 1 EUR = 4.9717 RON
RON,2024-04-15,0.20103735274013912,ecb_daily,ECB reference rate: 1 EUR = 4.9742 RON
RON,2024-04-16,0.20094847681054578,ecb_daily,ECB reference rate: 1 EUR = 4.9764 RON
RON,2024-04-17,0.20097270790626634,ecb_daily,ECB reference rate: 1 EUR = 4.9758 RON
RON,2024-04-18,0.20097270790626634,ecb_daily,ECB reference rate: 1 EUR = 4.9758 RON
RON,2024-04-19,0.20094847681054578,ecb_daily,ECB reference rate: 1 EUR = 4.9764 RON
RON,2024-04-22,0.20098078623683577,ecb_daily,ECB reference rate: 1 EUR = 4.9756 RON
RON,2024-04-23,0.20096059162798177,ecb_daily,ECB reference rate: 1 EUR = 4.9761 RON
RON,2024-04-24,0.2009767469903732,ecb_daily,ECB reference rate: 1 EUR = 4.9757 RON
RON,2024-04-25,0.20096059162798177,ecb_daily,ECB reference rate: 1 EUR = 4.9761 RON
RON,2024-04-26,0.20094847681054578,ecb_daily,ECB reference rate: 1 EUR = 4.9764 RON
RON,2024-04-29,0.2009686689845053,ecb_daily,ECB reference rate: 1 EUR = 4.9759 RON
RON,2024-04-30,0.2009686689845053,ecb_daily,ECB reference rate: 1 EUR = 4.9759 RON
RON,2024-05-02,0.20095251492072422,ecb_daily,ECB reference rate: 1 EUR = 4.9763 RON
RON,2024-05-03,0.20096059162798177,ecb_daily,ECB reference rate: 1 EUR = 4.9761 RON
RON,2024-05-06,0.20125583641925615,ecb_daily,ECB reference rate: 1 EUR = 4.9688 RON
RON,2024-05-07,0.2009767469903732,ecb_daily,ECB reference rate: 1 EUR = 4.9757 RON
RON,2024-05-08,0.2009767469903732,ecb_daily,ECB reference rate: 1 EUR = 4.9757 RON
RON,2024-05-09,0.20099290495045524,ecb_daily,ECB reference rate: 1 EUR = 4.9753 RON
RON,2024-05-10,0.20097270790626634,ecb_daily,ECB reference rate: 1 EUR = 4.9758 RON
RON,2024-05-13,0.2009565531931996,ecb_daily,ECB reference rate: 1 EUR = 4.9762 RON
RON,2024-05-14,0.20097270790626634,ecb_daily,ECB reference rate: 1 EUR = 4.9758 RON
RON,2024-05-15,0.20097270790626634,ecb_daily,ECB reference rate: 1 EUR = 4.9758 RON
RON,2024-05-16,0.20098482564566375,ecb_daily,ECB reference rate: 1 EUR = 4.9755 RON
RON,2024-05-17,0.20099694484643832,ecb_daily,ECB reference rate: 1 EUR = 4.9752 RON
RON,2024-05-20,0.20100502512562815,ecb_daily,ECB reference rate: 1 EUR = 4.975 RON
RON,2024-05-21,0.20103331121966908,ecb_daily,ECB reference rate: 1 EUR = 4.9743 RON
RON,2024-05-22,0.201000984904826,ecb_daily,ECB reference rate: 1 EUR = 4.9751 RON
RON,2024-05-23,0.200988865216867,ecb_daily,ECB reference rate: 1 EUR = 4.9754 RON
RON,2024-05-24,0.20103331121966908,ecb_daily,ECB reference rate: 1 EUR = 4.9743 RON
RON,2024-05-27,0.20095251492072422,ecb_daily,ECB reference rate: 1 EUR = 4.9763 RON
RON,2024-05-28,0.2009686689845053,ecb_daily,ECB reference rate: 1 EUR = 4.9759 RON
RON,2024-05-29,0.2009323259926057,ecb_daily,ECB reference rate: 1 EUR = 4.9768 RON
RON,2024-05-30,0.20094847681054578,ecb_daily,ECB reference rate: 1 EUR = 4.9764 RON
RON,2024-05-31,0.2009363634536942,ecb_daily,ECB reference rate: 1 EUR = 4.9767 RON
RON,2024-06-03,0.2009565531931996,ecb_daily,ECB reference rate: 1 EUR = 4.9762 RON
RON,2024-06-04,0.20100502512562815,ecb_daily,ECB reference rate: 1 EUR = 4.975 RON
RON,2024-06-05,0.20098482564566375,ecb_daily,ECB reference rate: 1 EUR = 4.9755 RON
RON,2024-06-06,0.20097270790626634,ecb_daily,ECB reference rate: 1 EUR = 4.9758 RON
RON,2024-06-07,0.20095251492072422,ecb_daily,ECB reference rate: 1 EUR = 4.9763 RON
RON,2024-06-10,0.20092828869376522,ecb_daily,ECB reference rate: 1 EUR = 4.9769 RON
RON,2024-06-11,0.2009323259926057,ecb_daily,ECB reference rate: 1 EUR = 4.9768 RON
RON,2024-06-12,0.2009323259926057,ecb_daily,ECB reference rate: 1 EUR = 4.9768 RON
RON,2024-06-13,0.20091214112068795,ecb_daily,ECB reference rate: 1 EUR = 4.9773 RON
RON,2024-06-14,0.20091214112068795,ecb_daily,ECB reference rate: 1 EUR = 4.9773 RON
RON,2024-06-17,0.20092828869376522,ecb_daily,ECB reference rate: 1 EUR = 4.9769 RON
RON,2024-06-18,0.20095251492072422,ecb_daily,ECB reference rate: 1 EUR = 4.9763 RON
RON,2024-06-19,0.2009323259926057,ecb_daily,ECB reference rate: 1 EUR = 4.9768 RON
RON,2024-06-20,0.20092021458278916,ecb_daily,ECB reference rate: 1 EUR = 4.9771 RON
RON,2024-06-21,0.20091214112068795,ecb_daily,ECB reference rate: 1 EUR = 4.9773 RON
RON,2024-06-24,0.20090810463294087,ecb_daily,ECB reference rate: 1 EUR = 4.9774 RON
RON,2024-06-25,0.20092425155716293,ecb_daily,ECB reference rate: 1 EUR = 4.977 RON
RON,2024-06-26,0.20092828869376522,ecb_daily,ECB reference rate: 1 EUR = 4.9769 RON
RON,2024-06-27,0.20088792462685068,ecb_daily,ECB reference rate: 1 EUR = 4.9779 RON
RON,2024-06-28,0.20091214112068795,ecb_daily,ECB reference rate: 1 EUR = 4.9773 RON
RON,2024-07-01,0.20094040107704053,ecb_daily,ECB reference rate: 1 EUR = 4.9766 RON
RON,2024-07-02,0.20092828869376522,ecb_daily,ECB reference rate: 1 EUR = 4.9769 RON
RON,2024-07-03,0.20091214112068795,ecb_daily,ECB reference rate: 1 EUR = 4.9773 RON
RON,2024-07-04,0.20092828869376522,ecb_daily,ECB reference rate: 1 EUR = 4.9769 RON
RON,2024-07-05,0.20091617777063409,ecb_daily,ECB reference rate: 1 EUR = 4.9772 RON
RON,2024-07-08,0.20101310605451475,ecb_daily,ECB reference rate: 1 EUR = 4.9748 RON
RON,2024-07-09,0.2010818201926364,ecb_daily,ECB reference rate: 1 EUR = 4.9731 RON
RON,2024-07-10,0.20106969075481562,ecb_daily,ECB reference rate: 1 EUR = 4.9734 RON
RON,2024-07-11,0.20098482564566375,ecb_daily,ECB reference rate: 1 EUR = 4.9755 RON
RON,2024-07-12,0.20108990729755274,ecb_daily,ECB reference rate: 1 EUR = 4.9729 RON
RON,2024-07-15,0.20123963615873783,ecb_daily,ECB reference rate: 1 EUR = 4.9692 RON
RON,2024-07-16,0.2013612017236519,ecb_daily,ECB reference rate: 1 EUR = 4.9662 RON
RON,2024-07-17,0.20130850528434827,ecb_daily,ECB reference rate: 1 EUR = 4.9675 RON
RON,2024-07-18,0.20123558650111686,ecb_daily,ECB reference rate: 1 EUR = 4.9693 RON
RON,2024-07-19,0.20115867396202125,ecb_daily,ECB reference rate: 1 EUR = 4.9712 RON
RON,2024-07-22,0.20112630732099757,ecb_daily,ECB reference rate: 1 EUR = 4.972 RON
RON,2024-07-23,0.20108990729755274,ecb_daily,ECB reference rate: 1 EUR = 4.9729 RON
RON,2024-07-24,0.20118295577998632,ecb_daily,ECB reference rate: 1 EUR = 4.9706 RON
RON,2024-07-25,0.20121938950037227,ecb_daily,ECB reference rate: 1 EUR = 4.9697 RON
RON,2024-07-26,0.20113439800474678,ecb_daily,ECB reference rate: 1 EUR = 4.9718 RON
RON,2024-07-29,0.20110608345902464,ecb_daily,ECB reference rate: 1 EUR = 4.9725 RON
RON,2024-07-30,0.20094040107704053,ecb_daily,ECB reference rate: 1 EUR = 4.9766 RON
RON,2024-07-31,0.20100906550885445,ecb_daily,ECB reference rate: 1 EUR = 4.9749 RON
RON,2024-08-01,0.20098078623683577,ecb_daily,ECB reference rate: 1 EUR = 4.9756 RON
RON,2024-08-02,0.20098078623683577,ecb_daily,ECB reference rate: 1 EUR = 4.9756 RON
RON,2024-08-05,0.2009323259926057,ecb_daily,ECB reference rate: 1 EUR = 4.9768 RON
RON,2024-08-06,0.20091617777063409,ecb_daily,ECB reference rate: 1 EUR = 4.9772 RON
RON,2024-08-07,0.2009323259926057,ecb_daily,ECB reference rate: 1 EUR = 4.9768 RON
RON,2024-08-08,0.2009363634536942,ecb_daily,ECB reference rate: 1 EUR = 4.9767 RON
RON,2024-08-09,0.20092828869376522,ecb_daily,ECB reference rate: 1 EUR = 4.9769 RON
RON,2024-08-12,0.2009363634536942,ecb_daily,ECB reference rate: 1 EUR = 4.9767 RON
RON,2024-08-13,0.2009767469903732,ecb_daily,ECB reference rate: 1 EUR = 4.9757 RON
RON,2024-08-14,0.20095251492072422,ecb_daily,ECB reference rate: 1 EUR = 4.9763 RON
RON,2024-08-15,0.20094847681054578,ecb_daily,ECB reference rate: 1 EUR = 4.9764 RON
RON,2024-08-16,0.20097270790626634,ecb_daily,ECB reference rate: 1 EUR = 4.9758 RON
RON,2024-08-19,0.20091214112068795,ecb_daily,ECB reference rate: 1 EUR = 4.9773 RON
RON,2024-08-20,0.2009323259926057,ecb_daily,ECB reference rate: 1 EUR = 4.9768 RON
RON,2024-08-21,0.20092425155716293,ecb_daily,ECB reference rate: 1 EUR = 4.977 RON
RON,2024-08-22,0.20094847681054578,ecb_daily,ECB reference rate: 1 EUR = 4.9764 RON
RON,2024-08-23,0.20095251492072422,ecb_daily,ECB reference rate: 1 EUR = 4.9763 RON
RON,2024-08-26,0.20098078623683577,ecb_daily,ECB reference rate: 1 EUR = 4.9756 RON
RON,2024-08-27,0.20092021458278916,ecb_daily,ECB reference rate: 1 EUR = 4.9771 RON
RON,2024-08-28,0.20091214112068795,ecb_daily,ECB reference rate: 1 EUR = 4.9773 RON
RON,2024-08-29,0.20090810463294087,ecb_daily,ECB reference rate: 1 EUR = 4.9774 RON
RON,2024-08-30,0.2009323259926057,ecb_daily,ECB reference rate: 1 EUR = 4.9768 RON
RON,2024-09-02,0.20099290495045524,ecb_daily,ECB reference rate: 1 EUR = 4.9753 RON
RON,2024-09-03,0.2010656479340505,ecb_daily,ECB reference rate: 1 EUR = 4.9735 RON
RON,2024-09-04,0.20110203917467723,ecb_daily,ECB reference rate: 1 EUR = 4.9726 RON
RON,2024-09-05,0.2011748611893458,ecb_daily,ECB reference rate: 1 EUR = 4.9708 RON
RON,2024-09-06,0.2010656479340505,ecb_daily,ECB reference rate: 1 EUR = 4.9735 RON
RON,2024-09-09,0.20103331121966908,ecb_daily,ECB reference rate: 1 EUR = 4.9743 RON
RON,2024-09-10,0.2010252286661976,ecb_daily,ECB reference rate: 1 EUR = 4.9745 RON
RON,2024-09-11,0.20103735274013912,ecb_daily,ECB reference rate: 1 EUR = 4.9742 RON
RON,2024-09-12,0.2010454362685967,ecb_daily,ECB reference rate: 1 EUR = 4.974 RON
RON,2024-09-13,0.20105352044714303,ecb_daily,ECB reference rate: 1 EUR = 4.9738 RON
RON,2024-09-16,0.20102926986169187,ecb_daily,ECB reference rate: 1 EUR = 4.9744 RON
RON,2024-09-17,0.20105352044714303,ecb_daily,ECB reference rate: 1 EUR = 4.9738 RON
RON,2024-09-18,0.20100906550885445,ecb_daily,ECB reference rate: 1 EUR = 4.9749 RON
RON,2024-09-19,0.20102926986169187,ecb_daily,ECB reference rate: 1 EUR = 4.9744 RON
RON,2024-09-20,0.2010252286661976,ecb_daily,ECB reference rate: 1 EUR = 4.9745 RON
RON,2024-09-23,0.20103735274013912,ecb_daily,ECB reference rate: 1 EUR = 4.9742 RON
RON,2024-09-24,0.20098078623683577,ecb_daily,ECB reference rate: 1 EUR = 4.9756 RON
RON,2024-09-25,0.20096463022508038,ecb_daily,ECB reference rate: 1 EUR = 4.976 RON
RON,2024-09-26,0.2009686689845053,ecb_daily,ECB reference rate: 1 EUR = 4.9759 RON
RON,2024-09-27,0.20094847681054578,ecb_daily,ECB reference rate: 1 EUR = 4.9764 RON
RON,2024-09-30,0.20099290495045524,ecb_daily,ECB reference rate: 1 EUR = 4.9753 RON
RON,2024-10-01,0.2009686689845053,ecb_daily,ECB reference rate: 1 EUR = 4.9759 RON
RON,2024-10-02,0.20095251492072422,ecb_daily,ECB reference rate: 1 EUR = 4.9763 RON
RON,2024-10-03,0.20094040107704053,ecb_daily,ECB reference rate: 1 EUR = 4.9766 RON
RON,2024-10-04,0.20092828869376522,ecb_daily,ECB reference rate: 1 EUR = 4.9769 RON
RON,2024-10-07,0.20089196030374865,ecb_daily,ECB reference rate: 1 EUR = 4.9778 RON
RON,2024-10-08,0.20091214112068795,ecb_daily,ECB reference rate: 1 EUR = 4.9773 RON
RON,2024-10-09,0.2009686689845053,ecb_daily,ECB reference rate: 1 EUR = 4.9759 RON
RON,2024-10-10,0.20098078623683577,ecb_daily,ECB reference rate: 1 EUR = 4.9756 RON
RON,2024-10-11,0.20100906550885445,ecb_daily,ECB reference rate: 1 EUR = 4.9749 RON
RON,2024-10-14,0.20103331121966908,ecb_daily,ECB reference rate: 1 EUR = 4.9743 RON
RON,2024-10-15,0.20097270790626634,ecb_daily,ECB reference rate: 1 EUR = 4.9758 RON
RON,2024-10-16,0.20096059162798177,ecb_daily,ECB reference rate: 1 EUR = 4.9761 RON
RON,2024-10-17,0.20105352044714303,ecb_daily,ECB reference rate: 1 EUR = 4.9738 RON
RON,2024-10-18,0.2010737337381618,ecb_daily,ECB reference rate: 1 EUR = 4.9733 RON
RON,2024-10-21,0.2010939510939511,ecb_daily,ECB reference rate: 1 EUR = 4.9728 RON
RON,2024-10-22,0.20105756278022396,ecb_daily,ECB reference rate: 1 EUR = 4.9737 RON
RON,2024-10-23,0.20105756278022396,ecb_daily,ECB reference rate: 1 EUR = 4.9737 RON
RON,2024-10-24,0.2010939510939511,ecb_daily,ECB reference rate: 1 EUR = 4.9728 RON
RON,2024-10-25,0.2010737337381618,ecb_daily,ECB reference rate: 1 EUR = 4.9733 RON
RON,2024-10-28,0.20105352044714303,ecb_daily,ECB reference rate: 1 EUR = 4.9738 RON
RON,2024-10-29,0.20100906550885445,ecb_daily,ECB reference rate: 1 EUR = 4.9749 RON
RON,2024-10-30,0.20101714676261884,ecb_daily,ECB reference rate: 1 EUR = 4.9747 RON
RON,2024-10-31,0.20100906550885445,ecb_daily,ECB reference rate: 1 EUR = 4.9749 RON
RON,2024-11-01,0.2010252286661976,ecb_daily,ECB reference rate: 1 EUR = 4.9745 RON
RON,2024-11-04,0.20100502512562815,ecb_daily,ECB reference rate: 1 EUR = 4.975 RON
RON,2024-11-05,0.20098078623683577,ecb_daily,ECB reference rate: 1 EUR = 4.9756 RON
RON,2024-11-06,0.20098482564566375,ecb_daily,ECB reference rate: 1 EUR = 4.9755 RON
RON,2024-11-07,0.2009686689845053,ecb_daily,ECB reference rate: 1 EUR = 4.9759 RON
RON,2024-11-08,0.20101310605451475,ecb_daily,ECB reference rate: 1 EUR = 4.9748 RON
RON,2024-11-11,0.20100906550885445,ecb_daily,ECB reference rate: 1 EUR = 4.9749 RON
RON,2024-11-12,0.20095251492072422,ecb_daily,ECB reference rate: 1 EUR = 4.9763 RON
RON,2024-11-13,0.20094847681054578,ecb_daily,ECB reference rate: 1 EUR = 4.9764 RON
RON,2024-11-14,0.20094847681054578,ecb_daily,ECB reference rate: 1 EUR = 4.9764 RON
RON,2024-11-15,0.2009323259926057,ecb_daily,ECB reference rate: 1 EUR = 4.9768 RON
RON,2024-11-18,0.20094443886265448,ecb_daily,ECB reference rate: 1 EUR = 4.9765 RON
RON,2024-11-19,0.20092828869376522,ecb_daily,ECB reference rate: 1 EUR = 4.9769 RON
RON,2024-11-20,0.20094443886265448,ecb_daily,ECB reference rate: 1 EUR = 4.9765 RON
RON,2024-11-21,0.20092425155716293,ecb_daily,ECB reference rate: 1 EUR = 4.977 RON
RON,2024-11-22,0.2009363634536942,ecb_daily,ECB reference rate: 1 EUR = 4.9767 RON
RON,2024-11-25,0.2009363634536942,ecb_daily,ECB reference rate: 1 EUR = 4.9767 RON
RON,2024-11-26,0.20092021458278916,ecb_daily,ECB reference rate: 1 EUR = 4.9771 RON
RON,2024-11-27,0.2009323259926057,ecb_daily,ECB reference rate: 1 EUR = 4.9768 RON
RON,2024-11-28,0.20091214112068795,ecb_daily,ECB reference rate: 1 EUR = 4.9773 RON
RON,2024-11-29,0.20090810463294087,ecb_daily,ECB reference rate: 1 EUR = 4.9774 RON
RON,2024-12-02,0.20092425155716293,ecb_daily,ECB reference rate: 1 EUR = 4.977 RON
RON,2024-12-03,0.20092828869376522,ecb_daily,ECB reference rate: 1 EUR = 4.9769 RON
RON,2024-12-04,0.20092425155716293,ecb_daily,ECB reference rate: 1 EUR = 4.977 RON
RON,2024-12-05,0.20090810463294087,ecb_daily,ECB reference rate: 1 EUR = 4.9774 RON
RON,2024-12-06,0.20090810463294087,ecb_daily,ECB reference rate: 1 EUR = 4.9774 RON
RON,2024-12-09,0.20112630732099757,ecb_daily,ECB reference rate: 1 EUR = 4.972 RON
RON,2024-12-10,0.20115462756220706,ecb_daily,ECB reference rate: 1 EUR = 4.9713 RON
RON,2024-12-11,0.2013125578773604,ecb_daily,ECB reference rate: 1 EUR = 4.9674 RON
RON,2024-12-12,0.20119105102205054,ecb_daily,ECB reference rate: 1 EUR = 4.9704 RON
RON,2024-12-13,0.20107777688409875,ecb_daily,ECB reference rate: 1 EUR = 4.9732 RON
RON,2024-12-16,0.20095251492072422,ecb_daily,ECB reference rate: 1 EUR = 4.9763 RON
RON,2024-12-17,0.20099290495045524,ecb_daily,ECB reference rate: 1 EUR = 4.9753 RON
RON,2024-12-18,0.20099694484643832,ecb_daily,ECB reference rate: 1 EUR = 4.9752 RON
RON,2024-12-19,0.20096463022508038,ecb_daily,ECB reference rate: 1 EUR = 4.976 RON
RON,2024-12-20,0.2009565531931996,ecb_daily,ECB reference rate: 1 EUR = 4.9762 RON
RON,2024-12-23,0.20095251492072422,ecb_daily,ECB reference rate: 1 EUR = 4.9763 RON
RON,2024-12-24,0.2010252286661976,ecb_daily,ECB reference rate: 1 EUR = 4.9745 RON
RON,2024-12-27,0.20092828869376522,ecb_daily,ECB reference rate: 1 EUR = 4.9769 RON
RON,2024-12-30,0.20094443886265448,ecb_daily,ECB reference rate: 1 EUR = 4.9765 RON
RON,2024-12-31,0.20103331121966908,ecb_daily,ECB reference rate: 1 EUR = 4.9743 RON
RON,2025-01-02,0.20103331121966908,ecb_daily,ECB reference rate: 1 EUR = 4.9743 RON
RON,2025-01-03,0.20099694484643832,ecb_daily,ECB reference rate: 1 EUR = 4.9752 RON
RON,2025-01-06,0.20101714676261884,ecb_daily,ECB reference rate: 1 EUR = 4.9747 RON
RON,2025-01-07,0.20102926986169187,ecb_daily,ECB reference rate: 1 EUR = 4.9744 RON
RON,2025-01-08,0.20104947827660385,ecb_daily,ECB reference rate: 1 EUR = 4.9739 RON
RON,2025-01-09,0.20106969075481562,ecb_daily,ECB reference rate: 1 EUR = 4.9734 RON
RON,2025-01-10,0.2010656479340505,ecb_daily,ECB reference rate: 1 EUR = 4.9735 RON
RON,2025-01-13,0.2010818201926364,ecb_daily,ECB reference rate: 1 EUR = 4.9731 RON
RON,2025-01-14,0.20100906550885445,ecb_daily,ECB reference rate: 1 EUR = 4.9749 RON
RON,2025-01-15,0.20103735274013912,ecb_daily,ECB reference rate: 1 EUR = 4.9742 RON
RON,2025-01-16,0.200988865216867,ecb_daily,ECB reference rate: 1 EUR = 4.9754 RON
RON,2025-01-17,0.20094443886265448,ecb_daily,ECB reference rate: 1 EUR = 4.9765 RON
RON,2025-01-20,0.20092828869376522,ecb_daily,ECB reference rate: 1 EUR = 4.9769 RON
RON,2025-01-21,0.2009323259926057,ecb_daily,ECB reference rate: 1 EUR = 4.9768 RON
RON,2025-01-22,0.2009323259926057,ecb_daily,ECB reference rate: 1 EUR = 4.9768 RON
RON,2025-01-23,0.20095251492072422,ecb_daily,ECB reference rate: 1 EUR = 4.9763 RON
RON,2025-01-24,0.20096059162798177,ecb_daily,ECB reference rate: 1 EUR = 4.9761 RON
RON,2025-01-27,0.20100502512562815,ecb_daily,ECB reference rate: 1 EUR = 4.975 RON
RON,2025-01-28,0.20100906550885445,ecb_daily,ECB reference rate: 1 EUR = 4.9749 RON
RON,2025-01-29,0.20099290495045524,ecb_daily,ECB reference rate: 1 EUR = 4.9753 RON
RON,2025-01-30,0.20097270790626634,ecb_daily,ECB reference rate: 1 EUR = 4.9758 RON
RON,2025-01-31,0.2009363634536942,ecb_daily,ECB reference rate: 1 EUR = 4.9767 RON
RON,2025-02-03,0.20092828869376522,ecb_daily,ECB reference rate: 1 EUR = 4.9769 RON
RON,2025-02-04,0.20092828869376522,ecb_daily,ECB reference rate: 1 EUR = 4.9769 RON
RON,2025-02-05,0.20094040107704053,ecb_daily,ECB reference rate: 1 EUR = 4.9766 RON
RON,2025-02-06,0.2009363634536942,ecb_daily,ECB reference rate: 1 EUR = 4.9767 RON
RON,2025-02-07,0.2009323259926057,ecb_daily,ECB reference rate: 1 EUR = 4.9768 RON
RON,2025-02-10,0.20092828869376522,ecb_daily,ECB reference rate: 1 EUR = 4.9769 RON
RON,2025-02-11,0.20092828869376522,ecb_daily,ECB reference rate: 1 EUR = 4.9769 RON
RON,2025-02-12,0.2009363634536942,ecb_daily,ECB reference rate: 1 EUR = 4.9767 RON
RON,2025-02-13,0.20092021458278916,ecb_daily,ECB reference rate: 1 EUR = 4.9771 RON
RON,2025-02-14,0.20092425155716293,ecb_daily,ECB reference rate: 1 EUR = 4.977 RON
RON,2025-02-17,0.20092425155716293,ecb_daily,ECB reference rate: 1 EUR = 4.977 RON
RON,2025-02-18,0.20091214112068795,ecb_daily,ECB reference rate: 1 EUR = 4.9773 RON
RON,2025-02-19,0.20090810463294087,ecb_daily,ECB reference rate: 1 EUR = 4.9774 RON
RON,2025-02-20,0.20089196030374865,ecb_daily,ECB reference rate: 1 EUR = 4.9778 RON
RON,2025-02-21,0.20091214112068795,ecb_daily,ECB reference rate: 1 EUR = 4.9773 RON
RON,2025-02-24,0.20091617777063409,ecb_daily,ECB reference rate: 1 EUR = 4.9772 RON
RON,2025-02-25,0.20090810463294087,ecb_daily,ECB reference rate: 1 EUR = 4.9774 RON
RON,2025-02-26,0.20091214112068795,ecb_daily,ECB reference rate: 1 EUR = 4.9773 RON
RON,2025-02-27,0.20095251492072422,ecb_daily,ECB reference rate: 1 EUR = 4.9763 RON
RON,2025-02-28,0.2009323259926057,ecb_daily,ECB reference rate: 1 EUR = 4.9768 RON
RON,2025-03-03,0.20091214112068795,ecb_daily,ECB reference rate: 1 EUR = 4.9773 RON
RON,2025-03-04,0.20092828869376522,ecb_daily,ECB reference rate: 1 EUR = 4.9769 RON
RON,2025-03-05,0.20097270790626634,ecb_daily,ECB reference rate: 1 EUR = 4.9758 RON
RON,2025-03-06,0.200988865216867,ecb_daily,ECB reference rate: 1 EUR = 4.9754 RON
RON,2025-03-07,0.2009767469903732,ecb_daily,ECB reference rate: 1 EUR = 4.9757 RON
RON,2025-03-10,0.20094443886265448,ecb_daily,ECB reference rate: 1 EUR = 4.9765 RON
RON,2025-03-11,0.20092021458278916,ecb_daily,ECB reference rate: 1 EUR = 4.9771 RON
RON,2025-03-12,0.20090810463294087,ecb_daily,ECB reference rate: 1 EUR = 4.9774 RON
RON,2025-03-13,0.20090406830738322,ecb_daily,ECB reference rate: 1 EUR = 4.9775 RON
RON,2025-03-14,0.2009323259926057,ecb_daily,ECB reference rate: 1 EUR = 4.9768 RON
RON,2025-03-17,0.20090406830738322,ecb_daily,ECB reference rate: 1 EUR = 4.9775 RON
RON,2025-03-18,0.20090810463294087,ecb_daily,ECB reference rate: 1 EUR = 4.9774 RON
RON,2025-03-19,0.20091214112068795,ecb_daily,ECB reference rate: 1 EUR = 4.9773 RON
RON,2025-03-20,0.20092828869376522,ecb_daily,ECB reference rate: 1 EUR = 4.9769 RON
RON,2025-03-21,0.20092425155716293,ecb_daily,ECB reference rate: 1 EUR = 4.977 RON
RON,2025-03-24,0.20098078623683577,ecb_daily,ECB reference rate: 1 EUR = 4.9756 RON
RON,2025-03-25,0.20098078623683577,ecb_daily,ECB reference rate: 1 EUR = 4.9756 RON
RON,2025-03-26,0.20095251492072422,ecb_daily,ECB reference rate: 1 EUR = 4.9763 RON
RON,2025-03-27,0.20091214112068795,ecb_daily,ECB reference rate: 1 EUR = 4.9773 RON
RON,2025-03-28,0.20090810463294087,ecb_daily,ECB reference rate: 1 EUR = 4.9774 RON
RON,2025-03-31,0.20092021458278916,ecb_daily,ECB reference rate: 1 EUR = 4.9771 RON
RON,2025-04-01,0.20090810463294087,ecb_daily,ECB reference rate: 1 EUR = 4.9774 RON
RON,2025-04-02,0.20090406830738322,ecb_daily,ECB reference rate: 1 EUR = 4.9775 RON
RON,2025-04-03,0.20090810463294087,ecb_daily,ECB reference rate: 1 EUR = 4.9774 RON
RON,2025-04-04,0.20091214112068795,ecb_daily,ECB reference rate: 1 EUR = 4.9773 RON
RON,2025-04-07,0.20090810463294087,ecb_daily,ECB reference rate: 1 EUR = 4.9774 RON
RON,2025-04-08,0.20091617777063409,ecb_daily,ECB reference rate: 1 EUR = 4.9772 RON
RON,2025-04-09,0.20089599614279688,ecb_daily,ECB reference rate: 1 EUR = 4.9777 RON
RON,2025-04-10,0.20090003214400515,ecb_daily,ECB reference rate: 1 EUR = 4.9776 RON
RON,2025-04-11,0.20089599614279688,ecb_daily,ECB reference rate: 1 EUR = 4.9777 RON
RON,2025-04-14,0.20090406830738322,ecb_daily,ECB reference rate: 1 EUR = 4.9775 RON
RON,2025-04-15,0.20089196030374865,ecb_daily,ECB reference rate: 1 EUR = 4.9778 RON
RON,2025-04-16,0.20089196030374865,ecb_daily,ECB reference rate: 1 EUR = 4.9778 RON
RON,2025-04-17,0.20090003214400515,ecb_daily,ECB reference rate: 1 EUR = 4.9776 RON
RON,2025-04-22,0.20091214112068795,ecb_daily,ECB reference rate: 1 EUR = 4.9773 RON
RON,2025-04-23,0.20091617777063409,ecb_daily,ECB reference rate: 1 EUR = 4.9772 RON
RON,2025-04-24,0.20092828869376522,ecb_daily,ECB reference rate: 1 EUR = 4.9769 RON
RON,2025-04-25,0.20090003214400515,ecb_daily,ECB reference rate: 1 EUR = 4.9776 RON
RON,2025-04-28,0.20088792462685068,ecb_daily,ECB reference rate: 1 EUR = 4.9779 RON
RON,2025-04-29,0.20089599614279688,ecb_daily,ECB reference rate: 1 EUR = 4.9777 RON
RON,2025-04-30,0.20087581856896067,ecb_daily,ECB reference rate: 1 EUR = 4.9782 RON
RON,2025-05-02,0.20087581856896067,ecb_daily,ECB reference rate: 1 EUR = 4.9782 RON
RON,2025-05-05,0.2008637139700713,ecb_daily,ECB reference rate: 1 EUR = 4.9785 RON
RON,2025-05-06,0.19654088050314464,ecb_daily,ECB reference rate: 1 EUR = 5.088 RON
RON,2025-05-07,0.19573302016050106,ecb_daily,ECB reference rate: 1 EUR = 5.109 RON
RON,2025-05-08,0.19535828709853872,ecb_daily,ECB reference rate: 1 EUR = 5.1188 RON
RON,2025-05-09,0.1953850061546277,ecb_daily,ECB reference rate: 1 EUR = 5.1181 RON
RON,2025-05-12,0.19599772642637345,ecb_daily,ECB reference rate: 1 EUR = 5.1021 RON
RON,2025-05-13,0.1959631589261219,ecb_daily,ECB reference rate: 1 EUR = 5.103 RON
RON,2025-05-14,0.19591324961307133,ecb_daily,ECB reference rate: 1 EUR = 5.1043 RON
RON,2025-05-15,0.1958825488237253,ecb_daily,ECB reference rate: 1 EUR = 5.1051 RON
RON,2025-05-16,0.19592092631413963,ecb_daily,ECB reference rate: 1 EUR = 5.1041 RON
RON,2025-05-19,0.19836153373137883,ecb_daily,ECB reference rate: 1 EUR = 5.0413 RON
RON,2025-05-20,0.1971103620917352,ecb_daily,ECB reference rate: 1 EUR = 5.0733 RON
RON,2025-05-21,0.19720365221163896,ecb_daily,ECB reference rate: 1 EUR = 5.0709 RON
RON,2025-05-22,0.1977026946877286,ecb_daily,ECB reference rate: 1 EUR = 5.0581 RON
RON,2025-05-23,0.19795316428133103,ecb_daily,ECB reference rate: 1 EUR = 5.0517 RON
RON,2025-05-26,0.1975347661188369,ecb_daily,ECB reference rate: 1 EUR = 5.0624 RON
RON,2025-05-27,0.19759721783117293,ecb_daily,ECB reference rate: 1 EUR = 5.0608 RON
RON,2025-05-28,0.19797667834729069,ecb_daily,ECB reference rate: 1 EUR = 5.0511 RON
RON,2025-05-29,0.19763236427597383,ecb_daily,ECB reference rate: 1 EUR = 5.0599 RON
RON,2025-05-30,0.19758160120129611,ecb_daily,ECB reference rate: 1 EUR = 5.0612 RON
RON,2025-06-02,0.1978356776861139,ecb_daily,ECB reference rate: 1 EUR = 5.0547 RON
RON,2025-06-03,0.19767533802482803,ecb_daily,ECB reference rate: 1 EUR = 5.0588 RON
RON,2025-06-04,0.19790223629527015,ecb_daily,ECB reference rate: 1 EUR = 5.053 RON
RON,2025-06-05,0.198000198000198,ecb_daily,ECB reference rate: 1 EUR = 5.0505 RON
RON,2025-06-06,0.19820819789106475,ecb_daily,ECB reference rate: 1 EUR = 5.0452 RON
RON,2025-06-09,0.1983930165658169,ecb_daily,ECB reference rate: 1 EUR = 5.0405 RON
RON,2025-06-10,0.19859789883423032,ecb_daily,ECB reference rate: 1 EUR = 5.0353 RON
RON,2025-06-11,0.19891392994251386,ecb_daily,ECB reference rate: 1 EUR = 5.0273 RON
RON,2025-06-12,0.1988862370723946,ecb_daily,ECB reference rate: 1 EUR = 5.028 RON
RON,2025-06-13,0.19868865487780646,ecb_daily,ECB reference rate: 1 EUR = 5.033 RON
RON,2025-06-16,0.1990049751243781,ecb_daily,ECB reference rate: 1 EUR = 5.025 RON
RON,2025-06-17,0.1988862370723946,ecb_daily,ECB reference rate: 1 EUR = 5.028 RON
RON,2025-06-18,0.19879925251481056,ecb_daily,ECB reference rate: 1 EUR = 5.0302 RON
RON,2025-06-19,0.1987913486005089,ecb_daily,ECB reference rate: 1 EUR = 5.0304 RON
RON,2025-06-20,0.19879530047909666,ecb_daily,ECB reference rate: 1 EUR = 5.0303 RON
RON,2025-06-23,0.1982121266179065,ecb_daily,ECB reference rate: 1 EUR = 5.0451 RON
RON,2025-06-24,0.19807079050052487,ecb_daily,ECB reference rate: 1 EUR = 5.0487 RON
RON,2025-06-25,0.19769878612945316,ecb_daily,ECB reference rate: 1 EUR = 5.0582 RON
RON,2025-06-26,0.1971686580701132,ecb_daily,ECB reference rate: 1 EUR = 5.0718 RON
RON,2025-06-27,0.19678841309823678,ecb_daily,ECB reference rate: 1 EUR = 5.0816 RON
RON,2025-06-30,0.19690853598503494,ecb_daily,ECB reference rate: 1 EUR = 5.0785 RON
RON,2025-07-01,0.19709093775868183,ecb_daily,ECB reference rate: 1 EUR = 5.0738 RON
RON,2025-07-02,0.1974684544144073,ecb_daily,ECB reference rate: 1 EUR = 5.0641 RON
RON,2025-07-03,0.197612836929887,ecb_daily,ECB reference rate: 1 EUR = 5.0604 RON
RON,2025-07-04,0.1977105122679373,ecb_daily,ECB reference rate: 1 EUR = 5.0579 RON
RON,2025-07-07,0.19741387819563716,ecb_daily,ECB reference rate: 1 EUR = 5.0655 RON
RON,2025-07-08,0.1972853535353535,ecb_daily,ECB reference rate: 1 EUR = 5.0688 RON
RON,2025-07-09,0.19695895375403763,ecb_daily,ECB reference rate: 1 EUR = 5.0772 RON
RON,2025-07-10,0.19694731659281142,ecb_daily,ECB reference rate: 1 EUR = 5.0775 RON
RON,2025-07-11,0.19690465876422636,ecb_daily,ECB reference rate: 1 EUR = 5.0786 RON
RON,2025-07-14,0.19687752249325693,ecb_daily,ECB reference rate: 1 EUR = 5.0793 RON
RON,2025-07-15,0.1968930280178779,ecb_daily,ECB reference rate: 1 EUR = 5.0789 RON
RON,2025-07-16,0.19712201852946973,ecb_daily,ECB reference rate: 1 EUR = 5.073 RON
RON,2025-07-17,0.19710647691883154,ecb_daily,ECB reference rate: 1 EUR = 5.0734 RON
RON,2025-07-18,0.19712979025390318,ecb_daily,ECB reference rate: 1 EUR = 5.0728 RON
RON,2025-07-21,0.1972503303943034,ecb_daily,ECB reference rate: 1 EUR = 5.0697 RON
RON,2025-07-22,0.1972425491627054,ecb_daily,ECB reference rate: 1 EUR = 5.0699 RON
RON,2025-07-23,0.19727756954034326,ecb_daily,ECB reference rate: 1 EUR = 5.069 RON
RON,2025-07-24,0.19719976336028397,ecb_daily,ECB reference rate: 1 EUR = 5.071 RON
RON,2025-07-25,0.19721143037450448,ecb_daily,ECB reference rate: 1 EUR = 5.0707 RON
RON,2025-07-28,0.1972347685449991,ecb_daily,ECB reference rate: 1 EUR = 5.0701 RON
RON,2025-07-29,0.19697447210841473,ecb_daily,ECB reference rate: 1 EUR = 5.0768 RON
RON,2025-07-30,0.1971181328970452,ecb_daily,ECB reference rate: 1 EUR = 5.0731 RON
RON,2025-07-31,0.19701716019465293,ecb_daily,ECB reference rate: 1 EUR = 5.0757 RON
RON,2025-08-01,0.19704433497536944,ecb_daily,ECB reference rate: 1 EUR = 5.075 RON
RON,2025-08-04,0.1970948223190177,ecb_daily,ECB reference rate: 1 EUR = 5.0737 RON
RON,2025-08-05,0.19705210057539213,ecb_daily,ECB reference rate: 1 EUR = 5.0748 RON
RON,2025-08-06,0.19701327869498403,ecb_daily,ECB reference rate: 1 EUR = 5.0758 RON
RON,2025-08-07,0.19711424741780337,ecb_daily,ECB reference rate: 1 EUR = 5.0732 RON
RON,2025-08-08,0.1971453355413611,ecb_daily,ECB reference rate: 1 EUR = 5.0724 RON
RON,2025-08-11,0.19747235387045814,ecb_daily,ECB reference rate: 1 EUR = 5.064 RON
RON,2025-08-12,0.19743726430926575,ecb_daily,ECB reference rate: 1 EUR = 5.0649 RON
RON,2025-08-13,0.19750745590646046,ecb_daily,ECB reference rate: 1 EUR = 5.0631 RON
RON,2025-08-14,0.19748795323485266,ecb_daily,ECB reference rate: 1 EUR = 5.0636 RON
RON,2025-08-15,0.1975230608173504,ecb_daily,ECB reference rate: 1 EUR = 5.0627 RON
RON,2025-08-18,0.19763236427597383,ecb_daily,ECB reference rate: 1 EUR = 5.0599 RON
RON,2025-08-19,0.1977105122679373,ecb_daily,ECB reference rate: 1 EUR = 5.0579 RON
RON,2025-08-20,0.19768706138183254,ecb_daily,ECB reference rate: 1 EUR = 5.0585 RON
RON,2025-08-21,0.19780828421094276,ecb_daily,ECB reference rate: 1 EUR = 5.0554 RON
RON,2025-08-22,0.19789048740427048,ecb_daily,ECB reference rate: 1 EUR = 5.0533 RON
RON,2025-08-25,0.19786699380676312,ecb_daily,ECB reference rate: 1 EUR = 5.0539 RON
RON,2025-08-26,0.19771442128988886,ecb_daily,ECB reference rate: 1 EUR = 5.0578 RON
RON,2025-08-27,0.19737101803971105,ecb_daily,ECB reference rate: 1 EUR = 5.0666 RON
RON,2025-08-28,0.1973048162105637,ecb_daily,ECB reference rate: 1 EUR = 5.0683 RON
RON,2025-08-29,0.19712979025390318,ecb_daily,ECB reference rate: 1 EUR = 5.0728 RON
RON,2025-09-01,0.1970948223190177,ecb_daily,ECB reference rate: 1 EUR = 5.0737 RON
RON,2025-09-02,0.19676518043367044,ecb_daily,ECB reference rate: 1 EUR = 5.0822 RON
RON,2025-09-03,0.19695119549375664,ecb_daily,ECB reference rate: 1 EUR = 5.0774 RON
RON,2025-09-04,0.19697447210841473,ecb_daily,ECB reference rate: 1 EUR = 5.0768 RON
RON,2025-09-05,0.19690465876422636,ecb_daily,ECB reference rate: 1 EUR = 5.0786 RON
RON,2025-09-08,0.19715699611600718,ecb_daily,ECB reference rate: 1 EUR = 5.0721 RON
RON,2025-09-09,0.19709093775868183,ecb_daily,ECB reference rate: 1 EUR = 5.0738 RON
RON,2025-09-10,0.19705986678753004,ecb_daily,ECB reference rate: 1 EUR = 5.0746 RON
RON,2025-09-11,0.19720365221163896,ecb_daily,ECB reference rate: 1 EUR = 5.0709 RON
RON,2025-09-12,0.1972581122398659,ecb_daily,ECB reference rate: 1 EUR = 5.0695 RON
RON,2025-09-15,0.19755037534571315,ecb_daily,ECB reference rate: 1 EUR = 5.062 RON
RON,2025-09-16,0.19751525805368464,ecb_daily,ECB reference rate: 1 EUR = 5.0629 RON
RON,2025-09-17,0.19736322728349254,ecb_daily,ECB reference rate: 1 EUR = 5.0668 RON
RON,2025-09-18,0.19727756954034326,ecb_daily,ECB reference rate: 1 EUR = 5.069 RON
RON,2025-09-19,0.19704433497536944,ecb_daily,ECB reference rate: 1 EUR = 5.075 RON
RON,2025-09-22,0.1970482176988709,ecb_daily,ECB reference rate: 1 EUR = 5.0749 RON
RON,2025-09-23,0.19695895375403763,ecb_daily,ECB reference rate: 1 EUR = 5.0772 RON
RON,2025-09-24,0.1970093973482535,ecb_daily,ECB reference rate: 1 EUR = 5.0759 RON
RON,2025-09-25,0.19697835207910652,ecb_daily,ECB reference rate: 1 EUR = 5.0767 RON
RON,2025-09-26,0.1969201685636643,ecb_daily,ECB reference rate: 1 EUR = 5.0782 RON
RON,2025-09-29,0.1969162908847449,ecb_daily,ECB reference rate: 1 EUR = 5.0783 RON
RON,2025-09-30,0.19682714640003152,ecb_daily,ECB reference rate: 1 EUR = 5.0806 RON
RON,2025-10-01,0.19676905216347573,ecb_daily,ECB reference rate: 1 EUR = 5.0821 RON
RON,2025-10-02,0.19677292404565133,ecb_daily,ECB reference rate: 1 EUR = 5.082 RON
RON,2025-10-03,0.19644821625019646,ecb_daily,ECB reference rate: 1 EUR = 5.0904 RON
RON,2025-10-06,0.19652156824211459,ecb_daily,ECB reference rate: 1 EUR = 5.0885 RON
RON,2025-10-07,0.19639034545061765,ecb_daily,ECB reference rate: 1 EUR = 5.0919 RON
RON,2025-10-08,0.1962400408179285,ecb_daily,ECB reference rate: 1 EUR = 5.0958 RON
RON,2025-10-09,0.19629011679261948,ecb_daily,ECB reference rate: 1 EUR = 5.0945 RON
RON,2025-10-10,0.19635563933396166,ecb_daily,ECB reference rate: 1 EUR = 5.0928 RON
RON,2025-10-13,0.1965563330450507,ecb_daily,ECB reference rate: 1 EUR = 5.0876 RON
RON,2025-10-14,0.19645207551617783,ecb_daily,ECB reference rate: 1 EUR = 5.0903 RON
RON,2025-10-15,0.1965022597759874,ecb_daily,ECB reference rate: 1 EUR = 5.089 RON
RON,2025-10-16,0.1965563330450507,ecb_daily,ECB reference rate: 1 EUR = 5.0876 RON
RON,2025-10-17,0.196513844400338,ecb_daily,ECB reference rate: 1 EUR = 5.0887 RON
RON,2025-10-20,0.19652156824211459,ecb_daily,ECB reference rate: 1 EUR = 5.0885 RON
RON,2025-10-21,0.19670325347181242,ecb_daily,ECB reference rate: 1 EUR = 5.0838 RON
RON,2025-10-22,0.19673034172060358,ecb_daily,ECB reference rate: 1 EUR = 5.0831 RON
RON,2025-10-23,0.1967613088562265,ecb_daily,ECB reference rate: 1 EUR = 5.0823 RON
RON,2025-10-24,0.1967187315576189,ecb_daily,ECB reference rate: 1 EUR = 5.0834 RON
RON,2025-10-27,0.19669551534225022,ecb_daily,ECB reference rate: 1 EUR = 5.084 RON
RON,2025-10-28,0.1967148618078096,ecb_daily,ECB reference rate: 1 EUR = 5.0835 RON
RON,2025-10-29,0.1966916465057729,ecb_daily,ECB reference rate: 1 EUR = 5.0841 RON
RON,2025-10-30,0.19663749877101563,ecb_daily,ECB reference rate: 1 EUR = 5.0855 RON
RON,2025-10-31,0.1966258995634905,ecb_daily,ECB reference rate: 1 EUR = 5.0858 RON
RON,2025-11-03,0.1966336322164543,ecb_daily,ECB reference rate: 1 EUR = 5.0856 RON
RON,2025-11-04,0.1966143017243074,ecb_daily,ECB reference rate: 1 EUR = 5.0861 RON
RON,2025-11-05,0.196645232336342,ecb_daily,ECB reference rate: 1 EUR = 5.0853 RON
RON,2025-11-06,0.19665683382497542,ecb_daily,ECB reference rate: 1 EUR = 5.085 RON
RON,2025-11-07,0.19663749877101563,ecb_daily,ECB reference rate: 1 EUR = 5.0855 RON
RON,2025-11-10,0.19664909934712496,ecb_daily,ECB reference rate: 1 EUR = 5.0852 RON
RON,2025-11-11,0.19669551534225022,ecb_daily,ECB reference rate: 1 EUR = 5.084 RON
RON,2025-11-12,0.1967071227649153,ecb_daily,ECB reference rate: 1 EUR = 5.0837 RON
RON,2025-11-13,0.1967071227649153,ecb_daily,ECB reference rate: 1 EUR = 5.0837 RON
RON,2025-11-14,0.1966529665099998,ecb_daily,ECB reference rate: 1 EUR = 5.0851 RON
RON,2025-11-17,0.19669551534225022,ecb_daily,ECB reference rate: 1 EUR = 5.084 RON
RON,2025-11-18,0.19657951641438964,ecb_daily,ECB reference rate: 1 EUR = 5.087 RON
RON,2025-11-19,0.19654474341083747,ecb_daily,ECB reference rate: 1 EUR = 5.0879 RON
RON,2025-11-20,0.196513844400338,ecb_daily,ECB reference rate: 1 EUR = 5.0887 RON
RON,2025-11-21,0.19647909462433197,ecb_daily,ECB reference rate: 1 EUR = 5.0896 RON
RON,2025-11-24,0.19654860647038014,ecb_daily,ECB reference rate: 1 EUR = 5.0878 RON
RON,2025-11-25,0.1965370177472927,ecb_daily,ECB reference rate: 1 EUR = 5.0881 RON
RON,2025-11-26,0.19644821625019646,ecb_daily,ECB reference rate: 1 EUR = 5.0904 RON
RON,2025-11-27,0.19642120563336019,ecb_daily,ECB reference rate: 1 EUR = 5.0911 RON
RON,2025-11-28,0.1964289221945039,ecb_daily,ECB reference rate: 1 EUR = 5.0909 RON
RON,2025-12-01,0.19647137412079058,ecb_daily,ECB reference rate: 1 EUR = 5.0898 RON
RON,2025-12-02,0.19649067651739927,ecb_daily,ECB reference rate: 1 EUR = 5.0893 RON
RON,2025-12-03,0.19639805958717127,ecb_daily,ECB reference rate: 1 EUR = 5.0917 RON
RON,2025-12-04,0.19636720667648502,ecb_daily,ECB reference rate: 1 EUR = 5.0925 RON
RON,2025-12-05,0.19635563933396166,ecb_daily,ECB reference rate: 1 EUR = 5.0928 RON
RON,2025-12-08,0.19649067651739927,ecb_daily,ECB reference rate: 1 EUR = 5.0893 RON
RON,2025-12-09,0.1964752342967169,ecb_daily,ECB reference rate: 1 EUR = 5.0897 RON
RON,2025-12-10,0.19656019656019655,ecb_daily,ECB reference rate: 1 EUR = 5.0875 RON
RON,2025-12-11,0.19646751409654414,ecb_daily,ECB reference rate: 1 EUR = 5.0899 RON
RON,2025-12-12,0.19644821625019646,ecb_daily,ECB reference rate: 1 EUR = 5.0904 RON
RON,2025-12-15,0.19635178385595634,ecb_daily,ECB reference rate: 1 EUR = 5.0929 RON
RON,2025-12-16,0.19635178385595634,ecb_daily,ECB reference rate: 1 EUR = 5.0929 RON
RON,2025-12-17,0.19638263192003297,ecb_daily,ECB reference rate: 1 EUR = 5.0921 RON
RON,2025-12-18,0.1964366393619738,ecb_daily,ECB reference rate: 1 EUR = 5.0907 RON
RON,2025-12-19,0.19647909462433197,ecb_daily,ECB reference rate: 1 EUR = 5.0896 RON
RON,2025-12-22,0.19654088050314464,ecb_daily,ECB reference rate: 1 EUR = 5.088 RON
RON,2025-12-23,0.1964868157346642,ecb_daily,ECB reference rate: 1 EUR = 5.0894 RON
RON,2025-12-24,0.19646751409654414,ecb_daily,ECB reference rate: 1 EUR = 5.0899 RON
RON,2025-12-29,0.19628241113313838,ecb_daily,ECB reference rate: 1 EUR = 5.0947 RON
RON,2025-12-30,0.19619768879122604,ecb_daily,ECB reference rate: 1 EUR = 5.0969 RON
RON,2025-12-31,0.19620153822005965,ecb_daily,ECB reference rate: 1 EUR = 5.0968 RON
RON,2026-01-02,0.19648295510364475,ecb_daily,ECB reference rate: 1 EUR = 5.0895 RON
RON,2026-01-05,0.19656019656019655,ecb_daily,ECB reference rate: 1 EUR = 5.0875 RON
RON,2026-01-06,0.1964983985380519,ecb_daily,ECB reference rate: 1 EUR = 5.0891 RON
RON,2026-01-07,0.19652156824211459,ecb_daily,ECB reference rate: 1 EUR = 5.0885 RON
RON,2026-01-08,0.1965292926910756,ecb_daily,ECB reference rate: 1 EUR = 5.0883 RON
RON,2026-01-09,0.19645593493379435,ecb_daily,ECB reference rate: 1 EUR = 5.0902 RON
RON,2026-01-12,0.19649453745185885,ecb_daily,ECB reference rate: 1 EUR = 5.0892 RON
RON,2026-01-13,0.19648295510364475,ecb_daily,ECB reference rate: 1 EUR = 5.0895 RON
RON,2026-01-14,0.1964752342967169,ecb_daily,ECB reference rate: 1 EUR = 5.0897 RON
RON,2026-01-15,0.19649453745185885,ecb_daily,ECB reference rate: 1 EUR = 5.0892 RON
RON,2026-01-16,0.19643278070244363,ecb_daily,ECB reference rate: 1 EUR = 5.0908 RON
RON,2026-01-19,0.1963864886095837,ecb_daily,ECB reference rate: 1 EUR = 5.092 RON
RON,2026-01-20,0.19637106276019167,ecb_daily,ECB reference rate: 1 EUR = 5.0924 RON
RON,2026-01-21,0.19628241113313838,ecb_daily,ECB reference rate: 1 EUR = 5.0947 RON
RON,2026-01-22,0.19637491899534593,ecb_daily,ECB reference rate: 1 EUR = 5.0923 RON
RON,2026-01-23,0.19629011679261948,ecb_daily,ECB reference rate: 1 EUR = 5.0945 RON
RON,2026-01-26,0.19621308741293045,ecb_daily,ECB reference rate: 1 EUR = 5.0965 RON
RON,2026-01-27,0.19621308741293045,ecb_daily,ECB reference rate: 1 EUR = 5.0965 RON
RON,2026-01-28,0.19621308741293045,ecb_daily,ECB reference rate: 1 EUR = 5.0965 RON
RON,2026-01-29,0.19621308741293045,ecb_daily,ECB reference rate: 1 EUR = 5.0965 RON
RON,2026-01-30,0.19621693744604035,ecb_daily,ECB reference rate: 1 EUR = 5.0964 RON
RON,2026-02-02,0.19623233908948196,ecb_daily,ECB reference rate: 1 EUR = 5.096 RON
RON,2026-02-03,0.19626700162901609,ecb_daily,ECB reference rate: 1 EUR = 5.0951 RON
RON,2026-02-04,0.19627470607862765,ecb_daily,ECB reference rate: 1 EUR = 5.0949 RON
RON,2026-02-05,0.1963286541670757,ecb_daily,ECB reference rate: 1 EUR = 5.0935 RON
RON,2026-02-06,0.1963864886095837,ecb_daily,ECB reference rate: 1 EUR = 5.092 RON
RON,2026-02-09,0.19637491899534593,ecb_daily,ECB reference rate: 1 EUR = 5.0923 RON
RON,2026-02-10,0.1964173475801383,ecb_daily,ECB reference rate: 1 EUR = 5.0912 RON
RON,2026-02-11,0.1964173475801383,ecb_daily,ECB reference rate: 1 EUR = 5.0912 RON
RON,2026-02-12,0.19635563933396166,ecb_daily,ECB reference rate: 1 EUR = 5.0928 RON
RON,2026-02-13,0.19628626388725318,ecb_daily,ECB reference rate: 1 EUR = 5.0946 RON
RON,2026-02-16,0.19625544608862897,ecb_daily,ECB reference rate: 1 EUR = 5.0954 RON
RON,2026-02-17,0.19620538779994898,ecb_daily,ECB reference rate: 1 EUR = 5.0967 RON
RON,2026-02-18,0.19635178385595634,ecb_daily,ECB reference rate: 1 EUR = 5.0929 RON
RON,2026-02-19,0.19619383951343927,ecb_daily,ECB reference rate: 1 EUR = 5.097 RON
RON,2026-02-20,0.1961630507277649,ecb_daily,ECB reference rate: 1 EUR = 5.0978 RON
RON,2026-02-23,0.19619768879122604,ecb_daily,ECB reference rate: 1 EUR = 5.0969 RON
RON,2026-02-24,0.19628241113313838,ecb_daily,ECB reference rate: 1 EUR = 5.0947 RON
RON,2026-02-25,0.19630552992677802,ecb_daily,ECB reference rate: 1 EUR = 5.0941 RON
RON,2026-02-26,0.19627470607862765,ecb_daily,ECB reference rate: 1 EUR = 5.0949 RON
RON,2026-02-27,0.19624389190886435,ecb_daily,ECB reference rate: 1 EUR = 5.0957 RON
RON,2026-03-02,0.19617074701820464,ecb_daily,ECB reference rate: 1 EUR = 5.0976 RON
RON,2026-03-03,0.19615150742433457,ecb_daily,ECB reference rate: 1 EUR = 5.0981 RON
RON,2026-03-04,0.19636720667648502,ecb_daily,ECB reference rate: 1 EUR = 5.0925 RON
RON,2026-03-05,0.19633636345787603,ecb_daily,ECB reference rate: 1 EUR = 5.0933 RON
RON,2026-03-06,0.19626700162901609,ecb_daily,ECB reference rate: 1 EUR = 5.0951 RON
RON,2026-03-09,0.1961592028089998,ecb_daily,ECB reference rate: 1 EUR = 5.0979 RON
RON,2026-03-10,0.19632479974870423,ecb_daily,ECB reference rate: 1 EUR = 5.0936 RON
RON,2026-03-11,0.1964366393619738,ecb_daily,ECB reference rate: 1 EUR = 5.0907 RON
RON,2026-03-12,0.19632479974870423,ecb_daily,ECB reference rate: 1 EUR = 5.0936 RON
RON,2026-03-13,0.19628241113313838,ecb_daily,ECB reference rate: 1 EUR = 5.0947 RON
RON,2026-03-16,0.19628241113313838,ecb_daily,ECB reference rate: 1 EUR = 5.0947 RON
RON,2026-03-17,0.1964057743297653,ecb_daily,ECB reference rate: 1 EUR = 5.0915 RON
RON,2026-03-18,0.19631709136597433,ecb_daily,ECB reference rate: 1 EUR = 5.0938 RON
RON,2026-03-19,0.19618614141097074,ecb_daily,ECB reference rate: 1 EUR = 5.0972 RON
RON,2026-03-20,0.19623233908948196,ecb_daily,ECB reference rate: 1 EUR = 5.096 RON
RON,2026-03-23,0.19624389190886435,ecb_daily,ECB reference rate: 1 EUR = 5.0957 RON
RON,2026-03-24,0.19626700162901609,ecb_daily,ECB reference rate: 1 EUR = 5.0951 RON
RON,2026-03-25,0.19628241113313838,ecb_daily,ECB reference rate: 1 EUR = 5.0947 RON
RON,2026-03-26,0.19618229258627118,ecb_daily,ECB reference rate: 1 EUR = 5.0973 RON
TRY,2024-01-02,0.03070460937595952,ecb_daily,ECB reference rate: 1 EUR = 32.5684 TRY
TRY,2024-01-03,0.030752387922922213,ecb_daily,ECB reference rate: 1 EUR = 32.5178 TRY
TRY,2024-01-04,0.030666662577778322,ecb_daily,ECB reference rate: 1 EUR = 32.6087 TRY
TRY,2024-01-05,0.03068538884524745,ecb_daily,ECB reference rate: 1 EUR = 32.5888 TRY
TRY,2024-01-08,0.030560852770035694,ecb_daily,ECB reference rate: 1 EUR = 32.7216 TRY
TRY,2024-01-09,0.030531274711250465,ecb_daily,ECB reference rate: 1 EUR = 32.7533 TRY
TRY,2024-01-10,0.03047972031808636,ecb_daily,ECB reference rate: 1 EUR = 32.8087 TRY
TRY,2024-01-11,0.030341923131771937,ecb_daily,ECB reference rate: 1 EUR = 32.9577 TRY
TRY,2024-01-12,0.030366985013892893,ecb_daily,ECB reference rate: 1 EUR = 32.9305 TRY
TRY,2024-01-15,0.03035408034725068,ecb_daily,ECB reference rate: 1 EUR = 32.9445 TRY
TRY,2024-01-16,0.030522794422875005,ecb_daily,ECB reference rate: 1 EUR = 32.7624 TRY
TRY,2024-01-17,0.030506127155639214,ecb_daily,ECB reference rate: 1 EUR = 32.7803 TRY
TRY,2024-01-18,0.0305008235222351,ecb_daily,ECB reference rate: 1 EUR = 32.786 TRY
TRY,2024-01-19,0.030422322683492237,ecb_daily,ECB reference rate: 1 EUR = 32.8706 TRY
TRY,2024-01-22,0.030363665623168692,ecb_daily,ECB reference rate: 1 EUR = 32.9341 TRY
TRY,2024-01-23,0.030376209352834863,ecb_daily,ECB reference rate: 1 EUR = 32.9205 TRY
TRY,2024-01-24,0.03039790862388668,ecb_daily,ECB reference rate: 1 EUR = 32.897 TRY
TRY,2024-01-25,0.030312950905144718,ecb_daily,ECB reference rate: 1 EUR = 32.9892 TRY
TRY,2024-01-26,0.03035408034725068,ecb_daily,ECB reference rate: 1 EUR = 32.9445 TRY
TRY,2024-01-29,0.030440566316295745,ecb_daily,ECB reference rate: 1 EUR = 32.8509 TRY
TRY,2024-01-30,0.03036901388775005,ecb_daily,ECB reference rate: 1 EUR = 32.9283 TRY
TRY,2024-01-31,0.03039661503294993,ecb_daily,ECB reference rate: 1 EUR = 32.8984 TRY
TRY,2024-02-01,0.030452246309949055,ecb_daily,ECB reference rate: 1 EUR = 32.8383 TRY
TRY,2024-02-02,0.030171828563670098,ecb_daily,ECB reference rate: 1 EUR = 33.1435 TRY
TRY,2024-02-05,0.030458739069120017,ecb_daily,ECB reference rate: 1 EUR = 32.8313 TRY
TRY,2024-02-06,0.0304576258280667,ecb_daily,ECB reference rate: 1 EUR = 32.8325 TRY
TRY,2024-02-07,0.030326924243343243,ecb_daily,ECB reference rate: 1 EUR = 32.974 TRY
TRY,2024-02-08,0.03037270344396084,ecb_daily,ECB reference rate: 1 EUR = 32.9243 TRY
TRY,2024-02-09,0.030255629816318075,ecb_daily,ECB reference rate: 1 EUR = 33.0517 TRY
TRY,2024-02-12,0.03023248783142365,ecb_daily,ECB reference rate: 1 EUR = 33.077 TRY
TRY,2024-02-13,0.03015645167127055,ecb_daily,ECB reference rate: 1 EUR = 33.1604 TRY
TRY,2024-02-14,0.03035666040307574,ecb_daily,ECB reference rate: 1 EUR = 32.9417 TRY
TRY,2024-02-15,0.030280365907941628,ecb_daily,ECB reference rate: 1 EUR = 33.0247 TRY
TRY,2024-02-16,0.03012492807673422,ecb_daily,ECB reference rate: 1 EUR = 33.1951 TRY
TRY,2024-02-19,0.03006253006253006,ecb_daily,ECB reference rate: 1 EUR = 33.264 TRY
TRY,2024-02-20,0.029955815172620383,ecb_daily,ECB reference rate: 1 EUR = 33.3825 TRY
TRY,2024-02-21,0.02983747527219237,ecb_daily,ECB reference rate: 1 EUR = 33.5149 TRY
TRY,2024-02-22,0.029753846428497047,ecb_daily,ECB reference rate: 1 EUR = 33.6091 TRY
TRY,2024-02-23,0.029687509277346653,ecb_daily,ECB reference rate: 1 EUR = 33.6842 TRY
TRY,2024-02-26,0.029608399310716463,ecb_daily,ECB reference rate: 1 EUR = 33.7742 TRY
TRY,2024-02-27,0.029574249109815102,ecb_daily,ECB reference rate: 1 EUR = 33.8132 TRY
TRY,2024-02-28,0.029665931940418944,ecb_daily,ECB reference rate: 1 EUR = 33.7087 TRY
TRY,2024-02-29,0.02957993533826135,ecb_daily,ECB reference rate: 1 EUR = 33.8067 TRY
TRY,2024-03-01,0.029503398791540788,ecb_daily,ECB reference rate: 1 EUR = 33.8944 TRY
TRY,2024-03-04,0.02924523887511113,ecb_daily,ECB reference rate: 1 EUR = 34.1936 TRY
TRY,2024-03-05,0.02911428521518368,ecb_daily,ECB reference rate: 1 EUR = 34.3474 TRY
TRY,2024-03-06,0.02897097976956483,ecb_daily,ECB reference rate: 1 EUR = 34.5173 TRY
TRY,2024-03-07,0.02882434157997746,ecb_daily,ECB reference rate: 1 EUR = 34.6929 TRY
TRY,2024-03-08,0.028617134222944648,ecb_daily,ECB reference rate: 1 EUR = 34.9441 TRY
TRY,2024-03-11,0.028600028600028596,ecb_daily,ECB reference rate: 1 EUR = 34.965 TRY
TRY,2024-03-12,0.02857975752933712,ecb_daily,ECB reference rate: 1 EUR = 34.9898 TRY
TRY,2024-03-13,0.028478993894103712,ecb_daily,ECB reference rate: 1 EUR = 35.1136 TRY
TRY,2024-03-14,0.028494412245758608,ecb_daily,ECB reference rate: 1 EUR = 35.0946 TRY
TRY,2024-03-15,0.028496767041779107,ecb_daily,ECB reference rate: 1 EUR = 35.0917 TRY
TRY,2024-03-18,0.028423221772187878,ecb_daily,ECB reference rate: 1 EUR = 35.1825 TRY
TRY,2024-03-19,0.028485483797456815,ecb_daily,ECB reference rate: 1 EUR = 35.1056 TRY
TRY,2024-03-20,0.028470480382415495,ecb_daily,ECB reference rate: 1 EUR = 35.1241 TRY
TRY,2024-03-21,0.02861680665054587,ecb_daily,ECB reference rate: 1 EUR = 34.9445 TRY
TRY,2024-03-22,0.028884286659214522,ecb_daily,ECB reference rate: 1 EUR = 34.6209 TRY
TRY,2024-03-25,0.02870824385930664,ecb_daily,ECB reference rate: 1 EUR = 34.8332 TRY
TRY,2024-03-26,0.02860886531518387,ecb_daily,ECB reference rate: 1 EUR = 34.9542 TRY
TRY,2024-03-27,0.02865288462916004,ecb_daily,ECB reference rate: 1 EUR = 34.9005 TRY
TRY,2024-03-28,0.02861336759307213,ecb_daily,ECB reference rate: 1 EUR = 34.9487 TRY
TRY,2024-04-02,0.02889897784315369,ecb_daily,ECB reference rate: 1 EUR = 34.6033 TRY
TRY,2024-04-03,0.029034487163853224,ecb_daily,ECB reference rate: 1 EUR = 34.4418 TRY
TRY,2024-04-04,0.028896305607328105,ecb_daily,ECB reference rate: 1 EUR = 34.6065 TRY
TRY,2024-04-05,0.028875695904271293,ecb_daily,ECB reference rate: 1 EUR = 34.6312 TRY
TRY,2024-04-08,0.028695969077223722,ecb_daily,ECB reference rate: 1 EUR = 34.8481 TRY
TRY,2024-04-09,0.028585476291205968,ecb_daily,ECB reference rate: 1 EUR = 34.9828 TRY
TRY,2024-04-10,0.02854459665057703,ecb_daily,ECB reference rate: 1 EUR = 35.0329 TRY
TRY,2024-04-11,0.028873694908990114,ecb_daily,ECB reference rate: 1 EUR = 34.6336 TRY
TRY,2024-04-12,0.029041570103446074,ecb_daily,ECB reference rate: 1 EUR = 34.4334 TRY
TRY,2024-04-15,0.02896107920565552,ecb_daily,ECB reference rate: 1 EUR = 34.5291 TRY
TRY,2024-04-16,0.02892514173319449,ecb_daily,ECB reference rate: 1 EUR = 34.572 TRY
TRY,2024-04-17,0.028897224132649814,ecb_daily,ECB reference rate: 1 EUR = 34.6054 TRY
TRY,2024-04-18,0.028815537337732507,ecb_daily,ECB reference rate: 1 EUR = 34.7035 TRY
TRY,2024-04-19,0.028793218621150345,ecb_daily,ECB reference rate: 1 EUR = 34.7304 TRY
TRY,2024-04-22,0.028906496156881338,ecb_daily,ECB reference rate: 1 EUR = 34.5943 TRY
TRY,2024-04-23,0.028751577742828636,ecb_daily,ECB reference rate: 1 EUR = 34.7807 TRY
TRY,2024-04-24,0.028777226853757013,ecb_daily,ECB reference rate: 1 EUR = 34.7497 TRY
TRY,2024-04-25,0.02869646316091542,ecb_daily,ECB reference rate: 1 EUR = 34.8475 TRY
TRY,2024-04-26,0.028732659839786685,ecb_daily,ECB reference rate: 1 EUR = 34.8036 TRY
TRY,2024-04-29,0.02880989216457363,ecb_daily,ECB reference rate: 1 EUR = 34.7103 TRY
TRY,2024-04-30,0.028814707026466307,ecb_daily,ECB reference rate: 1 EUR = 34.7045 TRY
TRY,2024-05-02,0.028872944607255768,ecb_daily,ECB reference rate: 1 EUR = 34.6345 TRY
TRY,2024-05-03,0.02877846910055773,ecb_daily,ECB reference rate: 1 EUR = 34.7482 TRY
TRY,2024-05-06,0.028756538517945514,ecb_daily,ECB reference rate: 1 EUR = 34.7747 TRY
TRY,2024-05-07,0.0287845990881039,ecb_daily,ECB reference rate: 1 EUR = 34.7408 TRY
TRY,2024-05-08,0.028854699276324145,ecb_daily,ECB reference rate: 1 EUR = 34.6564 TRY
TRY,2024-05-09,0.028917530095919446,ecb_daily,ECB reference rate: 1 EUR = 34.5811 TRY
TRY,2024-05-10,0.02878269354202705,ecb_daily,ECB reference rate: 1 EUR = 34.7431 TRY
TRY,2024-05-13,0.028760260222834493,ecb_daily,ECB reference rate: 1 EUR = 34.7702 TRY
TRY,2024-05-14,0.028721684009776864,ecb_daily,ECB reference rate: 1 EUR = 34.8169 TRY
TRY,2024-05-15,0.028590625134018555,ecb_daily,ECB reference rate: 1 EUR = 34.9765 TRY
TRY,2024-05-16,0.028579512490675935,ecb_daily,ECB reference rate: 1 EUR = 34.9901 TRY
TRY,2024-05-17,0.028583515315047506,ecb_daily,ECB reference rate: 1 EUR = 34.9852 TRY
TRY,2024-05-20,0.028593895203374083,ecb_daily,ECB reference rate: 1 EUR = 34.9725 TRY
TRY,2024-05-21,0.028591687824515655,ecb_daily,ECB reference rate: 1 EUR = 34.9752 TRY
TRY,2024-05-22,0.02869004139972974,ecb_daily,ECB reference rate: 1 EUR = 34.8553 TRY
TRY,2024-05-23,0.02859414048873105,ecb_daily,ECB reference rate: 1 EUR = 34.9722 TRY
TRY,2024-05-24,0.028609110857443665,ecb_daily,ECB reference rate: 1 EUR = 34.9539 TRY
TRY,2024-05-27,0.02865329512893983,ecb_daily,ECB reference rate: 1 EUR = 34.9 TRY
TRY,2024-05-28,0.028553236081011242,ecb_daily,ECB reference rate: 1 EUR = 35.0223 TRY
TRY,2024-05-29,0.028580492670532653,ecb_daily,ECB reference rate: 1 EUR = 34.9889 TRY
TRY,2024-05-30,0.028650175625576587,ecb_daily,ECB reference rate: 1 EUR = 34.9038 TRY
TRY,2024-05-31,0.02859667535052375,ecb_daily,ECB reference rate: 1 EUR = 34.9691 TRY
TRY,2024-06-03,0.028644759154865022,ecb_daily,ECB reference rate: 1 EUR = 34.9104 TRY
TRY,2024-06-04,0.028391588140265805,ecb_daily,ECB reference rate: 1 EUR = 35.2217 TRY
TRY,2024-06-05,0.028383610168144505,ecb_daily,ECB reference rate: 1 EUR = 35.2316 TRY
TRY,2024-06-06,0.028549975304271363,ecb_daily,ECB reference rate: 1 EUR = 35.0263 TRY
TRY,2024-06-07,0.028437366699843595,ecb_daily,ECB reference rate: 1 EUR = 35.165 TRY
TRY,2024-06-10,0.028678193388529293,ecb_daily,ECB reference rate: 1 EUR = 34.8697 TRY
TRY,2024-06-11,0.028785261945883704,ecb_daily,ECB reference rate: 1 EUR = 34.74 TRY
TRY,2024-06-12,0.028689218304868848,ecb_daily,ECB reference rate: 1 EUR = 34.8563 TRY
TRY,2024-06-13,0.028709974706512285,ecb_daily,ECB reference rate: 1 EUR = 34.8311 TRY
TRY,2024-06-14,0.028667587851822975,ecb_daily,ECB reference rate: 1 EUR = 34.8826 TRY
TRY,2024-06-17,0.02841288467494239,ecb_daily,ECB reference rate: 1 EUR = 35.1953 TRY
TRY,2024-06-18,0.028589971209898993,ecb_daily,ECB reference rate: 1 EUR = 34.9773 TRY
TRY,2024-06-19,0.028591851322373123,ecb_daily,ECB reference rate: 1 EUR = 34.975 TRY
TRY,2024-06-20,0.028431302864453764,ecb_daily,ECB reference rate: 1 EUR = 35.1725 TRY
TRY,2024-06-21,0.028479561642587196,ecb_daily,ECB reference rate: 1 EUR = 35.1129 TRY
TRY,2024-06-24,0.028332384198462686,ecb_daily,ECB reference rate: 1 EUR = 35.2953 TRY
TRY,2024-06-25,0.028315777551251555,ecb_daily,ECB reference rate: 1 EUR = 35.316 TRY
TRY,2024-06-26,0.028412158130707296,ecb_daily,ECB reference rate: 1 EUR = 35.1962 TRY
TRY,2024-06-27,0.028431707039690664,ecb_daily,ECB reference rate: 1 EUR = 35.172 TRY
TRY,2024-06-28,0.028419748314708927,ecb_daily,ECB reference rate: 1 EUR = 35.1868 TRY
TRY,2024-07-01,0.028479804970295564,ecb_daily,ECB reference rate: 1 EUR = 35.1126 TRY
TRY,2024-07-02,0.0285138306335488,ecb_daily,ECB reference rate: 1 EUR = 35.0707 TRY
TRY,2024-07-03,0.02853058907107255,ecb_daily,ECB reference rate: 1 EUR = 35.0501 TRY
TRY,2024-07-04,0.028430413719380446,ecb_daily,ECB reference rate: 1 EUR = 35.1736 TRY
TRY,2024-07-05,0.028243640944241404,ecb_daily,ECB reference rate: 1 EUR = 35.4062 TRY
TRY,2024-07-08,0.02819800640094745,ecb_daily,ECB reference rate: 1 EUR = 35.4635 TRY
TRY,2024-07-09,0.02809115016405232,ecb_daily,ECB reference rate: 1 EUR = 35.5984 TRY
TRY,2024-07-10,0.028113183677485554,ecb_daily,ECB reference rate: 1 EUR = 35.5705 TRY
TRY,2024-07-11,0.02802745569559941,ecb_daily,ECB reference rate: 1 EUR = 35.6793 TRY
TRY,2024-07-12,0.02780426906747262,ecb_daily,ECB reference rate: 1 EUR = 35.9657 TRY
TRY,2024-07-15,0.027735096545871078,ecb_daily,ECB reference rate: 1 EUR = 36.0554 TRY
TRY,2024-07-16,0.02771733858114944,ecb_daily,ECB reference rate: 1 EUR = 36.0785 TRY
TRY,2024-07-17,0.02763430965349339,ecb_daily,ECB reference rate: 1 EUR = 36.1869 TRY
TRY,2024-07-18,0.02765134966237702,ecb_daily,ECB reference rate: 1 EUR = 36.1646 TRY
TRY,2024-07-19,0.02778480115807051,ecb_daily,ECB reference rate: 1 EUR = 35.9909 TRY
TRY,2024-07-22,0.027850188267272688,ecb_daily,ECB reference rate: 1 EUR = 35.9064 TRY
TRY,2024-07-23,0.02796483142799615,ecb_daily,ECB reference rate: 1 EUR = 35.7592 TRY
TRY,2024-07-24,0.028049782754432567,ecb_daily,ECB reference rate: 1 EUR = 35.6509 TRY
TRY,2024-07-25,0.027849102423428893,ecb_daily,ECB reference rate: 1 EUR = 35.9078 TRY
TRY,2024-07-26,0.02793420935013855,ecb_daily,ECB reference rate: 1 EUR = 35.7984 TRY
TRY,2024-07-29,0.028003674082039562,ecb_daily,ECB reference rate: 1 EUR = 35.7096 TRY
TRY,2024-07-30,0.027917442538923896,ecb_daily,ECB reference rate: 1 EUR = 35.8199 TRY
TRY,2024-07-31,0.027848559533258144,ecb_daily,ECB reference rate: 1 EUR = 35.9085 TRY
TRY,2024-08-01,0.02800641907125113,ecb_daily,ECB reference rate: 1 EUR = 35.7061 TRY
TRY,2024-08-02,0.027822680492684028,ecb_daily,ECB reference rate: 1 EUR = 35.9419 TRY
TRY,2024-08-05,0.027333756095427608,ecb_daily,ECB reference rate: 1 EUR = 36.5848 TRY
TRY,2024-08-06,0.02728721430286625,ecb_daily,ECB reference rate: 1 EUR = 36.6472 TRY
TRY,2024-08-07,0.027338389112759917,ecb_daily,ECB reference rate: 1 EUR = 36.5786 TRY
TRY,2024-08-08,0.027312479344937492,ecb_daily,ECB reference rate: 1 EUR = 36.6133 TRY
TRY,2024-08-09,0.027301890655927925,ecb_daily,ECB reference rate: 1 EUR = 36.6275 TRY
TRY,2024-08-12,0.027300549014040672,ecb_daily,ECB reference rate: 1 EUR = 36.6293 TRY
TRY,2024-08-13,0.027263631133976212,ecb_daily,ECB reference rate: 1 EUR = 36.6789 TRY
TRY,2024-08-14,0.027051519619114603,ecb_daily,ECB reference rate: 1 EUR = 36.9665 TRY
TRY,2024-08-15,0.02701629352662591,ecb_daily,ECB reference rate: 1 EUR = 37.0147 TRY
TRY,2024-08-16,0.02699434198591975,ecb_daily,ECB reference rate: 1 EUR = 37.0448 TRY
TRY,2024-08-19,0.026851548528803657,ecb_daily,ECB reference rate: 1 EUR = 37.2418 TRY
TRY,2024-08-20,0.026673495081407508,ecb_daily,ECB reference rate: 1 EUR = 37.4904 TRY
TRY,2024-08-21,0.026534419121763794,ecb_daily,ECB reference rate: 1 EUR = 37.6869 TRY
TRY,2024-08-22,0.02646517844146564,ecb_daily,ECB reference rate: 1 EUR = 37.7855 TRY
TRY,2024-08-23,0.026442364899347138,ecb_daily,ECB reference rate: 1 EUR = 37.8181 TRY
TRY,2024-08-26,0.026334015384331787,ecb_daily,ECB reference rate: 1 EUR = 37.9737 TRY
TRY,2024-08-27,0.026324379534374373,ecb_daily,ECB reference rate: 1 EUR = 37.9876 TRY
TRY,2024-08-28,0.02642782956164159,ecb_daily,ECB reference rate: 1 EUR = 37.8389 TRY
TRY,2024-08-29,0.02645894629892259,ecb_daily,ECB reference rate: 1 EUR = 37.7944 TRY
TRY,2024-08-30,0.02647947443539141,ecb_daily,ECB reference rate: 1 EUR = 37.7651 TRY
TRY,2024-09-02,0.026608907597907475,ecb_daily,ECB reference rate: 1 EUR = 37.5814 TRY
TRY,2024-09-03,0.02667043608830048,ecb_daily,ECB reference rate: 1 EUR = 37.4947 TRY
TRY,2024-09-04,0.026579485952741677,ecb_daily,ECB reference rate: 1 EUR = 37.623 TRY
TRY,2024-09-05,0.02651169696069906,ecb_daily,ECB reference rate: 1 EUR = 37.7192 TRY
TRY,2024-09-06,0.02649792786204119,ecb_daily,ECB reference rate: 1 EUR = 37.7388 TRY
TRY,2024-09-09,0.02659652277061297,ecb_daily,ECB reference rate: 1 EUR = 37.5989 TRY
TRY,2024-09-10,0.026616414875381945,ecb_daily,ECB reference rate: 1 EUR = 37.5708 TRY
TRY,2024-09-11,0.026626194850493914,ecb_daily,ECB reference rate: 1 EUR = 37.557 TRY
TRY,2024-09-12,0.026736538153039942,ecb_daily,ECB reference rate: 1 EUR = 37.402 TRY
TRY,2024-09-13,0.02658528026202452,ecb_daily,ECB reference rate: 1 EUR = 37.6148 TRY
TRY,2024-09-16,0.026452227277536766,ecb_daily,ECB reference rate: 1 EUR = 37.804 TRY
TRY,2024-09-17,0.026375690053991038,ecb_daily,ECB reference rate: 1 EUR = 37.9137 TRY
TRY,2024-09-18,0.026355391917855513,ecb_daily,ECB reference rate: 1 EUR = 37.9429 TRY
TRY,2024-09-19,0.026344629910639017,ecb_daily,ECB reference rate: 1 EUR = 37.9584 TRY
TRY,2024-09-20,0.02625657398971267,ecb_daily,ECB reference rate: 1 EUR = 38.0857 TRY
TRY,2024-09-23,0.02633346061172629,ecb_daily,ECB reference rate: 1 EUR = 37.9745 TRY
TRY,2024-09-24,0.026311358087059023,ecb_daily,ECB reference rate: 1 EUR = 38.0064 TRY
TRY,2024-09-25,0.026171844329869923,ecb_daily,ECB reference rate: 1 EUR = 38.209 TRY
TRY,2024-09-26,0.026245203689025828,ecb_daily,ECB reference rate: 1 EUR = 38.1022 TRY
TRY,2024-09-27,0.026223592842008096,ecb_daily,ECB reference rate: 1 EUR = 38.1336 TRY
TRY,2024-09-30,0.026130605994883628,ecb_daily,ECB reference rate: 1 EUR = 38.2693 TRY
TRY,2024-10-01,0.02637235122697364,ecb_daily,ECB reference rate: 1 EUR = 37.9185 TRY
TRY,2024-10-02,0.026390307367909916,ecb_daily,ECB reference rate: 1 EUR = 37.8927 TRY
TRY,2024-10-03,0.026522033179063504,ecb_daily,ECB reference rate: 1 EUR = 37.7045 TRY
TRY,2024-10-04,0.026471693817800623,ecb_daily,ECB reference rate: 1 EUR = 37.7762 TRY
TRY,2024-10-07,0.02658344276850606,ecb_daily,ECB reference rate: 1 EUR = 37.6174 TRY
TRY,2024-10-08,0.026568822549491073,ecb_daily,ECB reference rate: 1 EUR = 37.6381 TRY
TRY,2024-10-09,0.02664982397791263,ecb_daily,ECB reference rate: 1 EUR = 37.5237 TRY
TRY,2024-10-10,0.026736752607501798,ecb_daily,ECB reference rate: 1 EUR = 37.4017 TRY
TRY,2024-10-11,0.026668444562970864,ecb_daily,ECB reference rate: 1 EUR = 37.4975 TRY
TRY,2024-10-14,0.026729534531885663,ecb_daily,ECB reference rate: 1 EUR = 37.4118 TRY
TRY,2024-10-15,0.026772543150646422,ecb_daily,ECB reference rate: 1 EUR = 37.3517 TRY
TRY,2024-10-16,0.026824897797139396,ecb_daily,ECB reference rate: 1 EUR = 37.2788 TRY
TRY,2024-10-17,0.026941832583452327,ecb_daily,ECB reference rate: 1 EUR = 37.117 TRY
TRY,2024-10-18,0.026883888485630558,ecb_daily,ECB reference rate: 1 EUR = 37.197 TRY
TRY,2024-10-21,0.026898857605517495,ecb_daily,ECB reference rate: 1 EUR = 37.1763 TRY
TRY,2024-10-22,0.026983343182253594,ecb_daily,ECB reference rate: 1 EUR = 37.0599 TRY
TRY,2024-10-23,0.027081922816519974,ecb_daily,ECB reference rate: 1 EUR = 36.925 TRY
TRY,2024-10-24,0.02704252166105985,ecb_daily,ECB reference rate: 1 EUR = 36.9788 TRY
TRY,2024-10-25,0.026941106740664904,ecb_daily,ECB reference rate: 1 EUR = 37.118 TRY
TRY,2024-10-28,0.02695352403850041,ecb_daily,ECB reference rate: 1 EUR = 37.1009 TRY
TRY,2024-10-29,0.027064258669358656,ecb_daily,ECB reference rate: 1 EUR = 36.9491 TRY
TRY,2024-10-30,0.026964716668239606,ecb_daily,ECB reference rate: 1 EUR = 37.0855 TRY
TRY,2024-10-31,0.026832671460770632,ecb_daily,ECB reference rate: 1 EUR = 37.268 TRY
TRY,2024-11-01,0.0267552801545385,ecb_daily,ECB reference rate: 1 EUR = 37.3758 TRY
TRY,2024-11-04,0.026700273410799724,ecb_daily,ECB reference rate: 1 EUR = 37.4528 TRY
TRY,2024-11-05,0.026717108567642374,ecb_daily,ECB reference rate: 1 EUR = 37.4292 TRY
TRY,2024-11-06,0.027295779799485203,ecb_daily,ECB reference rate: 1 EUR = 36.6357 TRY
TRY,2024-11-07,0.027076863091257154,ecb_daily,ECB reference rate: 1 EUR = 36.9319 TRY
TRY,2024-11-08,0.02701943237576465,ecb_daily,ECB reference rate: 1 EUR = 37.0104 TRY
TRY,2024-11-11,0.027347061558235568,ecb_daily,ECB reference rate: 1 EUR = 36.567 TRY
TRY,2024-11-12,0.027394333208232542,ecb_daily,ECB reference rate: 1 EUR = 36.5039 TRY
TRY,2024-11-13,0.02738105668973977,ecb_daily,ECB reference rate: 1 EUR = 36.5216 TRY
TRY,2024-11-14,0.0276266752125182,ecb_daily,ECB reference rate: 1 EUR = 36.1969 TRY
TRY,2024-11-15,0.02745035603111772,ecb_daily,ECB reference rate: 1 EUR = 36.4294 TRY
TRY,2024-11-18,0.027437326287427944,ecb_daily,ECB reference rate: 1 EUR = 36.4467 TRY
TRY,2024-11-19,0.027355440176387878,ecb_daily,ECB reference rate: 1 EUR = 36.5558 TRY
TRY,2024-11-20,0.027470640752695553,ecb_daily,ECB reference rate: 1 EUR = 36.4025 TRY
TRY,2024-11-21,0.02755139713134853,ecb_daily,ECB reference rate: 1 EUR = 36.2958 TRY
TRY,2024-11-22,0.027798085823810173,ecb_daily,ECB reference rate: 1 EUR = 35.9737 TRY
TRY,2024-11-25,0.027546691642333757,ecb_daily,ECB reference rate: 1 EUR = 36.302 TRY
TRY,2024-11-26,0.027435519669895825,ecb_daily,ECB reference rate: 1 EUR = 36.4491 TRY
TRY,2024-11-27,0.027398686506968854,ecb_daily,ECB reference rate: 1 EUR = 36.4981 TRY
TRY,2024-11-28,0.02741122873573931,ecb_daily,ECB reference rate: 1 EUR = 36.4814 TRY
TRY,2024-11-29,0.02729332132427195,ecb_daily,ECB reference rate: 1 EUR = 36.639 TRY
TRY,2024-12-02,0.02741438487603215,ecb_daily,ECB reference rate: 1 EUR = 36.4772 TRY
TRY,2024-12-03,0.027375210104737552,ecb_daily,ECB reference rate: 1 EUR = 36.5294 TRY
TRY,2024-12-04,0.027422278407423756,ecb_daily,ECB reference rate: 1 EUR = 36.4667 TRY
TRY,2024-12-05,0.027324270783523466,ecb_daily,ECB reference rate: 1 EUR = 36.5975 TRY
TRY,2024-12-06,0.02715922639659532,ecb_daily,ECB reference rate: 1 EUR = 36.8199 TRY
TRY,2024-12-09,0.02718019107674327,ecb_daily,ECB reference rate: 1 EUR = 36.7915 TRY
TRY,2024-12-10,0.027259989423124107,ecb_daily,ECB reference rate: 1 EUR = 36.6838 TRY
TRY,2024-12-11,0.027294066269992905,ecb_daily,ECB reference rate: 1 EUR = 36.638 TRY
TRY,2024-12-12,0.027330245015646563,ecb_daily,ECB reference rate: 1 EUR = 36.5895 TRY
TRY,2024-12-13,0.027204666144337076,ecb_daily,ECB reference rate: 1 EUR = 36.7584 TRY
TRY,2024-12-16,0.027245432303274354,ecb_daily,ECB reference rate: 1 EUR = 36.7034 TRY
TRY,2024-12-17,0.027225552814849903,ecb_daily,ECB reference rate: 1 EUR = 36.7302 TRY
TRY,2024-12-18,0.02720673856500778,ecb_daily,ECB reference rate: 1 EUR = 36.7556 TRY
TRY,2024-12-19,0.02742995076323838,ecb_daily,ECB reference rate: 1 EUR = 36.4565 TRY
TRY,2024-12-20,0.027356487864661983,ecb_daily,ECB reference rate: 1 EUR = 36.5544 TRY
TRY,2024-12-23,0.027320015736329063,ecb_daily,ECB reference rate: 1 EUR = 36.6032 TRY
TRY,2024-12-24,0.02728706538526608,ecb_daily,ECB reference rate: 1 EUR = 36.6474 TRY
TRY,2024-12-27,0.02721414264565009,ecb_daily,ECB reference rate: 1 EUR = 36.7456 TRY
TRY,2024-12-30,0.027106588527407473,ecb_daily,ECB reference rate: 1 EUR = 36.8914 TRY
TRY,2024-12-31,0.027220365188419367,ecb_daily,ECB reference rate: 1 EUR = 36.7372 TRY
TRY,2025-01-02,0.027433111216576184,ecb_daily,ECB reference rate: 1 EUR = 36.4523 TRY
TRY,2025-01-03,0.02745382267026861,ecb_daily,ECB reference rate: 1 EUR = 36.4248 TRY
TRY,2025-01-06,0.027151409836955784,ecb_daily,ECB reference rate: 1 EUR = 36.8305 TRY
TRY,2025-01-07,0.027215920224694636,ecb_daily,ECB reference rate: 1 EUR = 36.7432 TRY
TRY,2025-01-08,0.027476150701191363,ecb_daily,ECB reference rate: 1 EUR = 36.3952 TRY
TRY,2025-01-09,0.0274565363030323,ecb_daily,ECB reference rate: 1 EUR = 36.4212 TRY
TRY,2025-01-10,0.02740859917390482,ecb_daily,ECB reference rate: 1 EUR = 36.4849 TRY
TRY,2025-01-13,0.027622859573668782,ecb_daily,ECB reference rate: 1 EUR = 36.2019 TRY
TRY,2025-01-14,0.027500178751161883,ecb_daily,ECB reference rate: 1 EUR = 36.3634 TRY
TRY,2025-01-15,0.027361502912631987,ecb_daily,ECB reference rate: 1 EUR = 36.5477 TRY
TRY,2025-01-16,0.027467169865218598,ecb_daily,ECB reference rate: 1 EUR = 36.4071 TRY
TRY,2025-01-17,0.02730218881647742,ecb_daily,ECB reference rate: 1 EUR = 36.6271 TRY
TRY,2025-01-20,0.02723793699865172,ecb_daily,ECB reference rate: 1 EUR = 36.7135 TRY
TRY,2025-01-21,0.027099683475697006,ecb_daily,ECB reference rate: 1 EUR = 36.9008 TRY
TRY,2025-01-22,0.02685919336470487,ecb_daily,ECB reference rate: 1 EUR = 37.2312 TRY
TRY,2025-01-23,0.02695468647656425,ecb_daily,ECB reference rate: 1 EUR = 37.0993 TRY
TRY,2025-01-24,0.02675449274819474,ecb_daily,ECB reference rate: 1 EUR = 37.3769 TRY
TRY,2025-01-27,0.0265770135409884,ecb_daily,ECB reference rate: 1 EUR = 37.6265 TRY
TRY,2025-01-28,0.026830871600863955,ecb_daily,ECB reference rate: 1 EUR = 37.2705 TRY
TRY,2025-01-29,0.026886490613926128,ecb_daily,ECB reference rate: 1 EUR = 37.1934 TRY
TRY,2025-01-30,0.026865110281277707,ecb_daily,ECB reference rate: 1 EUR = 37.223 TRY
TRY,2025-01-31,0.02683447156216876,ecb_daily,ECB reference rate: 1 EUR = 37.2655 TRY
TRY,2025-02-03,0.02704764171611877,ecb_daily,ECB reference rate: 1 EUR = 36.9718 TRY
TRY,2025-02-04,0.026913988276266707,ecb_daily,ECB reference rate: 1 EUR = 37.1554 TRY
TRY,2025-02-05,0.026716109279573397,ecb_daily,ECB reference rate: 1 EUR = 37.4306 TRY
TRY,2025-02-06,0.02689140711976895,ecb_daily,ECB reference rate: 1 EUR = 37.1866 TRY
TRY,2025-02-07,0.0267849490014571,ecb_daily,ECB reference rate: 1 EUR = 37.3344 TRY
TRY,2025-02-10,0.026919059771080313,ecb_daily,ECB reference rate: 1 EUR = 37.1484 TRY
TRY,2025-02-11,0.026867275658248254,ecb_daily,ECB reference rate: 1 EUR = 37.22 TRY
TRY,2025-02-12,0.026715038696733553,ecb_daily,ECB reference rate: 1 EUR = 37.4321 TRY
TRY,2025-02-13,0.026656004264960682,ecb_daily,ECB reference rate: 1 EUR = 37.515 TRY
TRY,2025-02-14,0.02635143325445471,ecb_daily,ECB reference rate: 1 EUR = 37.9486 TRY
TRY,2025-02-17,0.026351572134793562,ecb_daily,ECB reference rate: 1 EUR = 37.9484 TRY
TRY,2025-02-18,0.026388148554721103,ecb_daily,ECB reference rate: 1 EUR = 37.8958 TRY
TRY,2025-02-19,0.02640291910673644,ecb_daily,ECB reference rate: 1 EUR = 37.8746 TRY
TRY,2025-02-20,0.02636949998154135,ecb_daily,ECB reference rate: 1 EUR = 37.9226 TRY
TRY,2025-02-21,0.02624513480813494,ecb_daily,ECB reference rate: 1 EUR = 38.1023 TRY
TRY,2025-02-24,0.026250784242179238,ecb_daily,ECB reference rate: 1 EUR = 38.0941 TRY
TRY,2025-02-25,0.026127260661228714,ecb_daily,ECB reference rate: 1 EUR = 38.2742 TRY
TRY,2025-02-26,0.026169378686611223,ecb_daily,ECB reference rate: 1 EUR = 38.2126 TRY
TRY,2025-02-27,0.026199820793225775,ecb_daily,ECB reference rate: 1 EUR = 38.1682 TRY
TRY,2025-02-28,0.026302914889028004,ecb_daily,ECB reference rate: 1 EUR = 38.0186 TRY
TRY,2025-03-03,0.02621321303216099,ecb_daily,ECB reference rate: 1 EUR = 38.1487 TRY
TRY,2025-03-04,0.02598448726110512,ecb_daily,ECB reference rate: 1 EUR = 38.4845 TRY
TRY,2025-03-05,0.025666362948038448,ecb_daily,ECB reference rate: 1 EUR = 38.9615 TRY
TRY,2025-03-06,0.025430215673659128,ecb_daily,ECB reference rate: 1 EUR = 39.3233 TRY
TRY,2025-03-07,0.02526579617576909,ecb_daily,ECB reference rate: 1 EUR = 39.5792 TRY
TRY,2025-03-10,0.025225261585962645,ecb_daily,ECB reference rate: 1 EUR = 39.6428 TRY
TRY,2025-03-11,0.0250457084178626,ecb_daily,ECB reference rate: 1 EUR = 39.927 TRY
TRY,2025-03-12,0.025092465736238037,ecb_daily,ECB reference rate: 1 EUR = 39.8526 TRY
TRY,2025-03-13,0.025223289167354,ecb_daily,ECB reference rate: 1 EUR = 39.6459 TRY
TRY,2025-03-14,0.025038747461696976,ecb_daily,ECB reference rate: 1 EUR = 39.9381 TRY
TRY,2025-03-17,0.025013757566661663,ecb_daily,ECB reference rate: 1 EUR = 39.978 TRY
TRY,2025-03-18,0.02498750624687656,ecb_daily,ECB reference rate: 1 EUR = 40.02 TRY
TRY,2025-03-19,0.02415476440650536,ecb_daily,ECB reference rate: 1 EUR = 41.3997 TRY
TRY,2025-03-20,0.024293012600785636,ecb_daily,ECB reference rate: 1 EUR = 41.1641 TRY
TRY,2025-03-21,0.024299683132131957,ecb_daily,ECB reference rate: 1 EUR = 41.1528 TRY
TRY,2025-03-24,0.024312444081378615,ecb_daily,ECB reference rate: 1 EUR = 41.1312 TRY
TRY,2025-03-25,0.024326224399689598,ecb_daily,ECB reference rate: 1 EUR = 41.1079 TRY
TRY,2025-03-26,0.02438780512192683,ecb_daily,ECB reference rate: 1 EUR = 41.0041 TRY
TRY,2025-03-27,0.02439381372883837,ecb_daily,ECB reference rate: 1 EUR = 40.994 TRY
TRY,2025-03-28,0.02436724360177101,ecb_daily,ECB reference rate: 1 EUR = 41.0387 TRY
TRY,2025-03-31,0.024366531107531935,ecb_daily,ECB reference rate: 1 EUR = 41.0399 TRY
TRY,2025-04-01,0.024437867942649214,ecb_daily,ECB reference rate: 1 EUR = 40.9201 TRY
TRY,2025-04-02,0.02441567193149939,ecb_daily,ECB reference rate: 1 EUR = 40.9573 TRY
TRY,2025-04-03,0.02375466185238853,ecb_daily,ECB reference rate: 1 EUR = 42.097 TRY
TRY,2025-04-04,0.02379264236327558,ecb_daily,ECB reference rate: 1 EUR = 42.0298 TRY
TRY,2025-04-07,0.02398840880086742,ecb_daily,ECB reference rate: 1 EUR = 41.6868 TRY
TRY,2025-04-08,0.024026044231947433,ecb_daily,ECB reference rate: 1 EUR = 41.6215 TRY
TRY,2025-04-09,0.02381973226620933,ecb_daily,ECB reference rate: 1 EUR = 41.982 TRY
TRY,2025-04-10,0.023802326439386186,ecb_daily,ECB reference rate: 1 EUR = 42.0127 TRY
TRY,2025-04-11,0.023158333526319446,ecb_daily,ECB reference rate: 1 EUR = 43.181 TRY
TRY,2025-04-14,0.023098369024163203,ecb_daily,ECB reference rate: 1 EUR = 43.2931 TRY
TRY,2025-04-15,0.023157314585171448,ecb_daily,ECB reference rate: 1 EUR = 43.1829 TRY
TRY,2025-04-16,0.02309996973903964,ecb_daily,ECB reference rate: 1 EUR = 43.2901 TRY
TRY,2025-04-17,0.023115828794925616,ecb_daily,ECB reference rate: 1 EUR = 43.2604 TRY
TRY,2025-04-22,0.022775463537621648,ecb_daily,ECB reference rate: 1 EUR = 43.9069 TRY
TRY,2025-04-23,0.022879316182997923,ecb_daily,ECB reference rate: 1 EUR = 43.7076 TRY
TRY,2025-04-24,0.02294419970631424,ecb_daily,ECB reference rate: 1 EUR = 43.584 TRY
TRY,2025-04-25,0.02292058704207532,ecb_daily,ECB reference rate: 1 EUR = 43.6289 TRY
TRY,2025-04-28,0.022901847263000232,ecb_daily,ECB reference rate: 1 EUR = 43.6646 TRY
TRY,2025-04-29,0.02287497226409613,ecb_daily,ECB reference rate: 1 EUR = 43.7159 TRY
TRY,2025-04-30,0.022853277388510288,ecb_daily,ECB reference rate: 1 EUR = 43.7574 TRY
TRY,2025-05-02,0.02285839680348179,ecb_daily,ECB reference rate: 1 EUR = 43.7476 TRY
TRY,2025-05-05,0.022848682316490808,ecb_daily,ECB reference rate: 1 EUR = 43.7662 TRY
TRY,2025-05-06,0.02287512924448023,ecb_daily,ECB reference rate: 1 EUR = 43.7156 TRY
TRY,2025-05-07,0.022779458395597186,ecb_daily,ECB reference rate: 1 EUR = 43.8992 TRY
TRY,2025-05-08,0.02291249945582814,ecb_daily,ECB reference rate: 1 EUR = 43.6443 TRY
TRY,2025-05-09,0.022935832421633995,ecb_daily,ECB reference rate: 1 EUR = 43.5999 TRY
TRY,2025-05-12,0.023223301331624098,ecb_daily,ECB reference rate: 1 EUR = 43.0602 TRY
TRY,2025-05-13,0.023207348374789397,ecb_daily,ECB reference rate: 1 EUR = 43.0898 TRY
TRY,2025-05-14,0.023012258630172294,ecb_daily,ECB reference rate: 1 EUR = 43.4551 TRY
TRY,2025-05-15,0.02310600109060325,ecb_daily,ECB reference rate: 1 EUR = 43.2788 TRY
TRY,2025-05-16,0.023003206647006592,ecb_daily,ECB reference rate: 1 EUR = 43.4722 TRY
TRY,2025-05-19,0.02285996442989535,ecb_daily,ECB reference rate: 1 EUR = 43.7446 TRY
TRY,2025-05-20,0.022898595858101983,ecb_daily,ECB reference rate: 1 EUR = 43.6708 TRY
TRY,2025-05-21,0.02275167907391565,ecb_daily,ECB reference rate: 1 EUR = 43.9528 TRY
TRY,2025-05-22,0.022724173976275963,ecb_daily,ECB reference rate: 1 EUR = 44.006 TRY
TRY,2025-05-23,0.022671624195157343,ecb_daily,ECB reference rate: 1 EUR = 44.108 TRY
TRY,2025-05-26,0.022586415626185786,ecb_daily,ECB reference rate: 1 EUR = 44.2744 TRY
TRY,2025-05-27,0.02257988764247909,ecb_daily,ECB reference rate: 1 EUR = 44.2872 TRY
TRY,2025-05-28,0.022617014780219158,ecb_daily,ECB reference rate: 1 EUR = 44.2145 TRY
TRY,2025-05-29,0.0226628895184136,ecb_daily,ECB reference rate: 1 EUR = 44.125 TRY
TRY,2025-05-30,0.02247423329153126,ecb_daily,ECB reference rate: 1 EUR = 44.4954 TRY
TRY,2025-06-02,0.022346119037776113,ecb_daily,ECB reference rate: 1 EUR = 44.7505 TRY
TRY,2025-06-03,0.02244492576340804,ecb_daily,ECB reference rate: 1 EUR = 44.5535 TRY
TRY,2025-06-04,0.022454753671352225,ecb_daily,ECB reference rate: 1 EUR = 44.534 TRY
TRY,2025-06-05,0.02225535797743307,ecb_daily,ECB reference rate: 1 EUR = 44.933 TRY
TRY,2025-06-06,0.02233523852917987,ecb_daily,ECB reference rate: 1 EUR = 44.7723 TRY
TRY,2025-06-09,0.0223421249595049,ecb_daily,ECB reference rate: 1 EUR = 44.7585 TRY
TRY,2025-06-10,0.022305147805061928,ecb_daily,ECB reference rate: 1 EUR = 44.8327 TRY
TRY,2025-06-11,0.02231824025139266,ecb_daily,ECB reference rate: 1 EUR = 44.8064 TRY
TRY,2025-06-12,0.021932181308956442,ecb_daily,ECB reference rate: 1 EUR = 45.5951 TRY
TRY,2025-06-13,0.022027693215911043,ecb_daily,ECB reference rate: 1 EUR = 45.3974 TRY
TRY,2025-06-16,0.02193136360446347,ecb_daily,ECB reference rate: 1 EUR = 45.5968 TRY
TRY,2025-06-17,0.02194854821327843,ecb_daily,ECB reference rate: 1 EUR = 45.5611 TRY
TRY,2025-06-18,0.021977104252789443,ecb_daily,ECB reference rate: 1 EUR = 45.5019 TRY
TRY,2025-06-19,0.02202381214569192,ecb_daily,ECB reference rate: 1 EUR = 45.4054 TRY
TRY,2025-06-20,0.02188643566263373,ecb_daily,ECB reference rate: 1 EUR = 45.6904 TRY
TRY,2025-06-23,0.021940409846855937,ecb_daily,ECB reference rate: 1 EUR = 45.578 TRY
TRY,2025-06-24,0.021735066922271052,ecb_daily,ECB reference rate: 1 EUR = 46.0086 TRY
TRY,2025-06-25,0.021697810256988862,ecb_daily,ECB reference rate: 1 EUR = 46.0876 TRY
TRY,2025-06-26,0.021497748110885385,ecb_daily,ECB reference rate: 1 EUR = 46.5165 TRY
TRY,2025-06-27,0.021421624701703876,ecb_daily,ECB reference rate: 1 EUR = 46.6818 TRY
TRY,2025-06-30,0.021473881318152734,ecb_daily,ECB reference rate: 1 EUR = 46.5682 TRY
TRY,2025-07-01,0.02124567650483127,ecb_daily,ECB reference rate: 1 EUR = 47.0684 TRY
TRY,2025-07-02,0.02139215891807017,ecb_daily,ECB reference rate: 1 EUR = 46.7461 TRY
TRY,2025-07-03,0.021294084077561573,ecb_daily,ECB reference rate: 1 EUR = 46.9614 TRY
TRY,2025-07-04,0.021324507830359277,ecb_daily,ECB reference rate: 1 EUR = 46.8944 TRY
TRY,2025-07-07,0.02131673470257826,ecb_daily,ECB reference rate: 1 EUR = 46.9115 TRY
TRY,2025-07-08,0.021322234399587203,ecb_daily,ECB reference rate: 1 EUR = 46.8994 TRY
TRY,2025-07-09,0.02134521835091112,ecb_daily,ECB reference rate: 1 EUR = 46.8489 TRY
TRY,2025-07-10,0.02134148293428317,ecb_daily,ECB reference rate: 1 EUR = 46.8571 TRY
TRY,2025-07-11,0.02130578920904388,ecb_daily,ECB reference rate: 1 EUR = 46.9356 TRY
TRY,2025-07-14,0.021267771881878793,ecb_daily,ECB reference rate: 1 EUR = 47.0195 TRY
TRY,2025-07-15,0.02131678014299296,ecb_daily,ECB reference rate: 1 EUR = 46.9114 TRY
TRY,2025-07-16,0.02141002117451094,ecb_daily,ECB reference rate: 1 EUR = 46.7071 TRY
TRY,2025-07-17,0.0214387088751967,ecb_daily,ECB reference rate: 1 EUR = 46.6446 TRY
TRY,2025-07-18,0.021282301212665524,ecb_daily,ECB reference rate: 1 EUR = 46.9874 TRY
TRY,2025-07-21,0.021237825416579946,ecb_daily,ECB reference rate: 1 EUR = 47.0858 TRY
TRY,2025-07-22,0.02114446533047742,ecb_daily,ECB reference rate: 1 EUR = 47.2937 TRY
TRY,2025-07-23,0.02108063553900023,ecb_daily,ECB reference rate: 1 EUR = 47.4369 TRY
TRY,2025-07-24,0.021014893254849714,ecb_daily,ECB reference rate: 1 EUR = 47.5853 TRY
TRY,2025-07-25,0.021032528909210986,ecb_daily,ECB reference rate: 1 EUR = 47.5454 TRY
TRY,2025-07-28,0.02116657459206719,ecb_daily,ECB reference rate: 1 EUR = 47.2443 TRY
TRY,2025-07-29,0.021369987135267745,ecb_daily,ECB reference rate: 1 EUR = 46.7946 TRY
TRY,2025-07-30,0.02137775345464496,ecb_daily,ECB reference rate: 1 EUR = 46.7776 TRY
TRY,2025-07-31,0.021521853289830493,ecb_daily,ECB reference rate: 1 EUR = 46.4644 TRY
TRY,2025-08-01,0.021561761509668296,ecb_daily,ECB reference rate: 1 EUR = 46.3784 TRY
TRY,2025-08-04,0.021257418839174872,ecb_daily,ECB reference rate: 1 EUR = 47.0424 TRY
TRY,2025-08-05,0.021298846241499098,ecb_daily,ECB reference rate: 1 EUR = 46.9509 TRY
TRY,2025-08-06,0.02119456825604734,ecb_daily,ECB reference rate: 1 EUR = 47.1819 TRY
TRY,2025-08-07,0.021133160041420993,ecb_daily,ECB reference rate: 1 EUR = 47.319 TRY
TRY,2025-08-08,0.021098604327323744,ecb_daily,ECB reference rate: 1 EUR = 47.3965 TRY
TRY,2025-08-11,0.021138967572823745,ecb_daily,ECB reference rate: 1 EUR = 47.306 TRY
TRY,2025-08-12,0.02114884770503279,ecb_daily,ECB reference rate: 1 EUR = 47.2839 TRY
TRY,2025-08-13,0.020957418716651507,ecb_daily,ECB reference rate: 1 EUR = 47.7158 TRY
TRY,2025-08-14,0.02097293442812051,ecb_daily,ECB reference rate: 1 EUR = 47.6805 TRY
TRY,2025-08-15,0.02092072092804318,ecb_daily,ECB reference rate: 1 EUR = 47.7995 TRY
TRY,2025-08-18,0.02096370135111055,ecb_daily,ECB reference rate: 1 EUR = 47.7015 TRY
TRY,2025-08-19,0.020950305874465766,ecb_daily,ECB reference rate: 1 EUR = 47.732 TRY
TRY,2025-08-20,0.020984817484549927,ecb_daily,ECB reference rate: 1 EUR = 47.6535 TRY
TRY,2025-08-21,0.02098895770934911,ecb_daily,ECB reference rate: 1 EUR = 47.6441 TRY
TRY,2025-08-22,0.0210699311013253,ecb_daily,ECB reference rate: 1 EUR = 47.461 TRY
TRY,2025-08-25,0.020856144741644506,ecb_daily,ECB reference rate: 1 EUR = 47.9475 TRY
TRY,2025-08-26,0.020911664944939585,ecb_daily,ECB reference rate: 1 EUR = 47.8202 TRY
TRY,2025-08-27,0.02101966389557431,ecb_daily,ECB reference rate: 1 EUR = 47.5745 TRY
TRY,2025-08-28,0.020867852238911865,ecb_daily,ECB reference rate: 1 EUR = 47.9206 TRY
TRY,2025-08-29,0.020853491708651695,ecb_daily,ECB reference rate: 1 EUR = 47.9536 TRY
TRY,2025-09-01,0.020761619240207783,ecb_daily,ECB reference rate: 1 EUR = 48.1658 TRY
TRY,2025-09-02,0.020864238486591597,ecb_daily,ECB reference rate: 1 EUR = 47.9289 TRY
TRY,2025-09-03,0.020845319391983724,ecb_daily,ECB reference rate: 1 EUR = 47.9724 TRY
TRY,2025-09-04,0.02085231763084308,ecb_daily,ECB reference rate: 1 EUR = 47.9563 TRY
TRY,2025-09-05,0.020756792660398114,ecb_daily,ECB reference rate: 1 EUR = 48.177 TRY
TRY,2025-09-08,0.02066307817875629,ecb_daily,ECB reference rate: 1 EUR = 48.3955 TRY
TRY,2025-09-09,0.020629871228343793,ecb_daily,ECB reference rate: 1 EUR = 48.4734 TRY
TRY,2025-09-10,0.02069009751242958,ecb_daily,ECB reference rate: 1 EUR = 48.3323 TRY
TRY,2025-09-11,0.020724443652310152,ecb_daily,ECB reference rate: 1 EUR = 48.2522 TRY
TRY,2025-09-12,0.020628041346846076,ecb_daily,ECB reference rate: 1 EUR = 48.4777 TRY
TRY,2025-09-15,0.02059371685698693,ecb_daily,ECB reference rate: 1 EUR = 48.5585 TRY
TRY,2025-09-16,0.020510085834709216,ecb_daily,ECB reference rate: 1 EUR = 48.7565 TRY
TRY,2025-09-17,0.020458641832603302,ecb_daily,ECB reference rate: 1 EUR = 48.8791 TRY
TRY,2025-09-18,0.02048768894771132,ecb_daily,ECB reference rate: 1 EUR = 48.8098 TRY
TRY,2025-09-19,0.02058409425868443,ecb_daily,ECB reference rate: 1 EUR = 48.5812 TRY
TRY,2025-09-22,0.02050886598276435,ecb_daily,ECB reference rate: 1 EUR = 48.7594 TRY
TRY,2025-09-23,0.020476194376417976,ecb_daily,ECB reference rate: 1 EUR = 48.8372 TRY
TRY,2025-09-24,0.02052170272671864,ecb_daily,ECB reference rate: 1 EUR = 48.7289 TRY
TRY,2025-09-25,0.020541051291005075,ecb_daily,ECB reference rate: 1 EUR = 48.683 TRY
TRY,2025-09-26,0.020609972753616018,ecb_daily,ECB reference rate: 1 EUR = 48.5202 TRY
TRY,2025-09-29,0.02051559800916637,ecb_daily,ECB reference rate: 1 EUR = 48.7434 TRY
TRY,2025-09-30,0.020482275662755237,ecb_daily,ECB reference rate: 1 EUR = 48.8227 TRY
TRY,2025-10-01,0.020507520107623467,ecb_daily,ECB reference rate: 1 EUR = 48.7626 TRY
TRY,2025-10-02,0.02044667813043754,ecb_daily,ECB reference rate: 1 EUR = 48.9077 TRY
TRY,2025-10-03,0.02044454621285226,ecb_daily,ECB reference rate: 1 EUR = 48.9128 TRY
TRY,2025-10-06,0.020538351263313985,ecb_daily,ECB reference rate: 1 EUR = 48.6894 TRY
TRY,2025-10-07,0.020553674894302727,ecb_daily,ECB reference rate: 1 EUR = 48.6531 TRY
TRY,2025-10-08,0.020617876523661073,ecb_daily,ECB reference rate: 1 EUR = 48.5016 TRY
TRY,2025-10-09,0.02064136860530401,ecb_daily,ECB reference rate: 1 EUR = 48.4464 TRY
TRY,2025-10-10,0.020668160285716646,ecb_daily,ECB reference rate: 1 EUR = 48.3836 TRY
TRY,2025-10-13,0.02067627975833564,ecb_daily,ECB reference rate: 1 EUR = 48.3646 TRY
TRY,2025-10-14,0.020693565542730146,ecb_daily,ECB reference rate: 1 EUR = 48.3242 TRY
TRY,2025-10-15,0.02056453768862822,ecb_daily,ECB reference rate: 1 EUR = 48.6274 TRY
TRY,2025-10-16,0.020510758918590746,ecb_daily,ECB reference rate: 1 EUR = 48.7549 TRY
TRY,2025-10-17,0.020407746780677947,ecb_daily,ECB reference rate: 1 EUR = 49.001 TRY
TRY,2025-10-20,0.020448852308164202,ecb_daily,ECB reference rate: 1 EUR = 48.9025 TRY
TRY,2025-10-21,0.020529075329389013,ecb_daily,ECB reference rate: 1 EUR = 48.7114 TRY
TRY,2025-10-22,0.020544258496078098,ecb_daily,ECB reference rate: 1 EUR = 48.6754 TRY
TRY,2025-10-23,0.020496885498248543,ecb_daily,ECB reference rate: 1 EUR = 48.7879 TRY
TRY,2025-10-24,0.020514756264180825,ecb_daily,ECB reference rate: 1 EUR = 48.7454 TRY
TRY,2025-10-27,0.020493945063930864,ecb_daily,ECB reference rate: 1 EUR = 48.7949 TRY
TRY,2025-10-28,0.020490375670547543,ecb_daily,ECB reference rate: 1 EUR = 48.8034 TRY
TRY,2025-10-29,0.020488612429211843,ecb_daily,ECB reference rate: 1 EUR = 48.8076 TRY
TRY,2025-10-30,0.02062025734081161,ecb_daily,ECB reference rate: 1 EUR = 48.496 TRY
TRY,2025-10-31,0.02058324688369642,ecb_daily,ECB reference rate: 1 EUR = 48.5832 TRY
TRY,2025-11-03,0.02065505439508575,ecb_daily,ECB reference rate: 1 EUR = 48.4143 TRY
TRY,2025-11-04,0.020677562363528086,ecb_daily,ECB reference rate: 1 EUR = 48.3616 TRY
TRY,2025-11-05,0.02067324489319168,ecb_daily,ECB reference rate: 1 EUR = 48.3717 TRY
TRY,2025-11-06,0.020585662086356853,ecb_daily,ECB reference rate: 1 EUR = 48.5775 TRY
TRY,2025-11-07,0.020491509343103686,ecb_daily,ECB reference rate: 1 EUR = 48.8007 TRY
TRY,2025-11-10,0.020467519070610892,ecb_daily,ECB reference rate: 1 EUR = 48.8579 TRY
TRY,2025-11-11,0.020455461301335538,ecb_daily,ECB reference rate: 1 EUR = 48.8867 TRY
TRY,2025-11-12,0.020449019571756634,ecb_daily,ECB reference rate: 1 EUR = 48.9021 TRY
TRY,2025-11-13,0.020368590004725514,ecb_daily,ECB reference rate: 1 EUR = 49.0952 TRY
TRY,2025-11-14,0.020281342787143254,ecb_daily,ECB reference rate: 1 EUR = 49.3064 TRY
TRY,2025-11-17,0.02037859351023311,ecb_daily,ECB reference rate: 1 EUR = 49.0711 TRY
TRY,2025-11-18,0.020380047118668938,ecb_daily,ECB reference rate: 1 EUR = 49.0676 TRY
TRY,2025-11-19,0.020382456412116962,ecb_daily,ECB reference rate: 1 EUR = 49.0618 TRY
TRY,2025-11-20,0.020498103925386903,ecb_daily,ECB reference rate: 1 EUR = 48.785 TRY
TRY,2025-11-21,0.020451528854039485,ecb_daily,ECB reference rate: 1 EUR = 48.8961 TRY
TRY,2025-11-24,0.020455879735791858,ecb_daily,ECB reference rate: 1 EUR = 48.8857 TRY
TRY,2025-11-25,0.0204051649553535,ecb_daily,ECB reference rate: 1 EUR = 49.0072 TRY
TRY,2025-11-26,0.020347577315706907,ecb_daily,ECB reference rate: 1 EUR = 49.1459 TRY
TRY,2025-11-27,0.02033702518130458,ecb_daily,ECB reference rate: 1 EUR = 49.1714 TRY
TRY,2025-11-28,0.02034550740678197,ecb_daily,ECB reference rate: 1 EUR = 49.1509 TRY
TRY,2025-12-01,0.020224655472994017,ecb_daily,ECB reference rate: 1 EUR = 49.4446 TRY
TRY,2025-12-02,0.02030040539909582,ecb_daily,ECB reference rate: 1 EUR = 49.2601 TRY
TRY,2025-12-03,0.020191903854230607,ecb_daily,ECB reference rate: 1 EUR = 49.5248 TRY
TRY,2025-12-04,0.020194146524688355,ecb_daily,ECB reference rate: 1 EUR = 49.5193 TRY
TRY,2025-12-05,0.020199082153706936,ecb_daily,ECB reference rate: 1 EUR = 49.5072 TRY
TRY,2025-12-08,0.020156413770861886,ecb_daily,ECB reference rate: 1 EUR = 49.612 TRY
TRY,2025-12-09,0.02018000565040158,ecb_daily,ECB reference rate: 1 EUR = 49.554 TRY
TRY,2025-12-10,0.020176748315241518,ecb_daily,ECB reference rate: 1 EUR = 49.562 TRY
TRY,2025-12-11,0.02003177038783511,ecb_daily,ECB reference rate: 1 EUR = 49.9207 TRY
TRY,2025-12-12,0.020024469902220513,ecb_daily,ECB reference rate: 1 EUR = 49.9389 TRY
TRY,2025-12-15,0.019926669854933843,ecb_daily,ECB reference rate: 1 EUR = 50.184 TRY
TRY,2025-12-16,0.019880399516508683,ecb_daily,ECB reference rate: 1 EUR = 50.3008 TRY
TRY,2025-12-17,0.019967732144853916,ecb_daily,ECB reference rate: 1 EUR = 50.0808 TRY
TRY,2025-12-18,0.019968090990597025,ecb_daily,ECB reference rate: 1 EUR = 50.0799 TRY
TRY,2025-12-19,0.019944912152634425,ecb_daily,ECB reference rate: 1 EUR = 50.1381 TRY
TRY,2025-12-22,0.019888821487882735,ecb_daily,ECB reference rate: 1 EUR = 50.2795 TRY
TRY,2025-12-23,0.019810100377778615,ecb_daily,ECB reference rate: 1 EUR = 50.4793 TRY
TRY,2025-12-24,0.019799157347863278,ecb_daily,ECB reference rate: 1 EUR = 50.5072 TRY
TRY,2025-12-29,0.019794963765318828,ecb_daily,ECB reference rate: 1 EUR = 50.5179 TRY
TRY,2025-12-30,0.019815831660546877,ecb_daily,ECB reference rate: 1 EUR = 50.4647 TRY
TRY,2025-12-31,0.019808334554847297,ecb_daily,ECB reference rate: 1 EUR = 50.4838 TRY
TRY,2026-01-02,0.01982820840240159,ecb_daily,ECB reference rate: 1 EUR = 50.4332 TRY
TRY,2026-01-05,0.019918652224315894,ecb_daily,ECB reference rate: 1 EUR = 50.2042 TRY
TRY,2026-01-06,0.019845443684584456,ecb_daily,ECB reference rate: 1 EUR = 50.3894 TRY
TRY,2026-01-07,0.019884233989711897,ecb_daily,ECB reference rate: 1 EUR = 50.2911 TRY
TRY,2026-01-08,0.01989701306039937,ecb_daily,ECB reference rate: 1 EUR = 50.2588 TRY
TRY,2026-01-09,0.019926630147795815,ecb_daily,ECB reference rate: 1 EUR = 50.1841 TRY
TRY,2026-01-12,0.019830724931980615,ecb_daily,ECB reference rate: 1 EUR = 50.4268 TRY
TRY,2026-01-13,0.019883047912180554,ecb_daily,ECB reference rate: 1 EUR = 50.2941 TRY
TRY,2026-01-14,0.019877159156413367,ecb_daily,ECB reference rate: 1 EUR = 50.309 TRY
TRY,2026-01-15,0.019918850602644825,ecb_daily,ECB reference rate: 1 EUR = 50.2037 TRY
TRY,2026-01-16,0.019889256619144605,ecb_daily,ECB reference rate: 1 EUR = 50.2784 TRY
TRY,2026-01-19,0.01986894444245755,ecb_daily,ECB reference rate: 1 EUR = 50.3298 TRY
TRY,2026-01-20,0.01970423936709983,ecb_daily,ECB reference rate: 1 EUR = 50.7505 TRY
TRY,2026-01-21,0.019674272740508147,ecb_daily,ECB reference rate: 1 EUR = 50.8278 TRY
TRY,2026-01-22,0.019736400633143733,ecb_daily,ECB reference rate: 1 EUR = 50.6678 TRY
TRY,2026-01-23,0.01964312372810774,ecb_daily,ECB reference rate: 1 EUR = 50.9084 TRY
TRY,2026-01-26,0.01947791399332297,ecb_daily,ECB reference rate: 1 EUR = 51.3402 TRY
TRY,2026-01-27,0.01931393055869407,ecb_daily,ECB reference rate: 1 EUR = 51.7761 TRY
TRY,2026-01-28,0.019236466184216094,ecb_daily,ECB reference rate: 1 EUR = 51.9846 TRY
TRY,2026-01-29,0.019241537090948974,ecb_daily,ECB reference rate: 1 EUR = 51.9709 TRY
TRY,2026-01-30,0.019292951898812326,ecb_daily,ECB reference rate: 1 EUR = 51.8324 TRY
TRY,2026-02-02,0.019419700509378742,ecb_daily,ECB reference rate: 1 EUR = 51.4941 TRY
TRY,2026-02-03,0.01948383426271223,ecb_daily,ECB reference rate: 1 EUR = 51.3246 TRY
TRY,2026-02-04,0.019444471450654793,ecb_daily,ECB reference rate: 1 EUR = 51.4285 TRY
TRY,2026-02-05,0.019467221093123398,ecb_daily,ECB reference rate: 1 EUR = 51.3684 TRY
TRY,2026-02-06,0.019440351170503543,ecb_daily,ECB reference rate: 1 EUR = 51.4394 TRY
TRY,2026-02-09,0.019301330440707278,ecb_daily,ECB reference rate: 1 EUR = 51.8099 TRY
TRY,2026-02-10,0.019268231118578623,ecb_daily,ECB reference rate: 1 EUR = 51.8989 TRY
TRY,2026-02-11,0.01925468947962276,ecb_daily,ECB reference rate: 1 EUR = 51.9354 TRY
TRY,2026-02-12,0.019294068617425632,ecb_daily,ECB reference rate: 1 EUR = 51.8294 TRY
TRY,2026-02-13,0.019273653108936615,ecb_daily,ECB reference rate: 1 EUR = 51.8843 TRY
TRY,2026-02-16,0.01929879749192828,ecb_daily,ECB reference rate: 1 EUR = 51.8167 TRY
TRY,2026-02-17,0.01933809566169162,ecb_daily,ECB reference rate: 1 EUR = 51.7114 TRY
TRY,2026-02-18,0.01929365913892399,ecb_daily,ECB reference rate: 1 EUR = 51.8305 TRY
TRY,2026-02-19,0.019439141878520916,ecb_daily,ECB reference rate: 1 EUR = 51.4426 TRY
TRY,2026-02-20,0.019382399230906396,ecb_daily,ECB reference rate: 1 EUR = 51.5932 TRY
TRY,2026-02-23,0.019357411372092032,ecb_daily,ECB reference rate: 1 EUR = 51.6598 TRY
TRY,2026-02-24,0.019363296097714935,ecb_daily,ECB reference rate: 1 EUR = 51.6441 TRY
TRY,2026-02-25,0.019344155743666724,ecb_daily,ECB reference rate: 1 EUR = 51.6952 TRY
TRY,2026-02-26,0.019289565309645745,ecb_daily,ECB reference rate: 1 EUR = 51.8415 TRY
TRY,2026-02-27,0.019269827689200804,ecb_daily,ECB reference rate: 1 EUR = 51.8946 TRY
TRY,2026-03-02,0.01944658897106153,ecb_daily,ECB reference rate: 1 EUR = 51.4229 TRY
TRY,2026-03-03,0.019592131016498534,ecb_daily,ECB reference rate: 1 EUR = 51.0409 TRY
TRY,2026-03-04,0.019521565473378442,ecb_daily,ECB reference rate: 1 EUR = 51.2254 TRY
TRY,2026-03-05,0.019564685742235268,ecb_daily,ECB reference rate: 1 EUR = 51.1125 TRY
TRY,2026-03-06,0.019625583125138606,ecb_daily,ECB reference rate: 1 EUR = 50.9539 TRY
TRY,2026-03-09,0.019631169585821586,ecb_daily,ECB reference rate: 1 EUR = 50.9394 TRY
TRY,2026-03-10,0.019503518434725624,ecb_daily,ECB reference rate: 1 EUR = 51.2728 TRY
TRY,2026-03-11,0.019582079264340444,ecb_daily,ECB reference rate: 1 EUR = 51.0671 TRY
TRY,2026-03-12,0.019633520702565903,ecb_daily,ECB reference rate: 1 EUR = 50.9333 TRY
TRY,2026-03-13,0.019719120842716348,ecb_daily,ECB reference rate: 1 EUR = 50.7122 TRY
TRY,2026-03-16,0.019717759983594825,ecb_daily,ECB reference rate: 1 EUR = 50.7157 TRY
TRY,2026-03-17,0.019618229258627117,ecb_daily,ECB reference rate: 1 EUR = 50.973 TRY
TRY,2026-03-18,0.01966417521566684,ecb_daily,ECB reference rate: 1 EUR = 50.8539 TRY
TRY,2026-03-19,0.019638648860958365,ecb_daily,ECB reference rate: 1 EUR = 50.92 TRY
TRY,2026-03-20,0.01953239447623884,ecb_daily,ECB reference rate: 1 EUR = 51.197 TRY
TRY,2026-03-23,0.019457183494860385,ecb_daily,ECB reference rate: 1 EUR = 51.3949 TRY
TRY,2026-03-24,0.0194858464554271,ecb_daily,ECB reference rate: 1 EUR = 51.3193 TRY
TRY,2026-03-25,0.01944813959096673,ecb_daily,ECB reference rate: 1 EUR = 51.4188 TRY
TRY,2026-03-26,0.019533310153805283,ecb_daily,ECB reference rate: 1 EUR = 51.1946 TRY
USD,2024-01-02,0.9127418765972983,ecb_daily,ECB reference rate: 1 EUR = 1.0956 USD
USD,2024-01-03,0.9158347834050736,ecb_daily,ECB reference rate: 1 EUR = 1.0919 USD
USD,2024-01-04,0.9129918743723181,ecb_daily,ECB reference rate: 1 EUR = 1.0953 USD
USD,2024-01-05,0.9156670634557275,ecb_daily,ECB reference rate: 1 EUR = 1.0921 USD
USD,2024-01-08,0.913575735428467,ecb_daily,ECB reference rate: 1 EUR = 1.0946 USD
USD,2024-01-09,0.9140767824497257,ecb_daily,ECB reference rate: 1 EUR = 1.094 USD
USD,2024-01-10,0.913575735428467,ecb_daily,ECB reference rate: 1 EUR = 1.0946 USD
USD,2024-01-11,0.910166560480568,ecb_daily,ECB reference rate: 1 EUR = 1.0987 USD
USD,2024-01-12,0.9139097057210747,ecb_daily,ECB reference rate: 1 EUR = 1.0942 USD
USD,2024-01-15,0.9136592051164916,ecb_daily,ECB reference rate: 1 EUR = 1.0945 USD
USD,2024-01-16,0.9189487226612755,ecb_daily,ECB reference rate: 1 EUR = 1.0882 USD
USD,2024-01-17,0.919371150133309,ecb_daily,ECB reference rate: 1 EUR = 1.0877 USD
USD,2024-01-18,0.9195402298850576,ecb_daily,ECB reference rate: 1 EUR = 1.0875 USD
USD,2024-01-19,0.918526683200147,ecb_daily,ECB reference rate: 1 EUR = 1.0887 USD
USD,2024-01-22,0.9182736455463728,ecb_daily,ECB reference rate: 1 EUR = 1.089 USD
USD,2024-01-23,0.919793966151582,ecb_daily,ECB reference rate: 1 EUR = 1.0872 USD
USD,2024-01-24,0.9170105456212746,ecb_daily,ECB reference rate: 1 EUR = 1.0905 USD
USD,2024-01-25,0.9180207472688884,ecb_daily,ECB reference rate: 1 EUR = 1.0893 USD
USD,2024-01-26,0.9198785760279643,ecb_daily,ECB reference rate: 1 EUR = 1.0871 USD
USD,2024-01-29,0.9239582370876837,ecb_daily,ECB reference rate: 1 EUR = 1.0823 USD
USD,2024-01-30,0.9219988936013277,ecb_daily,ECB reference rate: 1 EUR = 1.0846 USD
USD,2024-01-31,0.9227646027498384,ecb_daily,ECB reference rate: 1 EUR = 1.0837 USD
USD,2024-02-01,0.9247272054743851,ecb_daily,ECB reference rate: 1 EUR = 1.0814 USD
USD,2024-02-02,0.9188642837452908,ecb_daily,ECB reference rate: 1 EUR = 1.0883 USD
USD,2024-02-05,0.9305788200260562,ecb_daily,ECB reference rate: 1 EUR = 1.0746 USD
USD,2024-02-06,0.9308386856557759,ecb_daily,ECB reference rate: 1 EUR = 1.0743 USD
USD,2024-02-07,0.9279881217520417,ecb_daily,ECB reference rate: 1 EUR = 1.0776 USD
USD,2024-02-08,0.9295408068414203,ecb_daily,ECB reference rate: 1 EUR = 1.0758 USD
USD,2024-02-09,0.9283327144448571,ecb_daily,ECB reference rate: 1 EUR = 1.0772 USD
USD,2024-02-12,0.9282465422816301,ecb_daily,ECB reference rate: 1 EUR = 1.0773 USD
USD,2024-02-13,0.9265264523302141,ecb_daily,ECB reference rate: 1 EUR = 1.0793 USD
USD,2024-02-14,0.9334453467749464,ecb_daily,ECB reference rate: 1 EUR = 1.0713 USD
USD,2024-02-15,0.9308386856557759,ecb_daily,ECB reference rate: 1 EUR = 1.0743 USD
USD,2024-02-16,0.9286775631500743,ecb_daily,ECB reference rate: 1 EUR = 1.0768 USD
USD,2024-02-19,0.9279881217520417,ecb_daily,ECB reference rate: 1 EUR = 1.0776 USD
USD,2024-02-20,0.925754489909276,ecb_daily,ECB reference rate: 1 EUR = 1.0802 USD
USD,2024-02-21,0.9251549634563789,ecb_daily,ECB reference rate: 1 EUR = 1.0809 USD
USD,2024-02-22,0.9221689413500553,ecb_daily,ECB reference rate: 1 EUR = 1.0844 USD
USD,2024-02-23,0.9230201218386561,ecb_daily,ECB reference rate: 1 EUR = 1.0834 USD
USD,2024-02-26,0.9214891264283082,ecb_daily,ECB reference rate: 1 EUR = 1.0852 USD
USD,2024-02-27,0.9211495946941785,ecb_daily,ECB reference rate: 1 EUR = 1.0856 USD
USD,2024-02-28,0.9252405625462621,ecb_daily,ECB reference rate: 1 EUR = 1.0808 USD
USD,2024-02-29,0.9237021984112322,ecb_daily,ECB reference rate: 1 EUR = 1.0826 USD
USD,2024-03-01,0.9248127254231019,ecb_daily,ECB reference rate: 1 EUR = 1.0813 USD
USD,2024-03-04,0.9219988936013277,ecb_daily,ECB reference rate: 1 EUR = 1.0846 USD
USD,2024-03-05,0.9217439395335976,ecb_daily,ECB reference rate: 1 EUR = 1.0849 USD
USD,2024-03-06,0.9196247930844216,ecb_daily,ECB reference rate: 1 EUR = 1.0874 USD
USD,2024-03-07,0.9178522257916476,ecb_daily,ECB reference rate: 1 EUR = 1.0895 USD
USD,2024-03-08,0.9147457006952068,ecb_daily,ECB reference rate: 1 EUR = 1.0932 USD
USD,2024-03-11,0.9152480322167307,ecb_daily,ECB reference rate: 1 EUR = 1.0926 USD
USD,2024-03-12,0.9160864785635765,ecb_daily,ECB reference rate: 1 EUR = 1.0916 USD
USD,2024-03-13,0.9141603437242891,ecb_daily,ECB reference rate: 1 EUR = 1.0939 USD
USD,2024-03-14,0.9153318077803203,ecb_daily,ECB reference rate: 1 EUR = 1.0925 USD
USD,2024-03-15,0.9181050312155711,ecb_daily,ECB reference rate: 1 EUR = 1.0892 USD
USD,2024-03-18,0.9181050312155711,ecb_daily,ECB reference rate: 1 EUR = 1.0892 USD
USD,2024-03-19,0.9213193292795283,ecb_daily,ECB reference rate: 1 EUR = 1.0854 USD
USD,2024-03-20,0.9221689413500553,ecb_daily,ECB reference rate: 1 EUR = 1.0844 USD
USD,2024-03-21,0.9168423947923352,ecb_daily,ECB reference rate: 1 EUR = 1.0907 USD
USD,2024-03-22,0.9239582370876837,ecb_daily,ECB reference rate: 1 EUR = 1.0823 USD
USD,2024-03-25,0.9229349330872174,ecb_daily,ECB reference rate: 1 EUR = 1.0835 USD
USD,2024-03-26,0.921234454168586,ecb_daily,ECB reference rate: 1 EUR = 1.0855 USD
USD,2024-03-27,0.9245562130177516,ecb_daily,ECB reference rate: 1 EUR = 1.0816 USD
USD,2024-03-28,0.9249838127832763,ecb_daily,ECB reference rate: 1 EUR = 1.0811 USD
USD,2024-04-02,0.9303190994511118,ecb_daily,ECB reference rate: 1 EUR = 1.0749 USD
USD,2024-04-03,0.9273856997125104,ecb_daily,ECB reference rate: 1 EUR = 1.0783 USD
USD,2024-04-04,0.9214891264283082,ecb_daily,ECB reference rate: 1 EUR = 1.0852 USD
USD,2024-04-05,0.9224241306152569,ecb_daily,ECB reference rate: 1 EUR = 1.0841 USD
USD,2024-04-08,0.9239582370876837,ecb_daily,ECB reference rate: 1 EUR = 1.0823 USD
USD,2024-04-09,0.9202171712524155,ecb_daily,ECB reference rate: 1 EUR = 1.0867 USD
USD,2024-04-10,0.9208103130755064,ecb_daily,ECB reference rate: 1 EUR = 1.086 USD
USD,2024-04-11,0.9320533134495294,ecb_daily,ECB reference rate: 1 EUR = 1.0729 USD
USD,2024-04-12,0.938790837401427,ecb_daily,ECB reference rate: 1 EUR = 1.0652 USD
USD,2024-04-15,0.9384384384384383,ecb_daily,ECB reference rate: 1 EUR = 1.0656 USD
USD,2024-04-16,0.940114693992667,ecb_daily,ECB reference rate: 1 EUR = 1.0637 USD
USD,2024-04-17,0.9400263207369806,ecb_daily,ECB reference rate: 1 EUR = 1.0638 USD
USD,2024-04-18,0.9364172675344132,ecb_daily,ECB reference rate: 1 EUR = 1.0679 USD
USD,2024-04-19,0.9387027128508402,ecb_daily,ECB reference rate: 1 EUR = 1.0653 USD
USD,2024-04-22,0.9405568096313018,ecb_daily,ECB reference rate: 1 EUR = 1.0632 USD
USD,2024-04-23,0.9368559115608021,ecb_daily,ECB reference rate: 1 EUR = 1.0674 USD
USD,2024-04-24,0.9358038555118847,ecb_daily,ECB reference rate: 1 EUR = 1.0686 USD
USD,2024-04-25,0.9328358208955223,ecb_daily,ECB reference rate: 1 EUR = 1.072 USD
USD,2024-04-26,0.9333582228859437,ecb_daily,ECB reference rate: 1 EUR = 1.0714 USD
USD,2024-04-29,0.9328358208955223,ecb_daily,ECB reference rate: 1 EUR = 1.072 USD
USD,2024-04-30,0.9330098899048329,ecb_daily,ECB reference rate: 1 EUR = 1.0718 USD
USD,2024-05-02,0.9347541596560104,ecb_daily,ECB reference rate: 1 EUR = 1.0698 USD
USD,2024-05-03,0.9307520476545048,ecb_daily,ECB reference rate: 1 EUR = 1.0744 USD
USD,2024-05-06,0.9279881217520417,ecb_daily,ECB reference rate: 1 EUR = 1.0776 USD
USD,2024-05-07,0.9288500835965076,ecb_daily,ECB reference rate: 1 EUR = 1.0766 USD
USD,2024-05-08,0.9308386856557759,ecb_daily,ECB reference rate: 1 EUR = 1.0743 USD
USD,2024-05-09,0.9317927692881104,ecb_daily,ECB reference rate: 1 EUR = 1.0732 USD
USD,2024-05-10,0.9277298450691158,ecb_daily,ECB reference rate: 1 EUR = 1.0779 USD
USD,2024-05-13,0.9263547938860585,ecb_daily,ECB reference rate: 1 EUR = 1.0795 USD
USD,2024-05-14,0.9262689885142646,ecb_daily,ECB reference rate: 1 EUR = 1.0796 USD
USD,2024-05-15,0.9231905465288036,ecb_daily,ECB reference rate: 1 EUR = 1.0832 USD
USD,2024-05-16,0.9203018590097551,ecb_daily,ECB reference rate: 1 EUR = 1.0866 USD
USD,2024-05-17,0.9221689413500553,ecb_daily,ECB reference rate: 1 EUR = 1.0844 USD
USD,2024-05-20,0.9207255317189945,ecb_daily,ECB reference rate: 1 EUR = 1.0861 USD
USD,2024-05-21,0.9204712812960235,ecb_daily,ECB reference rate: 1 EUR = 1.0864 USD
USD,2024-05-22,0.9233610341643583,ecb_daily,ECB reference rate: 1 EUR = 1.083 USD
USD,2024-05-23,0.9213193292795283,ecb_daily,ECB reference rate: 1 EUR = 1.0854 USD
USD,2024-05-24,0.9225092250922509,ecb_daily,ECB reference rate: 1 EUR = 1.084 USD
USD,2024-05-27,0.9222539887485013,ecb_daily,ECB reference rate: 1 EUR = 1.0843 USD
USD,2024-05-28,0.9189487226612755,ecb_daily,ECB reference rate: 1 EUR = 1.0882 USD
USD,2024-05-29,0.9210647508519848,ecb_daily,ECB reference rate: 1 EUR = 1.0857 USD
USD,2024-05-30,0.9246417013407305,ecb_daily,ECB reference rate: 1 EUR = 1.0815 USD
USD,2024-05-31,0.9214891264283082,ecb_daily,ECB reference rate: 1 EUR = 1.0852 USD
USD,2024-06-03,0.9223390518354546,ecb_daily,ECB reference rate: 1 EUR = 1.0842 USD
USD,2024-06-04,0.9203865623561895,ecb_daily,ECB reference rate: 1 EUR = 1.0865 USD
USD,2024-06-05,0.919793966151582,ecb_daily,ECB reference rate: 1 EUR = 1.0872 USD
USD,2024-06-06,0.9203865623561895,ecb_daily,ECB reference rate: 1 EUR = 1.0865 USD
USD,2024-06-07,0.9175995595522113,ecb_daily,ECB reference rate: 1 EUR = 1.0898 USD
USD,2024-06-10,0.9297136481963556,ecb_daily,ECB reference rate: 1 EUR = 1.0756 USD
USD,2024-06-11,0.9319664492078286,ecb_daily,ECB reference rate: 1 EUR = 1.073 USD
USD,2024-06-12,0.9289363678588016,ecb_daily,ECB reference rate: 1 EUR = 1.0765 USD
USD,2024-06-13,0.9272997032640949,ecb_daily,ECB reference rate: 1 EUR = 1.0784 USD
USD,2024-06-14,0.9358038555118847,ecb_daily,ECB reference rate: 1 EUR = 1.0686 USD
USD,2024-06-17,0.9335324869305452,ecb_daily,ECB reference rate: 1 EUR = 1.0712 USD
USD,2024-06-18,0.9332711152589829,ecb_daily,ECB reference rate: 1 EUR = 1.0715 USD
USD,2024-06-19,0.9303190994511118,ecb_daily,ECB reference rate: 1 EUR = 1.0749 USD
USD,2024-06-20,0.9329228472805299,ecb_daily,ECB reference rate: 1 EUR = 1.0719 USD
USD,2024-06-21,0.9356287425149701,ecb_daily,ECB reference rate: 1 EUR = 1.0688 USD
USD,2024-06-24,0.9319664492078286,ecb_daily,ECB reference rate: 1 EUR = 1.073 USD
USD,2024-06-25,0.9333582228859437,ecb_daily,ECB reference rate: 1 EUR = 1.0714 USD
USD,2024-06-26,0.9355412105903266,ecb_daily,ECB reference rate: 1 EUR = 1.0689 USD
USD,2024-06-27,0.9349289454001495,ecb_daily,ECB reference rate: 1 EUR = 1.0696 USD
USD,2024-06-28,0.9341429238673516,ecb_daily,ECB reference rate: 1 EUR = 1.0705 USD
USD,2024-07-01,0.9306654257794322,ecb_daily,ECB reference rate: 1 EUR = 1.0745 USD
USD,2024-07-02,0.9320533134495294,ecb_daily,ECB reference rate: 1 EUR = 1.0729 USD
USD,2024-07-03,0.9295408068414203,ecb_daily,ECB reference rate: 1 EUR = 1.0758 USD
USD,2024-07-04,0.9259259259259258,ecb_daily,ECB reference rate: 1 EUR = 1.08 USD
USD,2024-07-05,0.9238728750923872,ecb_daily,ECB reference rate: 1 EUR = 1.0824 USD
USD,2024-07-08,0.9229349330872174,ecb_daily,ECB reference rate: 1 EUR = 1.0835 USD
USD,2024-07-09,0.9247272054743851,ecb_daily,ECB reference rate: 1 EUR = 1.0814 USD
USD,2024-07-10,0.9237875288683602,ecb_daily,ECB reference rate: 1 EUR = 1.0825 USD
USD,2024-07-11,0.921234454168586,ecb_daily,ECB reference rate: 1 EUR = 1.0855 USD
USD,2024-07-12,0.9182736455463728,ecb_daily,ECB reference rate: 1 EUR = 1.089 USD
USD,2024-07-15,0.9168423947923352,ecb_daily,ECB reference rate: 1 EUR = 1.0907 USD
USD,2024-07-16,0.91726288754357,ecb_daily,ECB reference rate: 1 EUR = 1.0902 USD
USD,2024-07-17,0.9145783793671118,ecb_daily,ECB reference rate: 1 EUR = 1.0934 USD
USD,2024-07-18,0.9149130832570906,ecb_daily,ECB reference rate: 1 EUR = 1.093 USD
USD,2024-07-19,0.9182736455463728,ecb_daily,ECB reference rate: 1 EUR = 1.089 USD
USD,2024-07-22,0.9184423218221895,ecb_daily,ECB reference rate: 1 EUR = 1.0888 USD
USD,2024-07-23,0.9208103130755064,ecb_daily,ECB reference rate: 1 EUR = 1.086 USD
USD,2024-07-24,0.9218289085545723,ecb_daily,ECB reference rate: 1 EUR = 1.0848 USD
USD,2024-07-25,0.921574048474795,ecb_daily,ECB reference rate: 1 EUR = 1.0851 USD
USD,2024-07-26,0.9208103130755064,ecb_daily,ECB reference rate: 1 EUR = 1.086 USD
USD,2024-07-29,0.924470740501063,ecb_daily,ECB reference rate: 1 EUR = 1.0817 USD
USD,2024-07-30,0.9238728750923872,ecb_daily,ECB reference rate: 1 EUR = 1.0824 USD
USD,2024-07-31,0.9235315847801995,ecb_daily,ECB reference rate: 1 EUR = 1.0828 USD
USD,2024-08-01,0.9268699601445918,ecb_daily,ECB reference rate: 1 EUR = 1.0789 USD
USD,2024-08-02,0.9229349330872174,ecb_daily,ECB reference rate: 1 EUR = 1.0835 USD
USD,2024-08-05,0.9119095385737734,ecb_daily,ECB reference rate: 1 EUR = 1.0966 USD
USD,2024-08-06,0.9161704076958315,ecb_daily,ECB reference rate: 1 EUR = 1.0915 USD
USD,2024-08-07,0.9155832265152902,ecb_daily,ECB reference rate: 1 EUR = 1.0922 USD
USD,2024-08-08,0.9149130832570906,ecb_daily,ECB reference rate: 1 EUR = 1.093 USD
USD,2024-08-09,0.9160025648071816,ecb_daily,ECB reference rate: 1 EUR = 1.0917 USD
USD,2024-08-12,0.9153318077803203,ecb_daily,ECB reference rate: 1 EUR = 1.0925 USD
USD,2024-08-13,0.9148293843198244,ecb_daily,ECB reference rate: 1 EUR = 1.0931 USD
USD,2024-08-14,0.9075233687267447,ecb_daily,ECB reference rate: 1 EUR = 1.1019 USD
USD,2024-08-15,0.9081827263645446,ecb_daily,ECB reference rate: 1 EUR = 1.1011 USD
USD,2024-08-16,0.9095870474804439,ecb_daily,ECB reference rate: 1 EUR = 1.0994 USD
USD,2024-08-19,0.9057150620414817,ecb_daily,ECB reference rate: 1 EUR = 1.1041 USD
USD,2024-08-20,0.9022013713460844,ecb_daily,ECB reference rate: 1 EUR = 1.1084 USD
USD,2024-08-21,0.8996041741633681,ecb_daily,ECB reference rate: 1 EUR = 1.1116 USD
USD,2024-08-22,0.898069151324652,ecb_daily,ECB reference rate: 1 EUR = 1.1135 USD
USD,2024-08-23,0.899199712256092,ecb_daily,ECB reference rate: 1 EUR = 1.1121 USD
USD,2024-08-26,0.8958165367732688,ecb_daily,ECB reference rate: 1 EUR = 1.1163 USD
USD,2024-08-27,0.8958967926894821,ecb_daily,ECB reference rate: 1 EUR = 1.1162 USD
USD,2024-08-28,0.8995232526760818,ecb_daily,ECB reference rate: 1 EUR = 1.1117 USD
USD,2024-08-29,0.9018759018759018,ecb_daily,ECB reference rate: 1 EUR = 1.1088 USD
USD,2024-08-30,0.9019572472264814,ecb_daily,ECB reference rate: 1 EUR = 1.1087 USD
USD,2024-09-02,0.9040773890245004,ecb_daily,ECB reference rate: 1 EUR = 1.1061 USD
USD,2024-09-03,0.9062075215224287,ecb_daily,ECB reference rate: 1 EUR = 1.1035 USD
USD,2024-09-04,0.9049773755656109,ecb_daily,ECB reference rate: 1 EUR = 1.105 USD
USD,2024-09-05,0.901144453455889,ecb_daily,ECB reference rate: 1 EUR = 1.1097 USD
USD,2024-09-06,0.900657479960371,ecb_daily,ECB reference rate: 1 EUR = 1.1103 USD
USD,2024-09-09,0.9055510278004165,ecb_daily,ECB reference rate: 1 EUR = 1.1043 USD
USD,2024-09-10,0.9065361254645998,ecb_daily,ECB reference rate: 1 EUR = 1.1031 USD
USD,2024-09-11,0.9055510278004165,ecb_daily,ECB reference rate: 1 EUR = 1.1043 USD
USD,2024-09-12,0.907770515613653,ecb_daily,ECB reference rate: 1 EUR = 1.1016 USD
USD,2024-09-13,0.902445627650934,ecb_daily,ECB reference rate: 1 EUR = 1.1081 USD
USD,2024-09-16,0.8987956138774043,ecb_daily,ECB reference rate: 1 EUR = 1.1126 USD
USD,2024-09-17,0.8977466558937068,ecb_daily,ECB reference rate: 1 EUR = 1.1139 USD
USD,2024-09-18,0.8989572096368212,ecb_daily,ECB reference rate: 1 EUR = 1.1124 USD
USD,2024-09-19,0.8963786303334529,ecb_daily,ECB reference rate: 1 EUR = 1.1156 USD
USD,2024-09-20,0.8955758552749418,ecb_daily,ECB reference rate: 1 EUR = 1.1166 USD
USD,2024-09-23,0.8993614533681086,ecb_daily,ECB reference rate: 1 EUR = 1.1119 USD
USD,2024-09-24,0.898230485942693,ecb_daily,ECB reference rate: 1 EUR = 1.1133 USD
USD,2024-09-25,0.8933357155619082,ecb_daily,ECB reference rate: 1 EUR = 1.1194 USD
USD,2024-09-26,0.8964589870013447,ecb_daily,ECB reference rate: 1 EUR = 1.1155 USD
USD,2024-09-27,0.8962179602079227,ecb_daily,ECB reference rate: 1 EUR = 1.1158 USD
USD,2024-09-30,0.8931761343336907,ecb_daily,ECB reference rate: 1 EUR = 1.1196 USD
USD,2024-10-01,0.9020386072523904,ecb_daily,ECB reference rate: 1 EUR = 1.1086 USD
USD,2024-10-02,0.9032607713846987,ecb_daily,ECB reference rate: 1 EUR = 1.1071 USD
USD,2024-10-03,0.9058791557206268,ecb_daily,ECB reference rate: 1 EUR = 1.1039 USD
USD,2024-10-04,0.9067005168192946,ecb_daily,ECB reference rate: 1 EUR = 1.1029 USD
USD,2024-10-07,0.9105809506465125,ecb_daily,ECB reference rate: 1 EUR = 1.0982 USD
USD,2024-10-08,0.9105809506465125,ecb_daily,ECB reference rate: 1 EUR = 1.0982 USD
USD,2024-10-09,0.9126585744273068,ecb_daily,ECB reference rate: 1 EUR = 1.0957 USD
USD,2024-10-10,0.9147457006952068,ecb_daily,ECB reference rate: 1 EUR = 1.0932 USD
USD,2024-10-11,0.9142439202779301,ecb_daily,ECB reference rate: 1 EUR = 1.0938 USD
USD,2024-10-14,0.9161704076958315,ecb_daily,ECB reference rate: 1 EUR = 1.0915 USD
USD,2024-10-15,0.9171787581399614,ecb_daily,ECB reference rate: 1 EUR = 1.0903 USD
USD,2024-10-16,0.9176837661741765,ecb_daily,ECB reference rate: 1 EUR = 1.0897 USD
USD,2024-10-17,0.9203018590097551,ecb_daily,ECB reference rate: 1 EUR = 1.0866 USD
USD,2024-10-18,0.9219138932423712,ecb_daily,ECB reference rate: 1 EUR = 1.0847 USD
USD,2024-10-21,0.9214042200313278,ecb_daily,ECB reference rate: 1 EUR = 1.0853 USD
USD,2024-10-22,0.9241290084095739,ecb_daily,ECB reference rate: 1 EUR = 1.0821 USD
USD,2024-10-23,0.9287638153617536,ecb_daily,ECB reference rate: 1 EUR = 1.0767 USD
USD,2024-10-24,0.9258401999814831,ecb_daily,ECB reference rate: 1 EUR = 1.0801 USD
USD,2024-10-25,0.9237875288683602,ecb_daily,ECB reference rate: 1 EUR = 1.0825 USD
USD,2024-10-28,0.924385283786282,ecb_daily,ECB reference rate: 1 EUR = 1.0818 USD
USD,2024-10-29,0.9281603861147207,ecb_daily,ECB reference rate: 1 EUR = 1.0774 USD
USD,2024-10-30,0.9246417013407305,ecb_daily,ECB reference rate: 1 EUR = 1.0815 USD
USD,2024-10-31,0.9189487226612755,ecb_daily,ECB reference rate: 1 EUR = 1.0882 USD
USD,2024-11-01,0.9186954524575103,ecb_daily,ECB reference rate: 1 EUR = 1.0885 USD
USD,2024-11-04,0.917094644167278,ecb_daily,ECB reference rate: 1 EUR = 1.0904 USD
USD,2024-11-05,0.9176837661741765,ecb_daily,ECB reference rate: 1 EUR = 1.0897 USD
USD,2024-11-06,0.9350163627863488,ecb_daily,ECB reference rate: 1 EUR = 1.0695 USD
USD,2024-11-07,0.9272137227630969,ecb_daily,ECB reference rate: 1 EUR = 1.0785 USD
USD,2024-11-08,0.9283327144448571,ecb_daily,ECB reference rate: 1 EUR = 1.0772 USD
USD,2024-11-11,0.9388789784996715,ecb_daily,ECB reference rate: 1 EUR = 1.0651 USD
USD,2024-11-12,0.941885655081473,ecb_daily,ECB reference rate: 1 EUR = 1.0617 USD
USD,2024-11-13,0.940822278671559,ecb_daily,ECB reference rate: 1 EUR = 1.0629 USD
USD,2024-11-14,0.949397132820659,ecb_daily,ECB reference rate: 1 EUR = 1.0533 USD
USD,2024-11-15,0.9449116507606539,ecb_daily,ECB reference rate: 1 EUR = 1.0583 USD
USD,2024-11-18,0.9476876421531464,ecb_daily,ECB reference rate: 1 EUR = 1.0552 USD
USD,2024-11-19,0.9453582907922102,ecb_daily,ECB reference rate: 1 EUR = 1.0578 USD
USD,2024-11-20,0.946790380609733,ecb_daily,ECB reference rate: 1 EUR = 1.0562 USD
USD,2024-11-21,0.9500285008550257,ecb_daily,ECB reference rate: 1 EUR = 1.0526 USD
USD,2024-11-22,0.9604302727621975,ecb_daily,ECB reference rate: 1 EUR = 1.0412 USD
USD,2024-11-25,0.9528346831824678,ecb_daily,ECB reference rate: 1 EUR = 1.0495 USD
USD,2024-11-26,0.9503896597605018,ecb_daily,ECB reference rate: 1 EUR = 1.0522 USD
USD,2024-11-27,0.9495774380400722,ecb_daily,ECB reference rate: 1 EUR = 1.0531 USD
USD,2024-11-28,0.9485866059571239,ecb_daily,ECB reference rate: 1 EUR = 1.0542 USD
USD,2024-11-29,0.946790380609733,ecb_daily,ECB reference rate: 1 EUR = 1.0562 USD
USD,2024-12-02,0.9517464547444561,ecb_daily,ECB reference rate: 1 EUR = 1.0507 USD
USD,2024-12-03,0.9512937595129377,ecb_daily,ECB reference rate: 1 EUR = 1.0512 USD
USD,2024-12-04,0.9531071292413268,ecb_daily,ECB reference rate: 1 EUR = 1.0492 USD
USD,2024-12-05,0.9487666034155597,ecb_daily,ECB reference rate: 1 EUR = 1.054 USD
USD,2024-12-06,0.9450902561194594,ecb_daily,ECB reference rate: 1 EUR = 1.0581 USD
USD,2024-12-09,0.9462528387585163,ecb_daily,ECB reference rate: 1 EUR = 1.0568 USD
USD,2024-12-10,0.9499382540134892,ecb_daily,ECB reference rate: 1 EUR = 1.0527 USD
USD,2024-12-11,0.9517464547444561,ecb_daily,ECB reference rate: 1 EUR = 1.0507 USD
USD,2024-12-12,0.9531979792202842,ecb_daily,ECB reference rate: 1 EUR = 1.0491 USD
USD,2024-12-13,0.9507510933637573,ecb_daily,ECB reference rate: 1 EUR = 1.0518 USD
USD,2024-12-16,0.9525623928367307,ecb_daily,ECB reference rate: 1 EUR = 1.0498 USD
USD,2024-12-17,0.9526531389920929,ecb_daily,ECB reference rate: 1 EUR = 1.0497 USD
USD,2024-12-18,0.9527439024390243,ecb_daily,ECB reference rate: 1 EUR = 1.0496 USD
USD,2024-12-19,0.962000962000962,ecb_daily,ECB reference rate: 1 EUR = 1.0395 USD
USD,2024-12-20,0.9624639076034649,ecb_daily,ECB reference rate: 1 EUR = 1.039 USD
USD,2024-12-23,0.9621860867891852,ecb_daily,ECB reference rate: 1 EUR = 1.0393 USD
USD,2024-12-24,0.962000962000962,ecb_daily,ECB reference rate: 1 EUR = 1.0395 USD
USD,2024-12-27,0.9583133684714901,ecb_daily,ECB reference rate: 1 EUR = 1.0435 USD
USD,2024-12-30,0.9574875526618154,ecb_daily,ECB reference rate: 1 EUR = 1.0444 USD
USD,2024-12-31,0.9625565501973241,ecb_daily,ECB reference rate: 1 EUR = 1.0389 USD
USD,2025-01-02,0.9688983625617672,ecb_daily,ECB reference rate: 1 EUR = 1.0321 USD
USD,2025-01-03,0.9709680551509855,ecb_daily,ECB reference rate: 1 EUR = 1.0299 USD
USD,2025-01-06,0.959140610013428,ecb_daily,ECB reference rate: 1 EUR = 1.0426 USD
USD,2025-01-07,0.9621860867891852,ecb_daily,ECB reference rate: 1 EUR = 1.0393 USD
USD,2025-01-08,0.9721952167995334,ecb_daily,ECB reference rate: 1 EUR = 1.0286 USD
USD,2025-01-09,0.970402717127608,ecb_daily,ECB reference rate: 1 EUR = 1.0305 USD
USD,2025-01-10,0.9704968944099379,ecb_daily,ECB reference rate: 1 EUR = 1.0304 USD
USD,2025-01-13,0.9805844283192783,ecb_daily,ECB reference rate: 1 EUR = 1.0198 USD
USD,2025-01-14,0.9760858955588092,ecb_daily,ECB reference rate: 1 EUR = 1.0245 USD
USD,2025-01-15,0.970873786407767,ecb_daily,ECB reference rate: 1 EUR = 1.03 USD
USD,2025-01-16,0.9735202492211839,ecb_daily,ECB reference rate: 1 EUR = 1.0272 USD
USD,2025-01-17,0.9710623422023693,ecb_daily,ECB reference rate: 1 EUR = 1.0298 USD
USD,2025-01-20,0.9693679720822024,ecb_daily,ECB reference rate: 1 EUR = 1.0316 USD
USD,2025-01-21,0.9655305590421936,ecb_daily,ECB reference rate: 1 EUR = 1.0357 USD
USD,2025-01-22,0.9575792396820837,ecb_daily,ECB reference rate: 1 EUR = 1.0443 USD
USD,2025-01-23,0.9611687812379854,ecb_daily,ECB reference rate: 1 EUR = 1.0404 USD
USD,2025-01-24,0.9549274255156609,ecb_daily,ECB reference rate: 1 EUR = 1.0472 USD
USD,2025-01-27,0.9496676163342831,ecb_daily,ECB reference rate: 1 EUR = 1.053 USD
USD,2025-01-28,0.9596008060646771,ecb_daily,ECB reference rate: 1 EUR = 1.0421 USD
USD,2025-01-29,0.9619084263178145,ecb_daily,ECB reference rate: 1 EUR = 1.0396 USD
USD,2025-01-30,0.9612611746611555,ecb_daily,ECB reference rate: 1 EUR = 1.0403 USD
USD,2025-01-31,0.9621860867891852,ecb_daily,ECB reference rate: 1 EUR = 1.0393 USD
USD,2025-02-03,0.9733307377846991,ecb_daily,ECB reference rate: 1 EUR = 1.0274 USD
USD,2025-02-04,0.9675858732462506,ecb_daily,ECB reference rate: 1 EUR = 1.0335 USD
USD,2025-02-05,0.9595087315294569,ecb_daily,ECB reference rate: 1 EUR = 1.0422 USD
USD,2025-02-06,0.9652509652509652,ecb_daily,ECB reference rate: 1 EUR = 1.036 USD
USD,2025-02-07,0.9636696540425941,ecb_daily,ECB reference rate: 1 EUR = 1.0377 USD
USD,2025-02-10,0.9689922480620154,ecb_daily,ECB reference rate: 1 EUR = 1.032 USD
USD,2025-02-11,0.9686168151879117,ecb_daily,ECB reference rate: 1 EUR = 1.0324 USD
USD,2025-02-12,0.9643201542912248,ecb_daily,ECB reference rate: 1 EUR = 1.037 USD
USD,2025-02-13,0.9624639076034649,ecb_daily,ECB reference rate: 1 EUR = 1.039 USD
USD,2025-02-14,0.954380606986066,ecb_daily,ECB reference rate: 1 EUR = 1.0478 USD
USD,2025-02-17,0.9548362455838825,ecb_daily,ECB reference rate: 1 EUR = 1.0473 USD
USD,2025-02-18,0.9572125969177755,ecb_daily,ECB reference rate: 1 EUR = 1.0447 USD
USD,2025-02-19,0.9584052137243626,ecb_daily,ECB reference rate: 1 EUR = 1.0434 USD
USD,2025-02-20,0.9575792396820837,ecb_daily,ECB reference rate: 1 EUR = 1.0443 USD
USD,2025-02-21,0.9555661729574774,ecb_daily,ECB reference rate: 1 EUR = 1.0465 USD
USD,2025-02-24,0.9554748710108925,ecb_daily,ECB reference rate: 1 EUR = 1.0466 USD
USD,2025-02-25,0.9526531389920929,ecb_daily,ECB reference rate: 1 EUR = 1.0497 USD
USD,2025-02-26,0.9535615523982074,ecb_daily,ECB reference rate: 1 EUR = 1.0487 USD
USD,2025-02-27,0.9544716999140975,ecb_daily,ECB reference rate: 1 EUR = 1.0477 USD
USD,2025-02-28,0.9605225242531938,ecb_daily,ECB reference rate: 1 EUR = 1.0411 USD
USD,2025-03-03,0.9555661729574774,ecb_daily,ECB reference rate: 1 EUR = 1.0465 USD
USD,2025-03-04,0.9472387989012029,ecb_daily,ECB reference rate: 1 EUR = 1.0557 USD
USD,2025-03-05,0.935103796521414,ecb_daily,ECB reference rate: 1 EUR = 1.0694 USD
USD,2025-03-06,0.9262689885142646,ecb_daily,ECB reference rate: 1 EUR = 1.0796 USD
USD,2025-03-07,0.9210647508519848,ecb_daily,ECB reference rate: 1 EUR = 1.0857 USD
USD,2025-03-10,0.9220839096357768,ecb_daily,ECB reference rate: 1 EUR = 1.0845 USD
USD,2025-03-11,0.9164222873900294,ecb_daily,ECB reference rate: 1 EUR = 1.0912 USD
USD,2025-03-12,0.9186110600771633,ecb_daily,ECB reference rate: 1 EUR = 1.0886 USD
USD,2025-03-13,0.9233610341643583,ecb_daily,ECB reference rate: 1 EUR = 1.083 USD
USD,2025-03-14,0.918357975939021,ecb_daily,ECB reference rate: 1 EUR = 1.0889 USD
USD,2025-03-17,0.9171787581399614,ecb_daily,ECB reference rate: 1 EUR = 1.0903 USD
USD,2025-03-18,0.9159186664224216,ecb_daily,ECB reference rate: 1 EUR = 1.0918 USD
USD,2025-03-19,0.9176837661741765,ecb_daily,ECB reference rate: 1 EUR = 1.0897 USD
USD,2025-03-20,0.9231053263177329,ecb_daily,ECB reference rate: 1 EUR = 1.0833 USD
USD,2025-03-21,0.9236168837166343,ecb_daily,ECB reference rate: 1 EUR = 1.0827 USD
USD,2025-03-24,0.9238728750923872,ecb_daily,ECB reference rate: 1 EUR = 1.0824 USD
USD,2025-03-25,0.9237875288683602,ecb_daily,ECB reference rate: 1 EUR = 1.0825 USD
USD,2025-03-26,0.9269558769002596,ecb_daily,ECB reference rate: 1 EUR = 1.0788 USD
USD,2025-03-27,0.9272137227630969,ecb_daily,ECB reference rate: 1 EUR = 1.0785 USD
USD,2025-03-28,0.9261831990367694,ecb_daily,ECB reference rate: 1 EUR = 1.0797 USD
USD,2025-03-31,0.9246417013407305,ecb_daily,ECB reference rate: 1 EUR = 1.0815 USD
USD,2025-04-01,0.9269558769002596,ecb_daily,ECB reference rate: 1 EUR = 1.0788 USD
USD,2025-04-02,0.9256687957048968,ecb_daily,ECB reference rate: 1 EUR = 1.0803 USD
USD,2025-04-03,0.901144453455889,ecb_daily,ECB reference rate: 1 EUR = 1.1097 USD
USD,2025-04-04,0.9044044496698924,ecb_daily,ECB reference rate: 1 EUR = 1.1057 USD
USD,2025-04-07,0.9118263882556761,ecb_daily,ECB reference rate: 1 EUR = 1.0967 USD
USD,2025-04-08,0.9132420091324202,ecb_daily,ECB reference rate: 1 EUR = 1.095 USD
USD,2025-04-09,0.9053870529651425,ecb_daily,ECB reference rate: 1 EUR = 1.1045 USD
USD,2025-04-10,0.9023641941887746,ecb_daily,ECB reference rate: 1 EUR = 1.1082 USD
USD,2025-04-11,0.8813678829543451,ecb_daily,ECB reference rate: 1 EUR = 1.1346 USD
USD,2025-04-14,0.878966335589347,ecb_daily,ECB reference rate: 1 EUR = 1.1377 USD
USD,2025-04-15,0.8830801836806782,ecb_daily,ECB reference rate: 1 EUR = 1.1324 USD
USD,2025-04-16,0.8806693086745927,ecb_daily,ECB reference rate: 1 EUR = 1.1355 USD
USD,2025-04-17,0.8802816901408451,ecb_daily,ECB reference rate: 1 EUR = 1.136 USD
USD,2025-04-22,0.871383757406762,ecb_daily,ECB reference rate: 1 EUR = 1.1476 USD
USD,2025-04-23,0.8760402978537013,ecb_daily,ECB reference rate: 1 EUR = 1.1415 USD
USD,2025-04-24,0.8790436005625879,ecb_daily,ECB reference rate: 1 EUR = 1.1376 USD
USD,2025-04-25,0.880514220304658,ecb_daily,ECB reference rate: 1 EUR = 1.1357 USD
USD,2025-04-28,0.8804366966015145,ecb_daily,ECB reference rate: 1 EUR = 1.1358 USD
USD,2025-04-29,0.8792754770069463,ecb_daily,ECB reference rate: 1 EUR = 1.1373 USD
USD,2025-04-30,0.8792754770069463,ecb_daily,ECB reference rate: 1 EUR = 1.1373 USD
USD,2025-05-02,0.8816009873931058,ecb_daily,ECB reference rate: 1 EUR = 1.1343 USD
USD,2025-05-05,0.8816009873931058,ecb_daily,ECB reference rate: 1 EUR = 1.1343 USD
USD,2025-05-06,0.8830022075055187,ecb_daily,ECB reference rate: 1 EUR = 1.1325 USD
USD,2025-05-07,0.8802816901408451,ecb_daily,ECB reference rate: 1 EUR = 1.136 USD
USD,2025-05-08,0.8851907586084802,ecb_daily,ECB reference rate: 1 EUR = 1.1297 USD
USD,2025-05-09,0.8887308922858159,ecb_daily,ECB reference rate: 1 EUR = 1.1252 USD
USD,2025-05-12,0.9004141905276427,ecb_daily,ECB reference rate: 1 EUR = 1.1106 USD
USD,2025-05-13,0.8999280057595392,ecb_daily,ECB reference rate: 1 EUR = 1.1112 USD
USD,2025-05-14,0.8917424647761727,ecb_daily,ECB reference rate: 1 EUR = 1.1214 USD
USD,2025-05-15,0.8940545373267769,ecb_daily,ECB reference rate: 1 EUR = 1.1185 USD
USD,2025-05-16,0.8933357155619082,ecb_daily,ECB reference rate: 1 EUR = 1.1194 USD
USD,2025-05-19,0.8879417510211329,ecb_daily,ECB reference rate: 1 EUR = 1.1262 USD
USD,2025-05-20,0.8896005693443643,ecb_daily,ECB reference rate: 1 EUR = 1.1241 USD
USD,2025-05-21,0.8833141948591113,ecb_daily,ECB reference rate: 1 EUR = 1.1321 USD
USD,2025-05-22,0.8842514811212309,ecb_daily,ECB reference rate: 1 EUR = 1.1309 USD
USD,2025-05-23,0.8848774444739402,ecb_daily,ECB reference rate: 1 EUR = 1.1301 USD
USD,2025-05-26,0.8786574114752659,ecb_daily,ECB reference rate: 1 EUR = 1.1381 USD
USD,2025-05-27,0.8805917576611484,ecb_daily,ECB reference rate: 1 EUR = 1.1356 USD
USD,2025-05-28,0.8836264027569144,ecb_daily,ECB reference rate: 1 EUR = 1.1317 USD
USD,2025-05-29,0.8864462370357237,ecb_daily,ECB reference rate: 1 EUR = 1.1281 USD
USD,2025-05-30,0.8819119851838787,ecb_daily,ECB reference rate: 1 EUR = 1.1339 USD
USD,2025-06-02,0.875733426744899,ecb_daily,ECB reference rate: 1 EUR = 1.1419 USD
USD,2025-06-03,0.8782715615668364,ecb_daily,ECB reference rate: 1 EUR = 1.1386 USD
USD,2025-06-04,0.8784258608573435,ecb_daily,ECB reference rate: 1 EUR = 1.1384 USD
USD,2025-06-05,0.8754267705506433,ecb_daily,ECB reference rate: 1 EUR = 1.1423 USD
USD,2025-06-06,0.8763473841030585,ecb_daily,ECB reference rate: 1 EUR = 1.1411 USD
USD,2025-06-09,0.8764241893076249,ecb_daily,ECB reference rate: 1 EUR = 1.141 USD
USD,2025-06-10,0.8749671887304226,ecb_daily,ECB reference rate: 1 EUR = 1.1429 USD
USD,2025-06-11,0.8746610688358262,ecb_daily,ECB reference rate: 1 EUR = 1.1433 USD
USD,2025-06-12,0.8625150940141453,ecb_daily,ECB reference rate: 1 EUR = 1.1594 USD
USD,2025-06-13,0.8686587908269632,ecb_daily,ECB reference rate: 1 EUR = 1.1512 USD
USD,2025-06-16,0.8640055296353897,ecb_daily,ECB reference rate: 1 EUR = 1.1574 USD
USD,2025-06-17,0.8644536652835407,ecb_daily,ECB reference rate: 1 EUR = 1.1568 USD
USD,2025-06-18,0.8689607229753215,ecb_daily,ECB reference rate: 1 EUR = 1.1508 USD
USD,2025-06-19,0.8712319219376199,ecb_daily,ECB reference rate: 1 EUR = 1.1478 USD
USD,2025-06-20,0.8684324793747287,ecb_daily,ECB reference rate: 1 EUR = 1.1515 USD
USD,2025-06-23,0.8716875871687587,ecb_daily,ECB reference rate: 1 EUR = 1.1472 USD
USD,2025-06-24,0.8615490652192642,ecb_daily,ECB reference rate: 1 EUR = 1.1607 USD
USD,2025-06-25,0.8622176237282291,ecb_daily,ECB reference rate: 1 EUR = 1.1598 USD
USD,2025-06-26,0.8550662676357418,ecb_daily,ECB reference rate: 1 EUR = 1.1695 USD
USD,2025-06-27,0.8544087491455912,ecb_daily,ECB reference rate: 1 EUR = 1.1704 USD
USD,2025-06-30,0.8532423208191127,ecb_daily,ECB reference rate: 1 EUR = 1.172 USD
USD,2025-07-01,0.8467400508044031,ecb_daily,ECB reference rate: 1 EUR = 1.181 USD
USD,2025-07-02,0.8507018290089324,ecb_daily,ECB reference rate: 1 EUR = 1.1755 USD
USD,2025-07-03,0.8487523340689187,ecb_daily,ECB reference rate: 1 EUR = 1.1782 USD
USD,2025-07-04,0.8498342823149485,ecb_daily,ECB reference rate: 1 EUR = 1.1767 USD
USD,2025-07-07,0.8526603001364256,ecb_daily,ECB reference rate: 1 EUR = 1.1728 USD
USD,2025-07-08,0.8533879501621437,ecb_daily,ECB reference rate: 1 EUR = 1.1718 USD
USD,2025-07-09,0.8548469823901522,ecb_daily,ECB reference rate: 1 EUR = 1.1698 USD
USD,2025-07-10,0.8540438978563498,ecb_daily,ECB reference rate: 1 EUR = 1.1709 USD
USD,2025-07-11,0.8559445347941455,ecb_daily,ECB reference rate: 1 EUR = 1.1683 USD
USD,2025-07-14,0.8554319931565441,ecb_daily,ECB reference rate: 1 EUR = 1.169 USD
USD,2025-07-15,0.8572653236176596,ecb_daily,ECB reference rate: 1 EUR = 1.1665 USD
USD,2025-07-16,0.8619203585588693,ecb_daily,ECB reference rate: 1 EUR = 1.1602 USD
USD,2025-07-17,0.8636324380343726,ecb_daily,ECB reference rate: 1 EUR = 1.1579 USD
USD,2025-07-18,0.8583690987124464,ecb_daily,ECB reference rate: 1 EUR = 1.165 USD
USD,2025-07-21,0.8571183680466272,ecb_daily,ECB reference rate: 1 EUR = 1.1667 USD
USD,2025-07-22,0.8547739123001966,ecb_daily,ECB reference rate: 1 EUR = 1.1699 USD
USD,2025-07-23,0.8528057308545113,ecb_daily,ECB reference rate: 1 EUR = 1.1726 USD
USD,2025-07-24,0.8506294658046955,ecb_daily,ECB reference rate: 1 EUR = 1.1756 USD
USD,2025-07-25,0.8529512111907198,ecb_daily,ECB reference rate: 1 EUR = 1.1724 USD
USD,2025-07-28,0.8580744808649391,ecb_daily,ECB reference rate: 1 EUR = 1.1654 USD
USD,2025-07-29,0.8670770831526923,ecb_daily,ECB reference rate: 1 EUR = 1.1533 USD
USD,2025-07-30,0.8675284115554784,ecb_daily,ECB reference rate: 1 EUR = 1.1527 USD
USD,2025-07-31,0.8736676568233444,ecb_daily,ECB reference rate: 1 EUR = 1.1446 USD
USD,2025-08-01,0.876885303402315,ecb_daily,ECB reference rate: 1 EUR = 1.1404 USD
USD,2025-08-04,0.8646779074794638,ecb_daily,ECB reference rate: 1 EUR = 1.1565 USD
USD,2025-08-05,0.8661008141347653,ecb_daily,ECB reference rate: 1 EUR = 1.1546 USD
USD,2025-08-06,0.8617718028266115,ecb_daily,ECB reference rate: 1 EUR = 1.1604 USD
USD,2025-08-07,0.8588851670531651,ecb_daily,ECB reference rate: 1 EUR = 1.1643 USD
USD,2025-08-08,0.8585164835164835,ecb_daily,ECB reference rate: 1 EUR = 1.1648 USD
USD,2025-08-11,0.8604371020478404,ecb_daily,ECB reference rate: 1 EUR = 1.1622 USD
USD,2025-08-12,0.8616232982939858,ecb_daily,ECB reference rate: 1 EUR = 1.1606 USD
USD,2025-08-13,0.853898044573478,ecb_daily,ECB reference rate: 1 EUR = 1.1711 USD
USD,2025-08-14,0.8554319931565441,ecb_daily,ECB reference rate: 1 EUR = 1.169 USD
USD,2025-08-15,0.8555783709787816,ecb_daily,ECB reference rate: 1 EUR = 1.1688 USD
USD,2025-08-18,0.8566778034781118,ecb_daily,ECB reference rate: 1 EUR = 1.1673 USD
USD,2025-08-19,0.8560178051703476,ecb_daily,ECB reference rate: 1 EUR = 1.1682 USD
USD,2025-08-20,0.8582954252853832,ecb_daily,ECB reference rate: 1 EUR = 1.1651 USD
USD,2025-08-21,0.8591803419537761,ecb_daily,ECB reference rate: 1 EUR = 1.1639 USD
USD,2025-08-22,0.8614748449345279,ecb_daily,ECB reference rate: 1 EUR = 1.1608 USD
USD,2025-08-25,0.8549200649739249,ecb_daily,ECB reference rate: 1 EUR = 1.1697 USD
USD,2025-08-26,0.8579272477693892,ecb_daily,ECB reference rate: 1 EUR = 1.1656 USD
USD,2025-08-27,0.8625894936599672,ecb_daily,ECB reference rate: 1 EUR = 1.1593 USD
USD,2025-08-28,0.8564576909900651,ecb_daily,ECB reference rate: 1 EUR = 1.1676 USD
USD,2025-08-29,0.857780065191285,ecb_daily,ECB reference rate: 1 EUR = 1.1658 USD
USD,2025-09-01,0.8536064874093043,ecb_daily,ECB reference rate: 1 EUR = 1.1715 USD
USD,2025-09-02,0.858663918942126,ecb_daily,ECB reference rate: 1 EUR = 1.1646 USD
USD,2025-09-03,0.8581481163648845,ecb_daily,ECB reference rate: 1 EUR = 1.1653 USD
USD,2025-09-04,0.8585901948999742,ecb_daily,ECB reference rate: 1 EUR = 1.1647 USD
USD,2025-09-05,0.8549200649739249,ecb_daily,ECB reference rate: 1 EUR = 1.1697 USD
USD,2025-09-08,0.8526603001364256,ecb_daily,ECB reference rate: 1 EUR = 1.1728 USD
USD,2025-09-09,0.8514986376021798,ecb_daily,ECB reference rate: 1 EUR = 1.1744 USD
USD,2025-09-10,0.8541898009737763,ecb_daily,ECB reference rate: 1 EUR = 1.1707 USD
USD,2025-09-11,0.8557980316645271,ecb_daily,ECB reference rate: 1 EUR = 1.1685 USD
USD,2025-09-12,0.8533879501621437,ecb_daily,ECB reference rate: 1 EUR = 1.1718 USD
USD,2025-09-15,0.8499065102838687,ecb_daily,ECB reference rate: 1 EUR = 1.1766 USD
USD,2025-09-16,0.8469551960701278,ecb_daily,ECB reference rate: 1 EUR = 1.1807 USD
USD,2025-09-17,0.8448086508405847,ecb_daily,ECB reference rate: 1 EUR = 1.1837 USD
USD,2025-09-18,0.8461668641056016,ecb_daily,ECB reference rate: 1 EUR = 1.1818 USD
USD,2025-09-19,0.8520790729379687,ecb_daily,ECB reference rate: 1 EUR = 1.1736 USD
USD,2025-09-22,0.848824378236143,ecb_daily,ECB reference rate: 1 EUR = 1.1781 USD
USD,2025-09-23,0.8479606546256253,ecb_daily,ECB reference rate: 1 EUR = 1.1793 USD
USD,2025-09-24,0.8506294658046955,ecb_daily,ECB reference rate: 1 EUR = 1.1756 USD
USD,2025-09-25,0.851861316977596,ecb_daily,ECB reference rate: 1 EUR = 1.1739 USD
USD,2025-09-26,0.8567511994516792,ecb_daily,ECB reference rate: 1 EUR = 1.1672 USD
USD,2025-09-29,0.8530239699735563,ecb_daily,ECB reference rate: 1 EUR = 1.1723 USD
USD,2025-09-30,0.8517162081594414,ecb_daily,ECB reference rate: 1 EUR = 1.1741 USD
USD,2025-10-01,0.8529512111907198,ecb_daily,ECB reference rate: 1 EUR = 1.1724 USD
USD,2025-10-02,0.8507742045261187,ecb_daily,ECB reference rate: 1 EUR = 1.1754 USD
USD,2025-10-03,0.8522243054371911,ecb_daily,ECB reference rate: 1 EUR = 1.1734 USD
USD,2025-10-06,0.8563110121596164,ecb_daily,ECB reference rate: 1 EUR = 1.1678 USD
USD,2025-10-07,0.8571918395336876,ecb_daily,ECB reference rate: 1 EUR = 1.1666 USD
USD,2025-10-08,0.8600670852326481,ecb_daily,ECB reference rate: 1 EUR = 1.1627 USD
USD,2025-10-09,0.8612522607871845,ecb_daily,ECB reference rate: 1 EUR = 1.1611 USD
USD,2025-10-10,0.8644536652835407,ecb_daily,ECB reference rate: 1 EUR = 1.1568 USD
USD,2025-10-13,0.8643789437289308,ecb_daily,ECB reference rate: 1 EUR = 1.1569 USD
USD,2025-10-14,0.8655760408551891,ecb_daily,ECB reference rate: 1 EUR = 1.1553 USD
USD,2025-10-15,0.8604371020478404,ecb_daily,ECB reference rate: 1 EUR = 1.1622 USD
USD,2025-10-16,0.8584427847883939,ecb_daily,ECB reference rate: 1 EUR = 1.1649 USD
USD,2025-10-17,0.856091088091773,ecb_daily,ECB reference rate: 1 EUR = 1.1681 USD
USD,2025-10-20,0.858000858000858,ecb_daily,ECB reference rate: 1 EUR = 1.1655 USD
USD,2025-10-21,0.8615490652192642,ecb_daily,ECB reference rate: 1 EUR = 1.1607 USD
USD,2025-10-22,0.8630361612151549,ecb_daily,ECB reference rate: 1 EUR = 1.1587 USD
USD,2025-10-23,0.8625894936599672,ecb_daily,ECB reference rate: 1 EUR = 1.1593 USD
USD,2025-10-24,0.861178091629349,ecb_daily,ECB reference rate: 1 EUR = 1.1612 USD
USD,2025-10-27,0.859106529209622,ecb_daily,ECB reference rate: 1 EUR = 1.164 USD
USD,2025-10-28,0.8598452278589853,ecb_daily,ECB reference rate: 1 EUR = 1.163 USD
USD,2025-10-29,0.8594018563080097,ecb_daily,ECB reference rate: 1 EUR = 1.1636 USD
USD,2025-10-30,0.8658008658008658,ecb_daily,ECB reference rate: 1 EUR = 1.155 USD
USD,2025-10-31,0.8655011251514627,ecb_daily,ECB reference rate: 1 EUR = 1.1554 USD
USD,2025-11-03,0.8685079034219212,ecb_daily,ECB reference rate: 1 EUR = 1.1514 USD
USD,2025-11-04,0.8702462796971543,ecb_daily,ECB reference rate: 1 EUR = 1.1491 USD
USD,2025-11-05,0.8701705534284719,ecb_daily,ECB reference rate: 1 EUR = 1.1492 USD
USD,2025-11-06,0.8670770831526923,ecb_daily,ECB reference rate: 1 EUR = 1.1533 USD
USD,2025-11-07,0.8649770781074302,ecb_daily,ECB reference rate: 1 EUR = 1.1561 USD
USD,2025-11-10,0.8642295393656555,ecb_daily,ECB reference rate: 1 EUR = 1.1571 USD
USD,2025-11-11,0.8639308855291576,ecb_daily,ECB reference rate: 1 EUR = 1.1575 USD
USD,2025-11-12,0.8638562543192813,ecb_daily,ECB reference rate: 1 EUR = 1.1576 USD
USD,2025-11-13,0.8606592649969877,ecb_daily,ECB reference rate: 1 EUR = 1.1619 USD
USD,2025-11-14,0.8585164835164835,ecb_daily,ECB reference rate: 1 EUR = 1.1648 USD
USD,2025-11-17,0.8625894936599672,ecb_daily,ECB reference rate: 1 EUR = 1.1593 USD
USD,2025-11-18,0.8628127696289905,ecb_daily,ECB reference rate: 1 EUR = 1.159 USD
USD,2025-11-19,0.86333419666753,ecb_daily,ECB reference rate: 1 EUR = 1.1583 USD
USD,2025-11-20,0.8685079034219212,ecb_daily,ECB reference rate: 1 EUR = 1.1514 USD
USD,2025-11-21,0.8680555555555556,ecb_daily,ECB reference rate: 1 EUR = 1.152 USD
USD,2025-11-24,0.8662508662508662,ecb_daily,ECB reference rate: 1 EUR = 1.1544 USD
USD,2025-11-25,0.8657259111765215,ecb_daily,ECB reference rate: 1 EUR = 1.1551 USD
USD,2025-11-26,0.8637816360024186,ecb_daily,ECB reference rate: 1 EUR = 1.1577 USD
USD,2025-11-27,0.8631106507854306,ecb_daily,ECB reference rate: 1 EUR = 1.1586 USD
USD,2025-11-28,0.8646031471554556,ecb_daily,ECB reference rate: 1 EUR = 1.1566 USD
USD,2025-12-01,0.858663918942126,ecb_daily,ECB reference rate: 1 EUR = 1.1646 USD
USD,2025-12-02,0.8610297916307904,ecb_daily,ECB reference rate: 1 EUR = 1.1614 USD
USD,2025-12-03,0.8570449091532396,ecb_daily,ECB reference rate: 1 EUR = 1.1668 USD
USD,2025-12-04,0.8571918395336876,ecb_daily,ECB reference rate: 1 EUR = 1.1666 USD
USD,2025-12-05,0.8587376556462,ecb_daily,ECB reference rate: 1 EUR = 1.1645 USD
USD,2025-12-08,0.858000858000858,ecb_daily,ECB reference rate: 1 EUR = 1.1655 USD
USD,2025-12-09,0.8593280054996992,ecb_daily,ECB reference rate: 1 EUR = 1.1637 USD
USD,2025-12-10,0.8595495960116899,ecb_daily,ECB reference rate: 1 EUR = 1.1634 USD
USD,2025-12-11,0.8536793580331228,ecb_daily,ECB reference rate: 1 EUR = 1.1714 USD
USD,2025-12-12,0.8524422470377632,ecb_daily,ECB reference rate: 1 EUR = 1.1731 USD
USD,2025-12-15,0.8508465923593976,ecb_daily,ECB reference rate: 1 EUR = 1.1753 USD
USD,2025-12-16,0.8491847826086957,ecb_daily,ECB reference rate: 1 EUR = 1.1776 USD
USD,2025-12-17,0.8530967411704488,ecb_daily,ECB reference rate: 1 EUR = 1.1722 USD
USD,2025-12-18,0.8533151292772422,ecb_daily,ECB reference rate: 1 EUR = 1.1719 USD
USD,2025-12-19,0.8538251366120219,ecb_daily,ECB reference rate: 1 EUR = 1.1712 USD
USD,2025-12-22,0.8514261387824605,ecb_daily,ECB reference rate: 1 EUR = 1.1745 USD
USD,2025-12-23,0.8484642796538265,ecb_daily,ECB reference rate: 1 EUR = 1.1786 USD
USD,2025-12-24,0.8483922965979468,ecb_daily,ECB reference rate: 1 EUR = 1.1787 USD
USD,2025-12-29,0.8499065102838687,ecb_daily,ECB reference rate: 1 EUR = 1.1766 USD
USD,2025-12-30,0.8505571149102662,ecb_daily,ECB reference rate: 1 EUR = 1.1757 USD
USD,2025-12-31,0.851063829787234,ecb_daily,ECB reference rate: 1 EUR = 1.175 USD
USD,2026-01-02,0.8531695247845748,ecb_daily,ECB reference rate: 1 EUR = 1.1721 USD
USD,2026-01-05,0.8573388203017832,ecb_daily,ECB reference rate: 1 EUR = 1.1664 USD
USD,2026-01-06,0.8541898009737763,ecb_daily,ECB reference rate: 1 EUR = 1.1707 USD
USD,2026-01-07,0.8558712769599451,ecb_daily,ECB reference rate: 1 EUR = 1.1684 USD
USD,2026-01-08,0.8565310492505354,ecb_daily,ECB reference rate: 1 EUR = 1.1675 USD
USD,2026-01-09,0.8589589417625838,ecb_daily,ECB reference rate: 1 EUR = 1.1642 USD
USD,2026-01-12,0.8552856654122477,ecb_daily,ECB reference rate: 1 EUR = 1.1692 USD
USD,2026-01-13,0.8580744808649391,ecb_daily,ECB reference rate: 1 EUR = 1.1654 USD
USD,2026-01-14,0.8582954252853832,ecb_daily,ECB reference rate: 1 EUR = 1.1651 USD
USD,2026-01-15,0.8602890571231934,ecb_daily,ECB reference rate: 1 EUR = 1.1624 USD
USD,2026-01-16,0.860807437376259,ecb_daily,ECB reference rate: 1 EUR = 1.1617 USD
USD,2026-01-19,0.8597713008339781,ecb_daily,ECB reference rate: 1 EUR = 1.1631 USD
USD,2026-01-20,0.8526603001364256,ecb_daily,ECB reference rate: 1 EUR = 1.1728 USD
USD,2026-01-21,0.851861316977596,ecb_daily,ECB reference rate: 1 EUR = 1.1739 USD
USD,2026-01-22,0.8542627712284298,ecb_daily,ECB reference rate: 1 EUR = 1.1706 USD
USD,2026-01-23,0.8516436722875149,ecb_daily,ECB reference rate: 1 EUR = 1.1742 USD
USD,2026-01-26,0.8448800270361608,ecb_daily,ECB reference rate: 1 EUR = 1.1836 USD
USD,2026-01-27,0.8382932349735938,ecb_daily,ECB reference rate: 1 EUR = 1.1929 USD
USD,2026-01-28,0.8351428094204109,ecb_daily,ECB reference rate: 1 EUR = 1.1974 USD
USD,2026-01-29,0.8355614973262031,ecb_daily,ECB reference rate: 1 EUR = 1.1968 USD
USD,2026-01-30,0.8389965601141035,ecb_daily,ECB reference rate: 1 EUR = 1.1919 USD
USD,2026-02-02,0.8445945945945946,ecb_daily,ECB reference rate: 1 EUR = 1.184 USD
USD,2026-02-03,0.8473858147614609,ecb_daily,ECB reference rate: 1 EUR = 1.1801 USD
USD,2026-02-04,0.8460236886632826,ecb_daily,ECB reference rate: 1 EUR = 1.182 USD
USD,2026-02-05,0.8476012883539583,ecb_daily,ECB reference rate: 1 EUR = 1.1798 USD
USD,2026-02-06,0.8478887569950823,ecb_daily,ECB reference rate: 1 EUR = 1.1794 USD
USD,2026-02-09,0.8413259296651522,ecb_daily,ECB reference rate: 1 EUR = 1.1886 USD
USD,2026-02-10,0.8407600470825626,ecb_daily,ECB reference rate: 1 EUR = 1.1894 USD
USD,2026-02-11,0.8403361344537815,ecb_daily,ECB reference rate: 1 EUR = 1.19 USD
USD,2026-02-12,0.8421761832575375,ecb_daily,ECB reference rate: 1 EUR = 1.1874 USD
USD,2026-02-13,0.8430281571404485,ecb_daily,ECB reference rate: 1 EUR = 1.1862 USD
USD,2026-02-16,0.8435259384226065,ecb_daily,ECB reference rate: 1 EUR = 1.1855 USD
USD,2026-02-17,0.8455944529003889,ecb_daily,ECB reference rate: 1 EUR = 1.1826 USD
USD,2026-02-18,0.8442380751371886,ecb_daily,ECB reference rate: 1 EUR = 1.1845 USD
USD,2026-02-19,0.8508465923593976,ecb_daily,ECB reference rate: 1 EUR = 1.1753 USD
USD,2026-02-20,0.8498342823149485,ecb_daily,ECB reference rate: 1 EUR = 1.1767 USD
USD,2026-02-23,0.8486082824168365,ecb_daily,ECB reference rate: 1 EUR = 1.1784 USD
USD,2026-02-24,0.8491126772522714,ecb_daily,ECB reference rate: 1 EUR = 1.1777 USD
USD,2026-02-25,0.8486082824168365,ecb_daily,ECB reference rate: 1 EUR = 1.1784 USD
USD,2026-02-26,0.8464533604198409,ecb_daily,ECB reference rate: 1 EUR = 1.1814 USD
USD,2026-02-27,0.847098686997035,ecb_daily,ECB reference rate: 1 EUR = 1.1805 USD
USD,2026-03-02,0.8548469823901522,ecb_daily,ECB reference rate: 1 EUR = 1.1698 USD
USD,2026-03-03,0.8616232982939858,ecb_daily,ECB reference rate: 1 EUR = 1.1606 USD
USD,2026-03-04,0.8584427847883939,ecb_daily,ECB reference rate: 1 EUR = 1.1649 USD
USD,2026-03-05,0.8607333448097779,ecb_daily,ECB reference rate: 1 EUR = 1.1618 USD
USD,2026-03-06,0.8649770781074302,ecb_daily,ECB reference rate: 1 EUR = 1.1561 USD
USD,2026-03-09,0.8654262224145391,ecb_daily,ECB reference rate: 1 EUR = 1.1555 USD
USD,2026-03-10,0.8590327291469806,ecb_daily,ECB reference rate: 1 EUR = 1.1641 USD
USD,2026-03-11,0.8634832915983076,ecb_daily,ECB reference rate: 1 EUR = 1.1581 USD
USD,2026-03-12,0.8660258075690656,ecb_daily,ECB reference rate: 1 EUR = 1.1547 USD
USD,2026-03-13,0.871383757406762,ecb_daily,ECB reference rate: 1 EUR = 1.1476 USD
USD,2026-03-16,0.8712319219376199,ecb_daily,ECB reference rate: 1 EUR = 1.1478 USD
USD,2026-03-17,0.8672274737663689,ecb_daily,ECB reference rate: 1 EUR = 1.1531 USD
USD,2026-03-18,0.8695652173913044,ecb_daily,ECB reference rate: 1 EUR = 1.15 USD
USD,2026-03-19,0.8703977717817042,ecb_daily,ECB reference rate: 1 EUR = 1.1489 USD
USD,2026-03-20,0.8654262224145391,ecb_daily,ECB reference rate: 1 EUR = 1.1555 USD
USD,2026-03-23,0.8623663332183512,ecb_daily,ECB reference rate: 1 EUR = 1.1596 USD
USD,2026-03-24,0.8641548565502938,ecb_daily,ECB reference rate: 1 EUR = 1.1572 USD
USD,2026-03-25,0.862663906142167,ecb_daily,ECB reference rate: 1 EUR = 1.1592 USD
USD,2026-03-26,0.8666262241095416,ecb_daily,ECB reference rate: 1 EUR = 1.1539 USD
